[INFO] Scanning for projects...
[INFO] 
[INFO] -------------------------< iuh.fit:cv-service >-------------------------
[INFO] Building cv-service 1.0-SNAPSHOT
[INFO] --------------------------------[ jar ]---------------------------------
[INFO] 
[INFO] >>> spring-boot-maven-plugin:3.2.5:run (default-cli) > test-compile @ cv-service >>>
[INFO] 
[INFO] --- maven-resources-plugin:3.3.1:resources (default-resources) @ cv-service ---
[INFO] Copying 1 resource from src\main\resources to target\classes
[INFO] Copying 0 resource from src\main\resources to target\classes
[INFO] 
[INFO] --- maven-compiler-plugin:3.11.0:compile (default-compile) @ cv-service ---
[INFO] Nothing to compile - all classes are up to date
[INFO] 
[INFO] --- maven-resources-plugin:3.3.1:testResources (default-testResources) @ cv-service ---
[INFO] skip non existing resourceDirectory D:\KTTKPM_BTL\career-connect-backend\backend\services\cv-service\src\test\resources
[INFO] 
[INFO] --- maven-compiler-plugin:3.11.0:testCompile (default-testCompile) @ cv-service ---
[INFO] No sources to compile
[INFO] 
[INFO] <<< spring-boot-maven-plugin:3.2.5:run (default-cli) < test-compile @ cv-service <<<
[INFO] 
[INFO] 
[INFO] --- spring-boot-maven-plugin:3.2.5:run (default-cli) @ cv-service ---
[INFO] Attaching agents: []

  .   ____          _            __ _ _
 /\\ / ___'_ __ _ _(_)_ __  __ _ \ \ \ \
( ( )\___ | '_ | '_| | '_ \/ _` | \ \ \ \
 \\/  ___)| |_)| | | | | || (_| |  ) ) ) )
  '  |____| .__|_| |_|_| |_\__, | / / / /
 =========|_|==============|___/=/_/_/_/
 :: Spring Boot ::                (v3.2.5)

2026-04-24T00:17:48.171+07:00  INFO 19748 --- [cv-service] [           main] iuh.fit.cvservice.CvServiceApplication   : Starting CvServiceApplication using Java 21.0.9 with PID 19748 (D:\KTTKPM_BTL\career-connect-backend\backend\services\cv-service\target\classes started by Hoang in D:\KTTKPM_BTL\career-connect-backend\backend\services\cv-service)
2026-04-24T00:17:48.181+07:00  INFO 19748 --- [cv-service] [           main] iuh.fit.cvservice.CvServiceApplication   : No active profile set, falling back to 1 default profile: "default"
2026-04-24T00:17:49.810+07:00  INFO 19748 --- [cv-service] [           main] .s.d.r.c.RepositoryConfigurationDelegate : Bootstrapping Spring Data JPA repositories in DEFAULT mode.
2026-04-24T00:17:49.991+07:00  INFO 19748 --- [cv-service] [           main] .s.d.r.c.RepositoryConfigurationDelegate : Finished Spring Data repository scanning in 167 ms. Found 6 JPA repository interfaces.
2026-04-24T00:17:50.358+07:00  INFO 19748 --- [cv-service] [           main] o.s.cloud.context.scope.GenericScope     : BeanFactory id=d0882ced-cc7c-3d42-b958-0a3345b1d4d8
2026-04-24T00:17:50.553+07:00  WARN 19748 --- [cv-service] [           main] trationDelegate$BeanPostProcessorChecker : Bean 'org.springframework.cloud.client.loadbalancer.LoadBalancerAutoConfiguration$DeferringLoadBalancerInterceptorConfig' of type [org.springframework.cloud.client.loadbalancer.LoadBalancerAutoConfiguration$DeferringLoadBalancerInterceptorConfig] is not eligible for getting processed by all BeanPostProcessors (for example: not eligible for auto-proxying). The currently created BeanPostProcessor [lbRestClientPostProcessor] is declared through a non-static factory method on that class; consider declaring it as static instead.
2026-04-24T00:17:50.565+07:00  WARN 19748 --- [cv-service] [           main] trationDelegate$BeanPostProcessorChecker : Bean 'deferringLoadBalancerInterceptor' of type [org.springframework.cloud.client.loadbalancer.DeferringLoadBalancerInterceptor] is not eligible for getting processed by all BeanPostProcessors (for example: not eligible for auto-proxying). Is this bean getting eagerly injected into a currently created BeanPostProcessor [lbRestClientPostProcessor]? Check the corresponding BeanPostProcessor declaration and its dependencies.
2026-04-24T00:17:50.565+07:00  WARN 19748 --- [cv-service] [           main] trationDelegate$BeanPostProcessorChecker : Bean 'org.springframework.cloud.client.loadbalancer.reactive.LoadBalancerBeanPostProcessorAutoConfiguration' of type [org.springframework.cloud.client.loadbalancer.reactive.LoadBalancerBeanPostProcessorAutoConfiguration] is not eligible for getting processed by all BeanPostProcessors (for example: not eligible for auto-proxying). The currently created BeanPostProcessor [loadBalancerWebClientBuilderBeanPostProcessor] is declared through a non-static factory method on that class; consider declaring it as static instead.
2026-04-24T00:17:50.569+07:00  WARN 19748 --- [cv-service] [           main] trationDelegate$BeanPostProcessorChecker : Bean 'org.springframework.cloud.client.loadbalancer.reactive.LoadBalancerBeanPostProcessorAutoConfiguration$ReactorDeferringLoadBalancerFilterConfig' of type [org.springframework.cloud.client.loadbalancer.reactive.LoadBalancerBeanPostProcessorAutoConfiguration$ReactorDeferringLoadBalancerFilterConfig] is not eligible for getting processed by all BeanPostProcessors (for example: not eligible for auto-proxying). Is this bean getting eagerly injected into a currently created BeanPostProcessor [loadBalancerWebClientBuilderBeanPostProcessor]? Check the corresponding BeanPostProcessor declaration and its dependencies.
2026-04-24T00:17:50.572+07:00  WARN 19748 --- [cv-service] [           main] trationDelegate$BeanPostProcessorChecker : Bean 'reactorDeferringLoadBalancerExchangeFilterFunction' of type [org.springframework.cloud.client.loadbalancer.reactive.DeferringLoadBalancerExchangeFilterFunction] is not eligible for getting processed by all BeanPostProcessors (for example: not eligible for auto-proxying). Is this bean getting eagerly injected into a currently created BeanPostProcessor [loadBalancerWebClientBuilderBeanPostProcessor]? Check the corresponding BeanPostProcessor declaration and its dependencies.
2026-04-24T00:17:50.784+07:00  INFO 19748 --- [cv-service] [           main] o.s.b.w.embedded.tomcat.TomcatWebServer  : Tomcat initialized with port 8087 (http)
2026-04-24T00:17:50.803+07:00  INFO 19748 --- [cv-service] [           main] o.apache.catalina.core.StandardService   : Starting service [Tomcat]
2026-04-24T00:17:50.807+07:00  INFO 19748 --- [cv-service] [           main] o.apache.catalina.core.StandardEngine    : Starting Servlet engine: [Apache Tomcat/10.1.20]
2026-04-24T00:17:50.911+07:00  INFO 19748 --- [cv-service] [           main] o.a.c.c.C.[Tomcat].[localhost].[/]       : Initializing Spring embedded WebApplicationContext
2026-04-24T00:17:50.919+07:00  INFO 19748 --- [cv-service] [           main] w.s.c.ServletWebServerApplicationContext : Root WebApplicationContext: initialization completed in 2207 ms
2026-04-24T00:17:51.090+07:00  INFO 19748 --- [cv-service] [           main] o.hibernate.jpa.internal.util.LogHelper  : HHH000204: Processing PersistenceUnitInfo [name: default]
2026-04-24T00:17:51.215+07:00  INFO 19748 --- [cv-service] [           main] org.hibernate.Version                    : HHH000412: Hibernate ORM core version 6.4.4.Final
2026-04-24T00:17:51.253+07:00  INFO 19748 --- [cv-service] [           main] o.h.c.internal.RegionFactoryInitiator    : HHH000026: Second-level cache disabled
2026-04-24T00:17:51.572+07:00  INFO 19748 --- [cv-service] [           main] o.s.o.j.p.SpringPersistenceUnitInfo      : No LoadTimeWeaver setup: ignoring JPA class transformer
2026-04-24T00:17:51.599+07:00  INFO 19748 --- [cv-service] [           main] com.zaxxer.hikari.HikariDataSource       : HikariPool-1 - Starting...
2026-04-24T00:17:51.774+07:00  INFO 19748 --- [cv-service] [           main] com.zaxxer.hikari.pool.HikariPool        : HikariPool-1 - Added connection org.postgresql.jdbc.PgConnection@6ceb11f9
2026-04-24T00:17:51.776+07:00  INFO 19748 --- [cv-service] [           main] com.zaxxer.hikari.HikariDataSource       : HikariPool-1 - Start completed.
2026-04-24T00:17:53.241+07:00  INFO 19748 --- [cv-service] [           main] o.h.e.t.j.p.i.JtaPlatformInitiator       : HHH000489: No JTA platform available (set 'hibernate.transaction.jta.platform' to enable JTA platform integration)
Hibernate: alter table if exists cv_certificates alter column id set data type uuid
2026-04-24T00:17:53.331+07:00  WARN 19748 --- [cv-service] [           main] o.h.t.s.i.ExceptionHandlerLoggedImpl     : GenerationTarget encountered exception accepting command : Error executing DDL "alter table if exists cv_certificates alter column id set data type uuid" via JDBC [ERROR: column "id" cannot be cast automatically to type uuid
  Hint: You might need to specify "USING id::uuid".]

org.hibernate.tool.schema.spi.CommandAcceptanceException: Error executing DDL "alter table if exists cv_certificates alter column id set data type uuid" via JDBC [ERROR: column "id" cannot be cast automatically to type uuid
  Hint: You might need to specify "USING id::uuid".]
	at org.hibernate.tool.schema.internal.exec.GenerationTargetToDatabase.accept(GenerationTargetToDatabase.java:94) ~[hibernate-core-6.4.4.Final.jar:6.4.4.Final]
	at org.hibernate.tool.schema.internal.AbstractSchemaMigrator.applySqlString(AbstractSchemaMigrator.java:574) ~[hibernate-core-6.4.4.Final.jar:6.4.4.Final]
	at org.hibernate.tool.schema.internal.AbstractSchemaMigrator.applySqlStrings(AbstractSchemaMigrator.java:514) ~[hibernate-core-6.4.4.Final.jar:6.4.4.Final]
	at org.hibernate.tool.schema.internal.AbstractSchemaMigrator.migrateTable(AbstractSchemaMigrator.java:333) ~[hibernate-core-6.4.4.Final.jar:6.4.4.Final]
	at org.hibernate.tool.schema.internal.GroupedSchemaMigratorImpl.performTablesMigration(GroupedSchemaMigratorImpl.java:84) ~[hibernate-core-6.4.4.Final.jar:6.4.4.Final]
	at org.hibernate.tool.schema.internal.AbstractSchemaMigrator.performMigration(AbstractSchemaMigrator.java:232) ~[hibernate-core-6.4.4.Final.jar:6.4.4.Final]
	at org.hibernate.tool.schema.internal.AbstractSchemaMigrator.doMigration(AbstractSchemaMigrator.java:117) ~[hibernate-core-6.4.4.Final.jar:6.4.4.Final]
	at org.hibernate.tool.schema.spi.SchemaManagementToolCoordinator.performDatabaseAction(SchemaManagementToolCoordinator.java:286) ~[hibernate-core-6.4.4.Final.jar:6.4.4.Final]
	at org.hibernate.tool.schema.spi.SchemaManagementToolCoordinator.lambda$process$5(SchemaManagementToolCoordinator.java:145) ~[hibernate-core-6.4.4.Final.jar:6.4.4.Final]
	at java.base/java.util.HashMap.forEach(HashMap.java:1429) ~[na:na]
	at org.hibernate.tool.schema.spi.SchemaManagementToolCoordinator.process(SchemaManagementToolCoordinator.java:142) ~[hibernate-core-6.4.4.Final.jar:6.4.4.Final]
	at org.hibernate.boot.internal.SessionFactoryObserverForSchemaExport.sessionFactoryCreated(SessionFactoryObserverForSchemaExport.java:37) ~[hibernate-core-6.4.4.Final.jar:6.4.4.Final]
	at org.hibernate.internal.SessionFactoryObserverChain.sessionFactoryCreated(SessionFactoryObserverChain.java:35) ~[hibernate-core-6.4.4.Final.jar:6.4.4.Final]
	at org.hibernate.internal.SessionFactoryImpl.<init>(SessionFactoryImpl.java:315) ~[hibernate-core-6.4.4.Final.jar:6.4.4.Final]
	at org.hibernate.boot.internal.SessionFactoryBuilderImpl.build(SessionFactoryBuilderImpl.java:450) ~[hibernate-core-6.4.4.Final.jar:6.4.4.Final]
	at org.hibernate.jpa.boot.internal.EntityManagerFactoryBuilderImpl.build(EntityManagerFactoryBuilderImpl.java:1507) ~[hibernate-core-6.4.4.Final.jar:6.4.4.Final]
	at org.springframework.orm.jpa.vendor.SpringHibernateJpaPersistenceProvider.createContainerEntityManagerFactory(SpringHibernateJpaPersistenceProvider.java:75) ~[spring-orm-6.1.6.jar:6.1.6]
	at org.springframework.orm.jpa.LocalContainerEntityManagerFactoryBean.createNativeEntityManagerFactory(LocalContainerEntityManagerFactoryBean.java:390) ~[spring-orm-6.1.6.jar:6.1.6]
	at org.springframework.orm.jpa.AbstractEntityManagerFactoryBean.buildNativeEntityManagerFactory(AbstractEntityManagerFactoryBean.java:409) ~[spring-orm-6.1.6.jar:6.1.6]
	at org.springframework.orm.jpa.AbstractEntityManagerFactoryBean.afterPropertiesSet(AbstractEntityManagerFactoryBean.java:396) ~[spring-orm-6.1.6.jar:6.1.6]
	at org.springframework.orm.jpa.LocalContainerEntityManagerFactoryBean.afterPropertiesSet(LocalContainerEntityManagerFactoryBean.java:366) ~[spring-orm-6.1.6.jar:6.1.6]
	at org.springframework.beans.factory.support.AbstractAutowireCapableBeanFactory.invokeInitMethods(AbstractAutowireCapableBeanFactory.java:1833) ~[spring-beans-6.1.6.jar:6.1.6]
	at org.springframework.beans.factory.support.AbstractAutowireCapableBeanFactory.initializeBean(AbstractAutowireCapableBeanFactory.java:1782) ~[spring-beans-6.1.6.jar:6.1.6]
	at org.springframework.beans.factory.support.AbstractAutowireCapableBeanFactory.doCreateBean(AbstractAutowireCapableBeanFactory.java:600) ~[spring-beans-6.1.6.jar:6.1.6]
	at org.springframework.beans.factory.support.AbstractAutowireCapableBeanFactory.createBean(AbstractAutowireCapableBeanFactory.java:522) ~[spring-beans-6.1.6.jar:6.1.6]
	at org.springframework.beans.factory.support.AbstractBeanFactory.lambda$doGetBean$0(AbstractBeanFactory.java:326) ~[spring-beans-6.1.6.jar:6.1.6]
	at org.springframework.beans.factory.support.DefaultSingletonBeanRegistry.getSingleton(DefaultSingletonBeanRegistry.java:234) ~[spring-beans-6.1.6.jar:6.1.6]
	at org.springframework.beans.factory.support.AbstractBeanFactory.doGetBean(AbstractBeanFactory.java:324) ~[spring-beans-6.1.6.jar:6.1.6]
	at org.springframework.beans.factory.support.AbstractBeanFactory.getBean(AbstractBeanFactory.java:200) ~[spring-beans-6.1.6.jar:6.1.6]
	at org.springframework.context.support.AbstractApplicationContext.getBean(AbstractApplicationContext.java:1234) ~[spring-context-6.1.6.jar:6.1.6]
	at org.springframework.context.support.AbstractApplicationContext.finishBeanFactoryInitialization(AbstractApplicationContext.java:952) ~[spring-context-6.1.6.jar:6.1.6]
	at org.springframework.context.support.AbstractApplicationContext.refresh(AbstractApplicationContext.java:624) ~[spring-context-6.1.6.jar:6.1.6]
	at org.springframework.boot.web.servlet.context.ServletWebServerApplicationContext.refresh(ServletWebServerApplicationContext.java:146) ~[spring-boot-3.2.5.jar:3.2.5]
	at org.springframework.boot.SpringApplication.refresh(SpringApplication.java:754) ~[spring-boot-3.2.5.jar:3.2.5]
	at org.springframework.boot.SpringApplication.refreshContext(SpringApplication.java:456) ~[spring-boot-3.2.5.jar:3.2.5]
	at org.springframework.boot.SpringApplication.run(SpringApplication.java:334) ~[spring-boot-3.2.5.jar:3.2.5]
	at org.springframework.boot.SpringApplication.run(SpringApplication.java:1354) ~[spring-boot-3.2.5.jar:3.2.5]
	at org.springframework.boot.SpringApplication.run(SpringApplication.java:1343) ~[spring-boot-3.2.5.jar:3.2.5]
	at iuh.fit.cvservice.CvServiceApplication.main(CvServiceApplication.java:11) ~[classes/:na]
Caused by: org.postgresql.util.PSQLException: ERROR: column "id" cannot be cast automatically to type uuid
  Hint: You might need to specify "USING id::uuid".
	at org.postgresql.core.v3.QueryExecutorImpl.receiveErrorResponse(QueryExecutorImpl.java:2713) ~[postgresql-42.6.2.jar:42.6.2]
	at org.postgresql.core.v3.QueryExecutorImpl.processResults(QueryExecutorImpl.java:2401) ~[postgresql-42.6.2.jar:42.6.2]
	at org.postgresql.core.v3.QueryExecutorImpl.execute(QueryExecutorImpl.java:368) ~[postgresql-42.6.2.jar:42.6.2]
	at org.postgresql.jdbc.PgStatement.executeInternal(PgStatement.java:498) ~[postgresql-42.6.2.jar:42.6.2]
	at org.postgresql.jdbc.PgStatement.execute(PgStatement.java:415) ~[postgresql-42.6.2.jar:42.6.2]
	at org.postgresql.jdbc.PgStatement.executeWithFlags(PgStatement.java:335) ~[postgresql-42.6.2.jar:42.6.2]
	at org.postgresql.jdbc.PgStatement.executeCachedSql(PgStatement.java:321) ~[postgresql-42.6.2.jar:42.6.2]
	at org.postgresql.jdbc.PgStatement.executeWithFlags(PgStatement.java:297) ~[postgresql-42.6.2.jar:42.6.2]
	at org.postgresql.jdbc.PgStatement.execute(PgStatement.java:292) ~[postgresql-42.6.2.jar:42.6.2]
	at com.zaxxer.hikari.pool.ProxyStatement.execute(ProxyStatement.java:94) ~[HikariCP-5.0.1.jar:na]
	at com.zaxxer.hikari.pool.HikariProxyStatement.execute(HikariProxyStatement.java) ~[HikariCP-5.0.1.jar:na]
	at org.hibernate.tool.schema.internal.exec.GenerationTargetToDatabase.accept(GenerationTargetToDatabase.java:80) ~[hibernate-core-6.4.4.Final.jar:6.4.4.Final]
	... 38 common frames omitted

Hibernate: alter table if exists cv_educations alter column id set data type uuid
2026-04-24T00:17:53.342+07:00  WARN 19748 --- [cv-service] [           main] o.h.t.s.i.ExceptionHandlerLoggedImpl     : GenerationTarget encountered exception accepting command : Error executing DDL "alter table if exists cv_educations alter column id set data type uuid" via JDBC [ERROR: column "id" cannot be cast automatically to type uuid
  Hint: You might need to specify "USING id::uuid".]

org.hibernate.tool.schema.spi.CommandAcceptanceException: Error executing DDL "alter table if exists cv_educations alter column id set data type uuid" via JDBC [ERROR: column "id" cannot be cast automatically to type uuid
  Hint: You might need to specify "USING id::uuid".]
	at org.hibernate.tool.schema.internal.exec.GenerationTargetToDatabase.accept(GenerationTargetToDatabase.java:94) ~[hibernate-core-6.4.4.Final.jar:6.4.4.Final]
	at org.hibernate.tool.schema.internal.AbstractSchemaMigrator.applySqlString(AbstractSchemaMigrator.java:574) ~[hibernate-core-6.4.4.Final.jar:6.4.4.Final]
	at org.hibernate.tool.schema.internal.AbstractSchemaMigrator.applySqlStrings(AbstractSchemaMigrator.java:514) ~[hibernate-core-6.4.4.Final.jar:6.4.4.Final]
	at org.hibernate.tool.schema.internal.AbstractSchemaMigrator.migrateTable(AbstractSchemaMigrator.java:333) ~[hibernate-core-6.4.4.Final.jar:6.4.4.Final]
	at org.hibernate.tool.schema.internal.GroupedSchemaMigratorImpl.performTablesMigration(GroupedSchemaMigratorImpl.java:84) ~[hibernate-core-6.4.4.Final.jar:6.4.4.Final]
	at org.hibernate.tool.schema.internal.AbstractSchemaMigrator.performMigration(AbstractSchemaMigrator.java:232) ~[hibernate-core-6.4.4.Final.jar:6.4.4.Final]
	at org.hibernate.tool.schema.internal.AbstractSchemaMigrator.doMigration(AbstractSchemaMigrator.java:117) ~[hibernate-core-6.4.4.Final.jar:6.4.4.Final]
	at org.hibernate.tool.schema.spi.SchemaManagementToolCoordinator.performDatabaseAction(SchemaManagementToolCoordinator.java:286) ~[hibernate-core-6.4.4.Final.jar:6.4.4.Final]
	at org.hibernate.tool.schema.spi.SchemaManagementToolCoordinator.lambda$process$5(SchemaManagementToolCoordinator.java:145) ~[hibernate-core-6.4.4.Final.jar:6.4.4.Final]
	at java.base/java.util.HashMap.forEach(HashMap.java:1429) ~[na:na]
	at org.hibernate.tool.schema.spi.SchemaManagementToolCoordinator.process(SchemaManagementToolCoordinator.java:142) ~[hibernate-core-6.4.4.Final.jar:6.4.4.Final]
	at org.hibernate.boot.internal.SessionFactoryObserverForSchemaExport.sessionFactoryCreated(SessionFactoryObserverForSchemaExport.java:37) ~[hibernate-core-6.4.4.Final.jar:6.4.4.Final]
	at org.hibernate.internal.SessionFactoryObserverChain.sessionFactoryCreated(SessionFactoryObserverChain.java:35) ~[hibernate-core-6.4.4.Final.jar:6.4.4.Final]
	at org.hibernate.internal.SessionFactoryImpl.<init>(SessionFactoryImpl.java:315) ~[hibernate-core-6.4.4.Final.jar:6.4.4.Final]
	at org.hibernate.boot.internal.SessionFactoryBuilderImpl.build(SessionFactoryBuilderImpl.java:450) ~[hibernate-core-6.4.4.Final.jar:6.4.4.Final]
	at org.hibernate.jpa.boot.internal.EntityManagerFactoryBuilderImpl.build(EntityManagerFactoryBuilderImpl.java:1507) ~[hibernate-core-6.4.4.Final.jar:6.4.4.Final]
	at org.springframework.orm.jpa.vendor.SpringHibernateJpaPersistenceProvider.createContainerEntityManagerFactory(SpringHibernateJpaPersistenceProvider.java:75) ~[spring-orm-6.1.6.jar:6.1.6]
	at org.springframework.orm.jpa.LocalContainerEntityManagerFactoryBean.createNativeEntityManagerFactory(LocalContainerEntityManagerFactoryBean.java:390) ~[spring-orm-6.1.6.jar:6.1.6]
	at org.springframework.orm.jpa.AbstractEntityManagerFactoryBean.buildNativeEntityManagerFactory(AbstractEntityManagerFactoryBean.java:409) ~[spring-orm-6.1.6.jar:6.1.6]
	at org.springframework.orm.jpa.AbstractEntityManagerFactoryBean.afterPropertiesSet(AbstractEntityManagerFactoryBean.java:396) ~[spring-orm-6.1.6.jar:6.1.6]
	at org.springframework.orm.jpa.LocalContainerEntityManagerFactoryBean.afterPropertiesSet(LocalContainerEntityManagerFactoryBean.java:366) ~[spring-orm-6.1.6.jar:6.1.6]
	at org.springframework.beans.factory.support.AbstractAutowireCapableBeanFactory.invokeInitMethods(AbstractAutowireCapableBeanFactory.java:1833) ~[spring-beans-6.1.6.jar:6.1.6]
	at org.springframework.beans.factory.support.AbstractAutowireCapableBeanFactory.initializeBean(AbstractAutowireCapableBeanFactory.java:1782) ~[spring-beans-6.1.6.jar:6.1.6]
	at org.springframework.beans.factory.support.AbstractAutowireCapableBeanFactory.doCreateBean(AbstractAutowireCapableBeanFactory.java:600) ~[spring-beans-6.1.6.jar:6.1.6]
	at org.springframework.beans.factory.support.AbstractAutowireCapableBeanFactory.createBean(AbstractAutowireCapableBeanFactory.java:522) ~[spring-beans-6.1.6.jar:6.1.6]
	at org.springframework.beans.factory.support.AbstractBeanFactory.lambda$doGetBean$0(AbstractBeanFactory.java:326) ~[spring-beans-6.1.6.jar:6.1.6]
	at org.springframework.beans.factory.support.DefaultSingletonBeanRegistry.getSingleton(DefaultSingletonBeanRegistry.java:234) ~[spring-beans-6.1.6.jar:6.1.6]
	at org.springframework.beans.factory.support.AbstractBeanFactory.doGetBean(AbstractBeanFactory.java:324) ~[spring-beans-6.1.6.jar:6.1.6]
	at org.springframework.beans.factory.support.AbstractBeanFactory.getBean(AbstractBeanFactory.java:200) ~[spring-beans-6.1.6.jar:6.1.6]
	at org.springframework.context.support.AbstractApplicationContext.getBean(AbstractApplicationContext.java:1234) ~[spring-context-6.1.6.jar:6.1.6]
	at org.springframework.context.support.AbstractApplicationContext.finishBeanFactoryInitialization(AbstractApplicationContext.java:952) ~[spring-context-6.1.6.jar:6.1.6]
	at org.springframework.context.support.AbstractApplicationContext.refresh(AbstractApplicationContext.java:624) ~[spring-context-6.1.6.jar:6.1.6]
	at org.springframework.boot.web.servlet.context.ServletWebServerApplicationContext.refresh(ServletWebServerApplicationContext.java:146) ~[spring-boot-3.2.5.jar:3.2.5]
	at org.springframework.boot.SpringApplication.refresh(SpringApplication.java:754) ~[spring-boot-3.2.5.jar:3.2.5]
	at org.springframework.boot.SpringApplication.refreshContext(SpringApplication.java:456) ~[spring-boot-3.2.5.jar:3.2.5]
	at org.springframework.boot.SpringApplication.run(SpringApplication.java:334) ~[spring-boot-3.2.5.jar:3.2.5]
	at org.springframework.boot.SpringApplication.run(SpringApplication.java:1354) ~[spring-boot-3.2.5.jar:3.2.5]
	at org.springframework.boot.SpringApplication.run(SpringApplication.java:1343) ~[spring-boot-3.2.5.jar:3.2.5]
	at iuh.fit.cvservice.CvServiceApplication.main(CvServiceApplication.java:11) ~[classes/:na]
Caused by: org.postgresql.util.PSQLException: ERROR: column "id" cannot be cast automatically to type uuid
  Hint: You might need to specify "USING id::uuid".
	at org.postgresql.core.v3.QueryExecutorImpl.receiveErrorResponse(QueryExecutorImpl.java:2713) ~[postgresql-42.6.2.jar:42.6.2]
	at org.postgresql.core.v3.QueryExecutorImpl.processResults(QueryExecutorImpl.java:2401) ~[postgresql-42.6.2.jar:42.6.2]
	at org.postgresql.core.v3.QueryExecutorImpl.execute(QueryExecutorImpl.java:368) ~[postgresql-42.6.2.jar:42.6.2]
	at org.postgresql.jdbc.PgStatement.executeInternal(PgStatement.java:498) ~[postgresql-42.6.2.jar:42.6.2]
	at org.postgresql.jdbc.PgStatement.execute(PgStatement.java:415) ~[postgresql-42.6.2.jar:42.6.2]
	at org.postgresql.jdbc.PgStatement.executeWithFlags(PgStatement.java:335) ~[postgresql-42.6.2.jar:42.6.2]
	at org.postgresql.jdbc.PgStatement.executeCachedSql(PgStatement.java:321) ~[postgresql-42.6.2.jar:42.6.2]
	at org.postgresql.jdbc.PgStatement.executeWithFlags(PgStatement.java:297) ~[postgresql-42.6.2.jar:42.6.2]
	at org.postgresql.jdbc.PgStatement.execute(PgStatement.java:292) ~[postgresql-42.6.2.jar:42.6.2]
	at com.zaxxer.hikari.pool.ProxyStatement.execute(ProxyStatement.java:94) ~[HikariCP-5.0.1.jar:na]
	at com.zaxxer.hikari.pool.HikariProxyStatement.execute(HikariProxyStatement.java) ~[HikariCP-5.0.1.jar:na]
	at org.hibernate.tool.schema.internal.exec.GenerationTargetToDatabase.accept(GenerationTargetToDatabase.java:80) ~[hibernate-core-6.4.4.Final.jar:6.4.4.Final]
	... 38 common frames omitted

Hibernate: alter table if exists cv_experiences alter column id set data type uuid
2026-04-24T00:17:53.342+07:00  WARN 19748 --- [cv-service] [           main] o.h.t.s.i.ExceptionHandlerLoggedImpl     : GenerationTarget encountered exception accepting command : Error executing DDL "alter table if exists cv_experiences alter column id set data type uuid" via JDBC [ERROR: column "id" cannot be cast automatically to type uuid
  Hint: You might need to specify "USING id::uuid".]

org.hibernate.tool.schema.spi.CommandAcceptanceException: Error executing DDL "alter table if exists cv_experiences alter column id set data type uuid" via JDBC [ERROR: column "id" cannot be cast automatically to type uuid
  Hint: You might need to specify "USING id::uuid".]
	at org.hibernate.tool.schema.internal.exec.GenerationTargetToDatabase.accept(GenerationTargetToDatabase.java:94) ~[hibernate-core-6.4.4.Final.jar:6.4.4.Final]
	at org.hibernate.tool.schema.internal.AbstractSchemaMigrator.applySqlString(AbstractSchemaMigrator.java:574) ~[hibernate-core-6.4.4.Final.jar:6.4.4.Final]
	at org.hibernate.tool.schema.internal.AbstractSchemaMigrator.applySqlStrings(AbstractSchemaMigrator.java:514) ~[hibernate-core-6.4.4.Final.jar:6.4.4.Final]
	at org.hibernate.tool.schema.internal.AbstractSchemaMigrator.migrateTable(AbstractSchemaMigrator.java:333) ~[hibernate-core-6.4.4.Final.jar:6.4.4.Final]
	at org.hibernate.tool.schema.internal.GroupedSchemaMigratorImpl.performTablesMigration(GroupedSchemaMigratorImpl.java:84) ~[hibernate-core-6.4.4.Final.jar:6.4.4.Final]
	at org.hibernate.tool.schema.internal.AbstractSchemaMigrator.performMigration(AbstractSchemaMigrator.java:232) ~[hibernate-core-6.4.4.Final.jar:6.4.4.Final]
	at org.hibernate.tool.schema.internal.AbstractSchemaMigrator.doMigration(AbstractSchemaMigrator.java:117) ~[hibernate-core-6.4.4.Final.jar:6.4.4.Final]
	at org.hibernate.tool.schema.spi.SchemaManagementToolCoordinator.performDatabaseAction(SchemaManagementToolCoordinator.java:286) ~[hibernate-core-6.4.4.Final.jar:6.4.4.Final]
	at org.hibernate.tool.schema.spi.SchemaManagementToolCoordinator.lambda$process$5(SchemaManagementToolCoordinator.java:145) ~[hibernate-core-6.4.4.Final.jar:6.4.4.Final]
	at java.base/java.util.HashMap.forEach(HashMap.java:1429) ~[na:na]
	at org.hibernate.tool.schema.spi.SchemaManagementToolCoordinator.process(SchemaManagementToolCoordinator.java:142) ~[hibernate-core-6.4.4.Final.jar:6.4.4.Final]
	at org.hibernate.boot.internal.SessionFactoryObserverForSchemaExport.sessionFactoryCreated(SessionFactoryObserverForSchemaExport.java:37) ~[hibernate-core-6.4.4.Final.jar:6.4.4.Final]
	at org.hibernate.internal.SessionFactoryObserverChain.sessionFactoryCreated(SessionFactoryObserverChain.java:35) ~[hibernate-core-6.4.4.Final.jar:6.4.4.Final]
	at org.hibernate.internal.SessionFactoryImpl.<init>(SessionFactoryImpl.java:315) ~[hibernate-core-6.4.4.Final.jar:6.4.4.Final]
	at org.hibernate.boot.internal.SessionFactoryBuilderImpl.build(SessionFactoryBuilderImpl.java:450) ~[hibernate-core-6.4.4.Final.jar:6.4.4.Final]
	at org.hibernate.jpa.boot.internal.EntityManagerFactoryBuilderImpl.build(EntityManagerFactoryBuilderImpl.java:1507) ~[hibernate-core-6.4.4.Final.jar:6.4.4.Final]
	at org.springframework.orm.jpa.vendor.SpringHibernateJpaPersistenceProvider.createContainerEntityManagerFactory(SpringHibernateJpaPersistenceProvider.java:75) ~[spring-orm-6.1.6.jar:6.1.6]
	at org.springframework.orm.jpa.LocalContainerEntityManagerFactoryBean.createNativeEntityManagerFactory(LocalContainerEntityManagerFactoryBean.java:390) ~[spring-orm-6.1.6.jar:6.1.6]
	at org.springframework.orm.jpa.AbstractEntityManagerFactoryBean.buildNativeEntityManagerFactory(AbstractEntityManagerFactoryBean.java:409) ~[spring-orm-6.1.6.jar:6.1.6]
	at org.springframework.orm.jpa.AbstractEntityManagerFactoryBean.afterPropertiesSet(AbstractEntityManagerFactoryBean.java:396) ~[spring-orm-6.1.6.jar:6.1.6]
	at org.springframework.orm.jpa.LocalContainerEntityManagerFactoryBean.afterPropertiesSet(LocalContainerEntityManagerFactoryBean.java:366) ~[spring-orm-6.1.6.jar:6.1.6]
	at org.springframework.beans.factory.support.AbstractAutowireCapableBeanFactory.invokeInitMethods(AbstractAutowireCapableBeanFactory.java:1833) ~[spring-beans-6.1.6.jar:6.1.6]
	at org.springframework.beans.factory.support.AbstractAutowireCapableBeanFactory.initializeBean(AbstractAutowireCapableBeanFactory.java:1782) ~[spring-beans-6.1.6.jar:6.1.6]
	at org.springframework.beans.factory.support.AbstractAutowireCapableBeanFactory.doCreateBean(AbstractAutowireCapableBeanFactory.java:600) ~[spring-beans-6.1.6.jar:6.1.6]
	at org.springframework.beans.factory.support.AbstractAutowireCapableBeanFactory.createBean(AbstractAutowireCapableBeanFactory.java:522) ~[spring-beans-6.1.6.jar:6.1.6]
	at org.springframework.beans.factory.support.AbstractBeanFactory.lambda$doGetBean$0(AbstractBeanFactory.java:326) ~[spring-beans-6.1.6.jar:6.1.6]
	at org.springframework.beans.factory.support.DefaultSingletonBeanRegistry.getSingleton(DefaultSingletonBeanRegistry.java:234) ~[spring-beans-6.1.6.jar:6.1.6]
	at org.springframework.beans.factory.support.AbstractBeanFactory.doGetBean(AbstractBeanFactory.java:324) ~[spring-beans-6.1.6.jar:6.1.6]
	at org.springframework.beans.factory.support.AbstractBeanFactory.getBean(AbstractBeanFactory.java:200) ~[spring-beans-6.1.6.jar:6.1.6]
	at org.springframework.context.support.AbstractApplicationContext.getBean(AbstractApplicationContext.java:1234) ~[spring-context-6.1.6.jar:6.1.6]
	at org.springframework.context.support.AbstractApplicationContext.finishBeanFactoryInitialization(AbstractApplicationContext.java:952) ~[spring-context-6.1.6.jar:6.1.6]
	at org.springframework.context.support.AbstractApplicationContext.refresh(AbstractApplicationContext.java:624) ~[spring-context-6.1.6.jar:6.1.6]
	at org.springframework.boot.web.servlet.context.ServletWebServerApplicationContext.refresh(ServletWebServerApplicationContext.java:146) ~[spring-boot-3.2.5.jar:3.2.5]
	at org.springframework.boot.SpringApplication.refresh(SpringApplication.java:754) ~[spring-boot-3.2.5.jar:3.2.5]
	at org.springframework.boot.SpringApplication.refreshContext(SpringApplication.java:456) ~[spring-boot-3.2.5.jar:3.2.5]
	at org.springframework.boot.SpringApplication.run(SpringApplication.java:334) ~[spring-boot-3.2.5.jar:3.2.5]
	at org.springframework.boot.SpringApplication.run(SpringApplication.java:1354) ~[spring-boot-3.2.5.jar:3.2.5]
	at org.springframework.boot.SpringApplication.run(SpringApplication.java:1343) ~[spring-boot-3.2.5.jar:3.2.5]
	at iuh.fit.cvservice.CvServiceApplication.main(CvServiceApplication.java:11) ~[classes/:na]
Caused by: org.postgresql.util.PSQLException: ERROR: column "id" cannot be cast automatically to type uuid
  Hint: You might need to specify "USING id::uuid".
	at org.postgresql.core.v3.QueryExecutorImpl.receiveErrorResponse(QueryExecutorImpl.java:2713) ~[postgresql-42.6.2.jar:42.6.2]
	at org.postgresql.core.v3.QueryExecutorImpl.processResults(QueryExecutorImpl.java:2401) ~[postgresql-42.6.2.jar:42.6.2]
	at org.postgresql.core.v3.QueryExecutorImpl.execute(QueryExecutorImpl.java:368) ~[postgresql-42.6.2.jar:42.6.2]
	at org.postgresql.jdbc.PgStatement.executeInternal(PgStatement.java:498) ~[postgresql-42.6.2.jar:42.6.2]
	at org.postgresql.jdbc.PgStatement.execute(PgStatement.java:415) ~[postgresql-42.6.2.jar:42.6.2]
	at org.postgresql.jdbc.PgStatement.executeWithFlags(PgStatement.java:335) ~[postgresql-42.6.2.jar:42.6.2]
	at org.postgresql.jdbc.PgStatement.executeCachedSql(PgStatement.java:321) ~[postgresql-42.6.2.jar:42.6.2]
	at org.postgresql.jdbc.PgStatement.executeWithFlags(PgStatement.java:297) ~[postgresql-42.6.2.jar:42.6.2]
	at org.postgresql.jdbc.PgStatement.execute(PgStatement.java:292) ~[postgresql-42.6.2.jar:42.6.2]
	at com.zaxxer.hikari.pool.ProxyStatement.execute(ProxyStatement.java:94) ~[HikariCP-5.0.1.jar:na]
	at com.zaxxer.hikari.pool.HikariProxyStatement.execute(HikariProxyStatement.java) ~[HikariCP-5.0.1.jar:na]
	at org.hibernate.tool.schema.internal.exec.GenerationTargetToDatabase.accept(GenerationTargetToDatabase.java:80) ~[hibernate-core-6.4.4.Final.jar:6.4.4.Final]
	... 38 common frames omitted

Hibernate: alter table if exists cv_projects alter column id set data type uuid
2026-04-24T00:17:53.346+07:00  WARN 19748 --- [cv-service] [           main] o.h.t.s.i.ExceptionHandlerLoggedImpl     : GenerationTarget encountered exception accepting command : Error executing DDL "alter table if exists cv_projects alter column id set data type uuid" via JDBC [ERROR: column "id" cannot be cast automatically to type uuid
  Hint: You might need to specify "USING id::uuid".]

org.hibernate.tool.schema.spi.CommandAcceptanceException: Error executing DDL "alter table if exists cv_projects alter column id set data type uuid" via JDBC [ERROR: column "id" cannot be cast automatically to type uuid
  Hint: You might need to specify "USING id::uuid".]
	at org.hibernate.tool.schema.internal.exec.GenerationTargetToDatabase.accept(GenerationTargetToDatabase.java:94) ~[hibernate-core-6.4.4.Final.jar:6.4.4.Final]
	at org.hibernate.tool.schema.internal.AbstractSchemaMigrator.applySqlString(AbstractSchemaMigrator.java:574) ~[hibernate-core-6.4.4.Final.jar:6.4.4.Final]
	at org.hibernate.tool.schema.internal.AbstractSchemaMigrator.applySqlStrings(AbstractSchemaMigrator.java:514) ~[hibernate-core-6.4.4.Final.jar:6.4.4.Final]
	at org.hibernate.tool.schema.internal.AbstractSchemaMigrator.migrateTable(AbstractSchemaMigrator.java:333) ~[hibernate-core-6.4.4.Final.jar:6.4.4.Final]
	at org.hibernate.tool.schema.internal.GroupedSchemaMigratorImpl.performTablesMigration(GroupedSchemaMigratorImpl.java:84) ~[hibernate-core-6.4.4.Final.jar:6.4.4.Final]
	at org.hibernate.tool.schema.internal.AbstractSchemaMigrator.performMigration(AbstractSchemaMigrator.java:232) ~[hibernate-core-6.4.4.Final.jar:6.4.4.Final]
	at org.hibernate.tool.schema.internal.AbstractSchemaMigrator.doMigration(AbstractSchemaMigrator.java:117) ~[hibernate-core-6.4.4.Final.jar:6.4.4.Final]
	at org.hibernate.tool.schema.spi.SchemaManagementToolCoordinator.performDatabaseAction(SchemaManagementToolCoordinator.java:286) ~[hibernate-core-6.4.4.Final.jar:6.4.4.Final]
	at org.hibernate.tool.schema.spi.SchemaManagementToolCoordinator.lambda$process$5(SchemaManagementToolCoordinator.java:145) ~[hibernate-core-6.4.4.Final.jar:6.4.4.Final]
	at java.base/java.util.HashMap.forEach(HashMap.java:1429) ~[na:na]
	at org.hibernate.tool.schema.spi.SchemaManagementToolCoordinator.process(SchemaManagementToolCoordinator.java:142) ~[hibernate-core-6.4.4.Final.jar:6.4.4.Final]
	at org.hibernate.boot.internal.SessionFactoryObserverForSchemaExport.sessionFactoryCreated(SessionFactoryObserverForSchemaExport.java:37) ~[hibernate-core-6.4.4.Final.jar:6.4.4.Final]
	at org.hibernate.internal.SessionFactoryObserverChain.sessionFactoryCreated(SessionFactoryObserverChain.java:35) ~[hibernate-core-6.4.4.Final.jar:6.4.4.Final]
	at org.hibernate.internal.SessionFactoryImpl.<init>(SessionFactoryImpl.java:315) ~[hibernate-core-6.4.4.Final.jar:6.4.4.Final]
	at org.hibernate.boot.internal.SessionFactoryBuilderImpl.build(SessionFactoryBuilderImpl.java:450) ~[hibernate-core-6.4.4.Final.jar:6.4.4.Final]
	at org.hibernate.jpa.boot.internal.EntityManagerFactoryBuilderImpl.build(EntityManagerFactoryBuilderImpl.java:1507) ~[hibernate-core-6.4.4.Final.jar:6.4.4.Final]
	at org.springframework.orm.jpa.vendor.SpringHibernateJpaPersistenceProvider.createContainerEntityManagerFactory(SpringHibernateJpaPersistenceProvider.java:75) ~[spring-orm-6.1.6.jar:6.1.6]
	at org.springframework.orm.jpa.LocalContainerEntityManagerFactoryBean.createNativeEntityManagerFactory(LocalContainerEntityManagerFactoryBean.java:390) ~[spring-orm-6.1.6.jar:6.1.6]
	at org.springframework.orm.jpa.AbstractEntityManagerFactoryBean.buildNativeEntityManagerFactory(AbstractEntityManagerFactoryBean.java:409) ~[spring-orm-6.1.6.jar:6.1.6]
	at org.springframework.orm.jpa.AbstractEntityManagerFactoryBean.afterPropertiesSet(AbstractEntityManagerFactoryBean.java:396) ~[spring-orm-6.1.6.jar:6.1.6]
	at org.springframework.orm.jpa.LocalContainerEntityManagerFactoryBean.afterPropertiesSet(LocalContainerEntityManagerFactoryBean.java:366) ~[spring-orm-6.1.6.jar:6.1.6]
	at org.springframework.beans.factory.support.AbstractAutowireCapableBeanFactory.invokeInitMethods(AbstractAutowireCapableBeanFactory.java:1833) ~[spring-beans-6.1.6.jar:6.1.6]
	at org.springframework.beans.factory.support.AbstractAutowireCapableBeanFactory.initializeBean(AbstractAutowireCapableBeanFactory.java:1782) ~[spring-beans-6.1.6.jar:6.1.6]
	at org.springframework.beans.factory.support.AbstractAutowireCapableBeanFactory.doCreateBean(AbstractAutowireCapableBeanFactory.java:600) ~[spring-beans-6.1.6.jar:6.1.6]
	at org.springframework.beans.factory.support.AbstractAutowireCapableBeanFactory.createBean(AbstractAutowireCapableBeanFactory.java:522) ~[spring-beans-6.1.6.jar:6.1.6]
	at org.springframework.beans.factory.support.AbstractBeanFactory.lambda$doGetBean$0(AbstractBeanFactory.java:326) ~[spring-beans-6.1.6.jar:6.1.6]
	at org.springframework.beans.factory.support.DefaultSingletonBeanRegistry.getSingleton(DefaultSingletonBeanRegistry.java:234) ~[spring-beans-6.1.6.jar:6.1.6]
	at org.springframework.beans.factory.support.AbstractBeanFactory.doGetBean(AbstractBeanFactory.java:324) ~[spring-beans-6.1.6.jar:6.1.6]
	at org.springframework.beans.factory.support.AbstractBeanFactory.getBean(AbstractBeanFactory.java:200) ~[spring-beans-6.1.6.jar:6.1.6]
	at org.springframework.context.support.AbstractApplicationContext.getBean(AbstractApplicationContext.java:1234) ~[spring-context-6.1.6.jar:6.1.6]
	at org.springframework.context.support.AbstractApplicationContext.finishBeanFactoryInitialization(AbstractApplicationContext.java:952) ~[spring-context-6.1.6.jar:6.1.6]
	at org.springframework.context.support.AbstractApplicationContext.refresh(AbstractApplicationContext.java:624) ~[spring-context-6.1.6.jar:6.1.6]
	at org.springframework.boot.web.servlet.context.ServletWebServerApplicationContext.refresh(ServletWebServerApplicationContext.java:146) ~[spring-boot-3.2.5.jar:3.2.5]
	at org.springframework.boot.SpringApplication.refresh(SpringApplication.java:754) ~[spring-boot-3.2.5.jar:3.2.5]
	at org.springframework.boot.SpringApplication.refreshContext(SpringApplication.java:456) ~[spring-boot-3.2.5.jar:3.2.5]
	at org.springframework.boot.SpringApplication.run(SpringApplication.java:334) ~[spring-boot-3.2.5.jar:3.2.5]
	at org.springframework.boot.SpringApplication.run(SpringApplication.java:1354) ~[spring-boot-3.2.5.jar:3.2.5]
	at org.springframework.boot.SpringApplication.run(SpringApplication.java:1343) ~[spring-boot-3.2.5.jar:3.2.5]
	at iuh.fit.cvservice.CvServiceApplication.main(CvServiceApplication.java:11) ~[classes/:na]
Caused by: org.postgresql.util.PSQLException: ERROR: column "id" cannot be cast automatically to type uuid
  Hint: You might need to specify "USING id::uuid".
	at org.postgresql.core.v3.QueryExecutorImpl.receiveErrorResponse(QueryExecutorImpl.java:2713) ~[postgresql-42.6.2.jar:42.6.2]
	at org.postgresql.core.v3.QueryExecutorImpl.processResults(QueryExecutorImpl.java:2401) ~[postgresql-42.6.2.jar:42.6.2]
	at org.postgresql.core.v3.QueryExecutorImpl.execute(QueryExecutorImpl.java:368) ~[postgresql-42.6.2.jar:42.6.2]
	at org.postgresql.jdbc.PgStatement.executeInternal(PgStatement.java:498) ~[postgresql-42.6.2.jar:42.6.2]
	at org.postgresql.jdbc.PgStatement.execute(PgStatement.java:415) ~[postgresql-42.6.2.jar:42.6.2]
	at org.postgresql.jdbc.PgStatement.executeWithFlags(PgStatement.java:335) ~[postgresql-42.6.2.jar:42.6.2]
	at org.postgresql.jdbc.PgStatement.executeCachedSql(PgStatement.java:321) ~[postgresql-42.6.2.jar:42.6.2]
	at org.postgresql.jdbc.PgStatement.executeWithFlags(PgStatement.java:297) ~[postgresql-42.6.2.jar:42.6.2]
	at org.postgresql.jdbc.PgStatement.execute(PgStatement.java:292) ~[postgresql-42.6.2.jar:42.6.2]
	at com.zaxxer.hikari.pool.ProxyStatement.execute(ProxyStatement.java:94) ~[HikariCP-5.0.1.jar:na]
	at com.zaxxer.hikari.pool.HikariProxyStatement.execute(HikariProxyStatement.java) ~[HikariCP-5.0.1.jar:na]
	at org.hibernate.tool.schema.internal.exec.GenerationTargetToDatabase.accept(GenerationTargetToDatabase.java:80) ~[hibernate-core-6.4.4.Final.jar:6.4.4.Final]
	... 38 common frames omitted

Hibernate: alter table if exists cv_skills alter column id set data type uuid
2026-04-24T00:17:53.349+07:00  WARN 19748 --- [cv-service] [           main] o.h.t.s.i.ExceptionHandlerLoggedImpl     : GenerationTarget encountered exception accepting command : Error executing DDL "alter table if exists cv_skills alter column id set data type uuid" via JDBC [ERROR: column "id" cannot be cast automatically to type uuid
  Hint: You might need to specify "USING id::uuid".]

org.hibernate.tool.schema.spi.CommandAcceptanceException: Error executing DDL "alter table if exists cv_skills alter column id set data type uuid" via JDBC [ERROR: column "id" cannot be cast automatically to type uuid
  Hint: You might need to specify "USING id::uuid".]
	at org.hibernate.tool.schema.internal.exec.GenerationTargetToDatabase.accept(GenerationTargetToDatabase.java:94) ~[hibernate-core-6.4.4.Final.jar:6.4.4.Final]
	at org.hibernate.tool.schema.internal.AbstractSchemaMigrator.applySqlString(AbstractSchemaMigrator.java:574) ~[hibernate-core-6.4.4.Final.jar:6.4.4.Final]
	at org.hibernate.tool.schema.internal.AbstractSchemaMigrator.applySqlStrings(AbstractSchemaMigrator.java:514) ~[hibernate-core-6.4.4.Final.jar:6.4.4.Final]
	at org.hibernate.tool.schema.internal.AbstractSchemaMigrator.migrateTable(AbstractSchemaMigrator.java:333) ~[hibernate-core-6.4.4.Final.jar:6.4.4.Final]
	at org.hibernate.tool.schema.internal.GroupedSchemaMigratorImpl.performTablesMigration(GroupedSchemaMigratorImpl.java:84) ~[hibernate-core-6.4.4.Final.jar:6.4.4.Final]
	at org.hibernate.tool.schema.internal.AbstractSchemaMigrator.performMigration(AbstractSchemaMigrator.java:232) ~[hibernate-core-6.4.4.Final.jar:6.4.4.Final]
	at org.hibernate.tool.schema.internal.AbstractSchemaMigrator.doMigration(AbstractSchemaMigrator.java:117) ~[hibernate-core-6.4.4.Final.jar:6.4.4.Final]
	at org.hibernate.tool.schema.spi.SchemaManagementToolCoordinator.performDatabaseAction(SchemaManagementToolCoordinator.java:286) ~[hibernate-core-6.4.4.Final.jar:6.4.4.Final]
	at org.hibernate.tool.schema.spi.SchemaManagementToolCoordinator.lambda$process$5(SchemaManagementToolCoordinator.java:145) ~[hibernate-core-6.4.4.Final.jar:6.4.4.Final]
	at java.base/java.util.HashMap.forEach(HashMap.java:1429) ~[na:na]
	at org.hibernate.tool.schema.spi.SchemaManagementToolCoordinator.process(SchemaManagementToolCoordinator.java:142) ~[hibernate-core-6.4.4.Final.jar:6.4.4.Final]
	at org.hibernate.boot.internal.SessionFactoryObserverForSchemaExport.sessionFactoryCreated(SessionFactoryObserverForSchemaExport.java:37) ~[hibernate-core-6.4.4.Final.jar:6.4.4.Final]
	at org.hibernate.internal.SessionFactoryObserverChain.sessionFactoryCreated(SessionFactoryObserverChain.java:35) ~[hibernate-core-6.4.4.Final.jar:6.4.4.Final]
	at org.hibernate.internal.SessionFactoryImpl.<init>(SessionFactoryImpl.java:315) ~[hibernate-core-6.4.4.Final.jar:6.4.4.Final]
	at org.hibernate.boot.internal.SessionFactoryBuilderImpl.build(SessionFactoryBuilderImpl.java:450) ~[hibernate-core-6.4.4.Final.jar:6.4.4.Final]
	at org.hibernate.jpa.boot.internal.EntityManagerFactoryBuilderImpl.build(EntityManagerFactoryBuilderImpl.java:1507) ~[hibernate-core-6.4.4.Final.jar:6.4.4.Final]
	at org.springframework.orm.jpa.vendor.SpringHibernateJpaPersistenceProvider.createContainerEntityManagerFactory(SpringHibernateJpaPersistenceProvider.java:75) ~[spring-orm-6.1.6.jar:6.1.6]
	at org.springframework.orm.jpa.LocalContainerEntityManagerFactoryBean.createNativeEntityManagerFactory(LocalContainerEntityManagerFactoryBean.java:390) ~[spring-orm-6.1.6.jar:6.1.6]
	at org.springframework.orm.jpa.AbstractEntityManagerFactoryBean.buildNativeEntityManagerFactory(AbstractEntityManagerFactoryBean.java:409) ~[spring-orm-6.1.6.jar:6.1.6]
	at org.springframework.orm.jpa.AbstractEntityManagerFactoryBean.afterPropertiesSet(AbstractEntityManagerFactoryBean.java:396) ~[spring-orm-6.1.6.jar:6.1.6]
	at org.springframework.orm.jpa.LocalContainerEntityManagerFactoryBean.afterPropertiesSet(LocalContainerEntityManagerFactoryBean.java:366) ~[spring-orm-6.1.6.jar:6.1.6]
	at org.springframework.beans.factory.support.AbstractAutowireCapableBeanFactory.invokeInitMethods(AbstractAutowireCapableBeanFactory.java:1833) ~[spring-beans-6.1.6.jar:6.1.6]
	at org.springframework.beans.factory.support.AbstractAutowireCapableBeanFactory.initializeBean(AbstractAutowireCapableBeanFactory.java:1782) ~[spring-beans-6.1.6.jar:6.1.6]
	at org.springframework.beans.factory.support.AbstractAutowireCapableBeanFactory.doCreateBean(AbstractAutowireCapableBeanFactory.java:600) ~[spring-beans-6.1.6.jar:6.1.6]
	at org.springframework.beans.factory.support.AbstractAutowireCapableBeanFactory.createBean(AbstractAutowireCapableBeanFactory.java:522) ~[spring-beans-6.1.6.jar:6.1.6]
	at org.springframework.beans.factory.support.AbstractBeanFactory.lambda$doGetBean$0(AbstractBeanFactory.java:326) ~[spring-beans-6.1.6.jar:6.1.6]
	at org.springframework.beans.factory.support.DefaultSingletonBeanRegistry.getSingleton(DefaultSingletonBeanRegistry.java:234) ~[spring-beans-6.1.6.jar:6.1.6]
	at org.springframework.beans.factory.support.AbstractBeanFactory.doGetBean(AbstractBeanFactory.java:324) ~[spring-beans-6.1.6.jar:6.1.6]
	at org.springframework.beans.factory.support.AbstractBeanFactory.getBean(AbstractBeanFactory.java:200) ~[spring-beans-6.1.6.jar:6.1.6]
	at org.springframework.context.support.AbstractApplicationContext.getBean(AbstractApplicationContext.java:1234) ~[spring-context-6.1.6.jar:6.1.6]
	at org.springframework.context.support.AbstractApplicationContext.finishBeanFactoryInitialization(AbstractApplicationContext.java:952) ~[spring-context-6.1.6.jar:6.1.6]
	at org.springframework.context.support.AbstractApplicationContext.refresh(AbstractApplicationContext.java:624) ~[spring-context-6.1.6.jar:6.1.6]
	at org.springframework.boot.web.servlet.context.ServletWebServerApplicationContext.refresh(ServletWebServerApplicationContext.java:146) ~[spring-boot-3.2.5.jar:3.2.5]
	at org.springframework.boot.SpringApplication.refresh(SpringApplication.java:754) ~[spring-boot-3.2.5.jar:3.2.5]
	at org.springframework.boot.SpringApplication.refreshContext(SpringApplication.java:456) ~[spring-boot-3.2.5.jar:3.2.5]
	at org.springframework.boot.SpringApplication.run(SpringApplication.java:334) ~[spring-boot-3.2.5.jar:3.2.5]
	at org.springframework.boot.SpringApplication.run(SpringApplication.java:1354) ~[spring-boot-3.2.5.jar:3.2.5]
	at org.springframework.boot.SpringApplication.run(SpringApplication.java:1343) ~[spring-boot-3.2.5.jar:3.2.5]
	at iuh.fit.cvservice.CvServiceApplication.main(CvServiceApplication.java:11) ~[classes/:na]
Caused by: org.postgresql.util.PSQLException: ERROR: column "id" cannot be cast automatically to type uuid
  Hint: You might need to specify "USING id::uuid".
	at org.postgresql.core.v3.QueryExecutorImpl.receiveErrorResponse(QueryExecutorImpl.java:2713) ~[postgresql-42.6.2.jar:42.6.2]
	at org.postgresql.core.v3.QueryExecutorImpl.processResults(QueryExecutorImpl.java:2401) ~[postgresql-42.6.2.jar:42.6.2]
	at org.postgresql.core.v3.QueryExecutorImpl.execute(QueryExecutorImpl.java:368) ~[postgresql-42.6.2.jar:42.6.2]
	at org.postgresql.jdbc.PgStatement.executeInternal(PgStatement.java:498) ~[postgresql-42.6.2.jar:42.6.2]
	at org.postgresql.jdbc.PgStatement.execute(PgStatement.java:415) ~[postgresql-42.6.2.jar:42.6.2]
	at org.postgresql.jdbc.PgStatement.executeWithFlags(PgStatement.java:335) ~[postgresql-42.6.2.jar:42.6.2]
	at org.postgresql.jdbc.PgStatement.executeCachedSql(PgStatement.java:321) ~[postgresql-42.6.2.jar:42.6.2]
	at org.postgresql.jdbc.PgStatement.executeWithFlags(PgStatement.java:297) ~[postgresql-42.6.2.jar:42.6.2]
	at org.postgresql.jdbc.PgStatement.execute(PgStatement.java:292) ~[postgresql-42.6.2.jar:42.6.2]
	at com.zaxxer.hikari.pool.ProxyStatement.execute(ProxyStatement.java:94) ~[HikariCP-5.0.1.jar:na]
	at com.zaxxer.hikari.pool.HikariProxyStatement.execute(HikariProxyStatement.java) ~[HikariCP-5.0.1.jar:na]
	at org.hibernate.tool.schema.internal.exec.GenerationTargetToDatabase.accept(GenerationTargetToDatabase.java:80) ~[hibernate-core-6.4.4.Final.jar:6.4.4.Final]
	... 38 common frames omitted

2026-04-24T00:17:53.443+07:00  INFO 19748 --- [cv-service] [           main] j.LocalContainerEntityManagerFactoryBean : Initialized JPA EntityManagerFactory for persistence unit 'default'
2026-04-24T00:17:54.403+07:00  INFO 19748 --- [cv-service] [           main] i.f.cvservice.service.PDFExportService   : Initializing Playwright...
2026-04-24T00:18:00.203+07:00  INFO 19748 --- [cv-service] [           main] i.f.cvservice.service.PDFExportService   : Playwright initialized successfully.
2026-04-24T00:18:01.140+07:00  WARN 19748 --- [cv-service] [           main] JpaBaseConfiguration$JpaWebConfiguration : spring.jpa.open-in-view is enabled by default. Therefore, database queries may be performed during view rendering. Explicitly configure spring.jpa.open-in-view to disable this warning
2026-04-24T00:18:01.854+07:00  INFO 19748 --- [cv-service] [           main] DiscoveryClientOptionalArgsConfiguration : Eureka HTTP Client uses RestTemplate.
2026-04-24T00:18:01.998+07:00  WARN 19748 --- [cv-service] [           main] iguration$LoadBalancerCaffeineWarnLogger : Spring Cloud LoadBalancer is currently working with the default cache. While this cache implementation is useful for development and tests, it's recommended to use Caffeine cache in production.You can switch to using Caffeine cache, by adding it and org.springframework.cache.caffeine.CaffeineCacheManager to the classpath.
2026-04-24T00:18:02.069+07:00  INFO 19748 --- [cv-service] [           main] o.s.c.n.eureka.InstanceInfoFactory       : Setting initial instance status as: STARTING
2026-04-24T00:18:02.140+07:00  INFO 19748 --- [cv-service] [           main] com.netflix.discovery.DiscoveryClient    : Initializing Eureka in region us-east-1
2026-04-24T00:18:02.169+07:00  INFO 19748 --- [cv-service] [           main] c.n.d.s.r.aws.ConfigClusterResolver      : Resolving eureka endpoints via configuration
2026-04-24T00:18:02.207+07:00  INFO 19748 --- [cv-service] [           main] com.netflix.discovery.DiscoveryClient    : Disable delta property : false
2026-04-24T00:18:02.208+07:00  INFO 19748 --- [cv-service] [           main] com.netflix.discovery.DiscoveryClient    : Single vip registry refresh property : null
2026-04-24T00:18:02.208+07:00  INFO 19748 --- [cv-service] [           main] com.netflix.discovery.DiscoveryClient    : Force full registry fetch : false
2026-04-24T00:18:02.208+07:00  INFO 19748 --- [cv-service] [           main] com.netflix.discovery.DiscoveryClient    : Application is null : false
2026-04-24T00:18:02.208+07:00  INFO 19748 --- [cv-service] [           main] com.netflix.discovery.DiscoveryClient    : Registered Applications size is zero : true
2026-04-24T00:18:02.208+07:00  INFO 19748 --- [cv-service] [           main] com.netflix.discovery.DiscoveryClient    : Application version is -1: true
2026-04-24T00:18:02.208+07:00  INFO 19748 --- [cv-service] [           main] com.netflix.discovery.DiscoveryClient    : Getting all instance registry info from the eureka server
2026-04-24T00:18:02.664+07:00  INFO 19748 --- [cv-service] [           main] com.netflix.discovery.DiscoveryClient    : The response status is 200
2026-04-24T00:18:02.676+07:00  INFO 19748 --- [cv-service] [           main] com.netflix.discovery.DiscoveryClient    : Starting heartbeat executor: renew interval is: 30
2026-04-24T00:18:02.681+07:00  INFO 19748 --- [cv-service] [           main] c.n.discovery.InstanceInfoReplicator     : InstanceInfoReplicator onDemand update allowed rate per min is 4
2026-04-24T00:18:02.691+07:00  INFO 19748 --- [cv-service] [           main] com.netflix.discovery.DiscoveryClient    : Discovery Client initialized at timestamp 1776964682688 with initial instances count: 3
2026-04-24T00:18:02.711+07:00  INFO 19748 --- [cv-service] [           main] o.s.c.n.e.s.EurekaServiceRegistry        : Registering application CV-SERVICE with eureka with status UP
2026-04-24T00:18:02.713+07:00  INFO 19748 --- [cv-service] [           main] com.netflix.discovery.DiscoveryClient    : Saw local status change event StatusChangeEvent [timestamp=1776964682713, current=UP, previous=STARTING]
2026-04-24T00:18:02.722+07:00  INFO 19748 --- [cv-service] [nfoReplicator-0] com.netflix.discovery.DiscoveryClient    : DiscoveryClient_CV-SERVICE/host.docker.internal:cv-service:8087: registering service...
2026-04-24T00:18:02.774+07:00  INFO 19748 --- [cv-service] [           main] o.s.b.w.embedded.tomcat.TomcatWebServer  : Tomcat started on port 8087 (http) with context path ''
2026-04-24T00:18:02.778+07:00  INFO 19748 --- [cv-service] [           main] .s.c.n.e.s.EurekaAutoServiceRegistration : Updating port to 8087
2026-04-24T00:18:02.848+07:00  INFO 19748 --- [cv-service] [nfoReplicator-0] com.netflix.discovery.DiscoveryClient    : DiscoveryClient_CV-SERVICE/host.docker.internal:cv-service:8087 - registration status: 204
2026-04-24T00:18:02.854+07:00  INFO 19748 --- [cv-service] [           main] iuh.fit.cvservice.CvServiceApplication   : Started CvServiceApplication in 15.345 seconds (process running for 16.193)
2026-04-24T00:18:08.547+07:00  INFO 19748 --- [cv-service] [nio-8087-exec-1] o.a.c.c.C.[Tomcat].[localhost].[/]       : Initializing Spring DispatcherServlet 'dispatcherServlet'
2026-04-24T00:18:08.554+07:00  INFO 19748 --- [cv-service] [nio-8087-exec-1] o.s.web.servlet.DispatcherServlet        : Initializing Servlet 'dispatcherServlet'
2026-04-24T00:18:08.569+07:00  INFO 19748 --- [cv-service] [nio-8087-exec-1] o.s.web.servlet.DispatcherServlet        : Completed initialization in 15 ms
2026-04-24T00:18:08.660+07:00  INFO 19748 --- [cv-service] [nio-8087-exec-1] i.fit.cvservice.controller.CVController  : Fetching CVs for user: d29e7734-49e1-4410-9884-c07206739e06
Hibernate: select c1_0.id,c1_0.address,c1_0.avatar_url,c1_0.dob,c1_0.email,c1_0.full_name,c1_0.job_title,c1_0.linkedin,c1_0.name,c1_0.phone,c1_0.status,c1_0.summary,c1_0.template_id,c1_0.updated_at,c1_0.user_id from cvs c1_0 where c1_0.user_id=?
Hibernate: select s1_0.cv_id,s1_0.id,s1_0.level,s1_0.name from cv_skills s1_0 where s1_0.cv_id=?
Hibernate: select p1_0.cv_id,p1_0.id,p1_0.description,p1_0.end_date,p1_0.link,p1_0.name,p1_0.start_date from cv_projects p1_0 where p1_0.cv_id=?
Hibernate: select e1_0.cv_id,e1_0.id,e1_0.company,e1_0.description,e1_0.end_date,e1_0.role,e1_0.start_date from cv_experiences e1_0 where e1_0.cv_id=?
Hibernate: select e1_0.cv_id,e1_0.id,e1_0.description,e1_0.end_date,e1_0.major,e1_0.school,e1_0.start_date from cv_educations e1_0 where e1_0.cv_id=?
Hibernate: select c1_0.cv_id,c1_0.id,c1_0.date,c1_0.name,c1_0.org from cv_certificates c1_0 where c1_0.cv_id=?
Hibernate: select s1_0.cv_id,s1_0.id,s1_0.level,s1_0.name from cv_skills s1_0 where s1_0.cv_id=?
Hibernate: select p1_0.cv_id,p1_0.id,p1_0.description,p1_0.end_date,p1_0.link,p1_0.name,p1_0.start_date from cv_projects p1_0 where p1_0.cv_id=?
Hibernate: select e1_0.cv_id,e1_0.id,e1_0.company,e1_0.description,e1_0.end_date,e1_0.role,e1_0.start_date from cv_experiences e1_0 where e1_0.cv_id=?
Hibernate: select e1_0.cv_id,e1_0.id,e1_0.description,e1_0.end_date,e1_0.major,e1_0.school,e1_0.start_date from cv_educations e1_0 where e1_0.cv_id=?
Hibernate: select c1_0.cv_id,c1_0.id,c1_0.date,c1_0.name,c1_0.org from cv_certificates c1_0 where c1_0.cv_id=?
Hibernate: select s1_0.cv_id,s1_0.id,s1_0.level,s1_0.name from cv_skills s1_0 where s1_0.cv_id=?
Hibernate: select p1_0.cv_id,p1_0.id,p1_0.description,p1_0.end_date,p1_0.link,p1_0.name,p1_0.start_date from cv_projects p1_0 where p1_0.cv_id=?
Hibernate: select e1_0.cv_id,e1_0.id,e1_0.company,e1_0.description,e1_0.end_date,e1_0.role,e1_0.start_date from cv_experiences e1_0 where e1_0.cv_id=?
Hibernate: select e1_0.cv_id,e1_0.id,e1_0.description,e1_0.end_date,e1_0.major,e1_0.school,e1_0.start_date from cv_educations e1_0 where e1_0.cv_id=?
Hibernate: select c1_0.cv_id,c1_0.id,c1_0.date,c1_0.name,c1_0.org from cv_certificates c1_0 where c1_0.cv_id=?
2026-04-24T00:18:09.066+07:00 ERROR 19748 --- [cv-service] [nio-8087-exec-1] o.a.c.c.C.[.[.[/].[dispatcherServlet]    : Servlet.service() for servlet [dispatcherServlet] in context with path [] threw exception [Request processing failed: java.lang.ClassCastException: Cannot cast java.lang.Long to java.util.UUID] with root cause

java.lang.ClassCastException: Cannot cast java.lang.Long to java.util.UUID
	at java.base/java.lang.Class.cast(Class.java:4069) ~[na:na]
	at org.postgresql.jdbc.PgResultSet.getObject(PgResultSet.java:3841) ~[postgresql-42.6.2.jar:42.6.2]
	at com.zaxxer.hikari.pool.HikariProxyResultSet.getObject(HikariProxyResultSet.java) ~[HikariCP-5.0.1.jar:na]
	at org.hibernate.type.descriptor.jdbc.UUIDJdbcType$2.doExtract(UUIDJdbcType.java:81) ~[hibernate-core-6.4.4.Final.jar:6.4.4.Final]
	at org.hibernate.type.descriptor.jdbc.BasicExtractor.extract(BasicExtractor.java:44) ~[hibernate-core-6.4.4.Final.jar:6.4.4.Final]
	at org.hibernate.sql.results.jdbc.internal.JdbcValuesResultSetImpl.getCurrentRowValue(JdbcValuesResultSetImpl.java:302) ~[hibernate-core-6.4.4.Final.jar:6.4.4.Final]
	at org.hibernate.sql.results.internal.RowProcessingStateStandardImpl.getJdbcValue(RowProcessingStateStandardImpl.java:119) ~[hibernate-core-6.4.4.Final.jar:6.4.4.Final]
	at org.hibernate.sql.results.graph.basic.BasicResultAssembler.extractRawValue(BasicResultAssembler.java:52) ~[hibernate-core-6.4.4.Final.jar:6.4.4.Final]
	at org.hibernate.sql.results.graph.basic.BasicResultAssembler.assemble(BasicResultAssembler.java:59) ~[hibernate-core-6.4.4.Final.jar:6.4.4.Final]
	at org.hibernate.sql.results.graph.entity.AbstractEntityInitializer.initializeIdentifier(AbstractEntityInitializer.java:374) ~[hibernate-core-6.4.4.Final.jar:6.4.4.Final]
	at org.hibernate.sql.results.graph.entity.AbstractEntityInitializer.resolveEntityKey(AbstractEntityInitializer.java:351) ~[hibernate-core-6.4.4.Final.jar:6.4.4.Final]
	at org.hibernate.sql.results.graph.entity.AbstractEntityInitializer.resolveKey(AbstractEntityInitializer.java:293) ~[hibernate-core-6.4.4.Final.jar:6.4.4.Final]
	at org.hibernate.sql.results.graph.entity.internal.EntityJoinedFetchInitializer.resolveKey(EntityJoinedFetchInitializer.java:67) ~[hibernate-core-6.4.4.Final.jar:6.4.4.Final]
	at org.hibernate.sql.results.internal.InitializersList.resolveKeys(InitializersList.java:82) ~[hibernate-core-6.4.4.Final.jar:6.4.4.Final]
	at org.hibernate.sql.results.internal.StandardRowReader.coordinateInitializers(StandardRowReader.java:107) ~[hibernate-core-6.4.4.Final.jar:6.4.4.Final]
	at org.hibernate.sql.results.internal.StandardRowReader.readRow(StandardRowReader.java:86) ~[hibernate-core-6.4.4.Final.jar:6.4.4.Final]
	at org.hibernate.sql.results.spi.ListResultsConsumer.consume(ListResultsConsumer.java:181) ~[hibernate-core-6.4.4.Final.jar:6.4.4.Final]
	at org.hibernate.sql.results.spi.ListResultsConsumer.consume(ListResultsConsumer.java:33) ~[hibernate-core-6.4.4.Final.jar:6.4.4.Final]
	at org.hibernate.sql.exec.internal.JdbcSelectExecutorStandardImpl.doExecuteQuery(JdbcSelectExecutorStandardImpl.java:209) ~[hibernate-core-6.4.4.Final.jar:6.4.4.Final]
	at org.hibernate.sql.exec.internal.JdbcSelectExecutorStandardImpl.executeQuery(JdbcSelectExecutorStandardImpl.java:83) ~[hibernate-core-6.4.4.Final.jar:6.4.4.Final]
	at org.hibernate.sql.exec.spi.JdbcSelectExecutor.list(JdbcSelectExecutor.java:76) ~[hibernate-core-6.4.4.Final.jar:6.4.4.Final]
	at org.hibernate.sql.exec.spi.JdbcSelectExecutor.list(JdbcSelectExecutor.java:65) ~[hibernate-core-6.4.4.Final.jar:6.4.4.Final]
	at org.hibernate.loader.ast.internal.CollectionLoaderSingleKey.load(CollectionLoaderSingleKey.java:120) ~[hibernate-core-6.4.4.Final.jar:6.4.4.Final]
	at org.hibernate.persister.collection.AbstractCollectionPersister.initialize(AbstractCollectionPersister.java:680) ~[hibernate-core-6.4.4.Final.jar:6.4.4.Final]
	at org.hibernate.event.internal.DefaultInitializeCollectionEventListener.onInitializeCollection(DefaultInitializeCollectionEventListener.java:67) ~[hibernate-core-6.4.4.Final.jar:6.4.4.Final]
	at org.hibernate.event.service.internal.EventListenerGroupImpl.fireEventOnEachListener(EventListenerGroupImpl.java:127) ~[hibernate-core-6.4.4.Final.jar:6.4.4.Final]
	at org.hibernate.internal.SessionImpl.initializeCollection(SessionImpl.java:1692) ~[hibernate-core-6.4.4.Final.jar:6.4.4.Final]
	at org.hibernate.collection.spi.AbstractPersistentCollection.lambda$initialize$3(AbstractPersistentCollection.java:615) ~[hibernate-core-6.4.4.Final.jar:6.4.4.Final]
	at org.hibernate.collection.spi.AbstractPersistentCollection.withTemporarySessionIfNeeded(AbstractPersistentCollection.java:264) ~[hibernate-core-6.4.4.Final.jar:6.4.4.Final]
	at org.hibernate.collection.spi.AbstractPersistentCollection.initialize(AbstractPersistentCollection.java:613) ~[hibernate-core-6.4.4.Final.jar:6.4.4.Final]
	at org.hibernate.collection.spi.AbstractPersistentCollection.forceInitialization(AbstractPersistentCollection.java:816) ~[hibernate-core-6.4.4.Final.jar:6.4.4.Final]
	at org.hibernate.engine.internal.StatefulPersistenceContext.initializeNonLazyCollections(StatefulPersistenceContext.java:1143) ~[hibernate-core-6.4.4.Final.jar:6.4.4.Final]
	at org.hibernate.engine.internal.StatefulPersistenceContext.initializeNonLazyCollections(StatefulPersistenceContext.java:1129) ~[hibernate-core-6.4.4.Final.jar:6.4.4.Final]
	at org.hibernate.sql.results.spi.ListResultsConsumer.consume(ListResultsConsumer.java:229) ~[hibernate-core-6.4.4.Final.jar:6.4.4.Final]
	at org.hibernate.sql.results.spi.ListResultsConsumer.consume(ListResultsConsumer.java:33) ~[hibernate-core-6.4.4.Final.jar:6.4.4.Final]
	at org.hibernate.sql.exec.internal.JdbcSelectExecutorStandardImpl.doExecuteQuery(JdbcSelectExecutorStandardImpl.java:209) ~[hibernate-core-6.4.4.Final.jar:6.4.4.Final]
	at org.hibernate.sql.exec.internal.JdbcSelectExecutorStandardImpl.executeQuery(JdbcSelectExecutorStandardImpl.java:83) ~[hibernate-core-6.4.4.Final.jar:6.4.4.Final]
	at org.hibernate.sql.exec.spi.JdbcSelectExecutor.list(JdbcSelectExecutor.java:76) ~[hibernate-core-6.4.4.Final.jar:6.4.4.Final]
	at org.hibernate.sql.exec.spi.JdbcSelectExecutor.list(JdbcSelectExecutor.java:65) ~[hibernate-core-6.4.4.Final.jar:6.4.4.Final]
	at org.hibernate.query.sqm.internal.ConcreteSqmSelectQueryPlan.lambda$new$2(ConcreteSqmSelectQueryPlan.java:137) ~[hibernate-core-6.4.4.Final.jar:6.4.4.Final]
	at org.hibernate.query.sqm.internal.ConcreteSqmSelectQueryPlan.withCacheableSqmInterpretation(ConcreteSqmSelectQueryPlan.java:362) ~[hibernate-core-6.4.4.Final.jar:6.4.4.Final]
	at org.hibernate.query.sqm.internal.ConcreteSqmSelectQueryPlan.performList(ConcreteSqmSelectQueryPlan.java:303) ~[hibernate-core-6.4.4.Final.jar:6.4.4.Final]
	at org.hibernate.query.sqm.internal.QuerySqmImpl.doList(QuerySqmImpl.java:509) ~[hibernate-core-6.4.4.Final.jar:6.4.4.Final]
	at org.hibernate.query.spi.AbstractSelectionQuery.list(AbstractSelectionQuery.java:427) ~[hibernate-core-6.4.4.Final.jar:6.4.4.Final]
	at org.hibernate.query.Query.getResultList(Query.java:120) ~[hibernate-core-6.4.4.Final.jar:6.4.4.Final]
	at org.springframework.data.jpa.repository.query.JpaQueryExecution$CollectionExecution.doExecute(JpaQueryExecution.java:129) ~[spring-data-jpa-3.2.5.jar:3.2.5]
	at org.springframework.data.jpa.repository.query.JpaQueryExecution.execute(JpaQueryExecution.java:92) ~[spring-data-jpa-3.2.5.jar:3.2.5]
	at org.springframework.data.jpa.repository.query.AbstractJpaQuery.doExecute(AbstractJpaQuery.java:149) ~[spring-data-jpa-3.2.5.jar:3.2.5]
	at org.springframework.data.jpa.repository.query.AbstractJpaQuery.execute(AbstractJpaQuery.java:137) ~[spring-data-jpa-3.2.5.jar:3.2.5]
	at org.springframework.data.repository.core.support.RepositoryMethodInvoker.doInvoke(RepositoryMethodInvoker.java:170) ~[spring-data-commons-3.2.5.jar:3.2.5]
	at org.springframework.data.repository.core.support.RepositoryMethodInvoker.invoke(RepositoryMethodInvoker.java:158) ~[spring-data-commons-3.2.5.jar:3.2.5]
	at org.springframework.data.repository.core.support.QueryExecutorMethodInterceptor.doInvoke(QueryExecutorMethodInterceptor.java:164) ~[spring-data-commons-3.2.5.jar:3.2.5]
	at org.springframework.data.repository.core.support.QueryExecutorMethodInterceptor.invoke(QueryExecutorMethodInterceptor.java:143) ~[spring-data-commons-3.2.5.jar:3.2.5]
	at org.springframework.aop.framework.ReflectiveMethodInvocation.proceed(ReflectiveMethodInvocation.java:184) ~[spring-aop-6.1.6.jar:6.1.6]
	at org.springframework.data.projection.DefaultMethodInvokingMethodInterceptor.invoke(DefaultMethodInvokingMethodInterceptor.java:70) ~[spring-data-commons-3.2.5.jar:3.2.5]
	at org.springframework.aop.framework.ReflectiveMethodInvocation.proceed(ReflectiveMethodInvocation.java:184) ~[spring-aop-6.1.6.jar:6.1.6]
	at org.springframework.transaction.interceptor.TransactionInterceptor$1.proceedWithInvocation(TransactionInterceptor.java:123) ~[spring-tx-6.1.6.jar:6.1.6]
	at org.springframework.transaction.interceptor.TransactionAspectSupport.invokeWithinTransaction(TransactionAspectSupport.java:392) ~[spring-tx-6.1.6.jar:6.1.6]
	at org.springframework.transaction.interceptor.TransactionInterceptor.invoke(TransactionInterceptor.java:119) ~[spring-tx-6.1.6.jar:6.1.6]
	at org.springframework.aop.framework.ReflectiveMethodInvocation.proceed(ReflectiveMethodInvocation.java:184) ~[spring-aop-6.1.6.jar:6.1.6]
	at org.springframework.dao.support.PersistenceExceptionTranslationInterceptor.invoke(PersistenceExceptionTranslationInterceptor.java:137) ~[spring-tx-6.1.6.jar:6.1.6]
	at org.springframework.aop.framework.ReflectiveMethodInvocation.proceed(ReflectiveMethodInvocation.java:184) ~[spring-aop-6.1.6.jar:6.1.6]
	at org.springframework.data.jpa.repository.support.CrudMethodMetadataPostProcessor$CrudMethodMetadataPopulatingMethodInterceptor.invoke(CrudMethodMetadataPostProcessor.java:135) ~[spring-data-jpa-3.2.5.jar:3.2.5]
	at org.springframework.aop.framework.ReflectiveMethodInvocation.proceed(ReflectiveMethodInvocation.java:184) ~[spring-aop-6.1.6.jar:6.1.6]
	at org.springframework.aop.interceptor.ExposeInvocationInterceptor.invoke(ExposeInvocationInterceptor.java:97) ~[spring-aop-6.1.6.jar:6.1.6]
	at org.springframework.aop.framework.ReflectiveMethodInvocation.proceed(ReflectiveMethodInvocation.java:184) ~[spring-aop-6.1.6.jar:6.1.6]
	at org.springframework.aop.framework.JdkDynamicAopProxy.invoke(JdkDynamicAopProxy.java:223) ~[spring-aop-6.1.6.jar:6.1.6]
	at jdk.proxy2/jdk.proxy2.$Proxy138.findByUserId(Unknown Source) ~[na:na]
	at iuh.fit.cvservice.service.CVService.getCVsByUserId(CVService.java:20) ~[classes/:na]
	at java.base/jdk.internal.reflect.DirectMethodHandleAccessor.invoke(DirectMethodHandleAccessor.java:103) ~[na:na]
	at java.base/java.lang.reflect.Method.invoke(Method.java:580) ~[na:na]
	at org.springframework.aop.support.AopUtils.invokeJoinpointUsingReflection(AopUtils.java:354) ~[spring-aop-6.1.6.jar:6.1.6]
	at org.springframework.aop.framework.CglibAopProxy$DynamicAdvisedInterceptor.intercept(CglibAopProxy.java:716) ~[spring-aop-6.1.6.jar:6.1.6]
	at iuh.fit.cvservice.service.CVService$$SpringCGLIB$$0.getCVsByUserId(<generated>) ~[classes/:na]
	at iuh.fit.cvservice.controller.CVController.getMyCVs(CVController.java:33) ~[classes/:na]
	at java.base/jdk.internal.reflect.DirectMethodHandleAccessor.invoke(DirectMethodHandleAccessor.java:103) ~[na:na]
	at java.base/java.lang.reflect.Method.invoke(Method.java:580) ~[na:na]
	at org.springframework.web.method.support.InvocableHandlerMethod.doInvoke(InvocableHandlerMethod.java:255) ~[spring-web-6.1.6.jar:6.1.6]
	at org.springframework.web.method.support.InvocableHandlerMethod.invokeForRequest(InvocableHandlerMethod.java:188) ~[spring-web-6.1.6.jar:6.1.6]
	at org.springframework.web.servlet.mvc.method.annotation.ServletInvocableHandlerMethod.invokeAndHandle(ServletInvocableHandlerMethod.java:118) ~[spring-webmvc-6.1.6.jar:6.1.6]
	at org.springframework.web.servlet.mvc.method.annotation.RequestMappingHandlerAdapter.invokeHandlerMethod(RequestMappingHandlerAdapter.java:926) ~[spring-webmvc-6.1.6.jar:6.1.6]
	at org.springframework.web.servlet.mvc.method.annotation.RequestMappingHandlerAdapter.handleInternal(RequestMappingHandlerAdapter.java:831) ~[spring-webmvc-6.1.6.jar:6.1.6]
	at org.springframework.web.servlet.mvc.method.AbstractHandlerMethodAdapter.handle(AbstractHandlerMethodAdapter.java:87) ~[spring-webmvc-6.1.6.jar:6.1.6]
	at org.springframework.web.servlet.DispatcherServlet.doDispatch(DispatcherServlet.java:1089) ~[spring-webmvc-6.1.6.jar:6.1.6]
	at org.springframework.web.servlet.DispatcherServlet.doService(DispatcherServlet.java:979) ~[spring-webmvc-6.1.6.jar:6.1.6]
	at org.springframework.web.servlet.FrameworkServlet.processRequest(FrameworkServlet.java:1014) ~[spring-webmvc-6.1.6.jar:6.1.6]
	at org.springframework.web.servlet.FrameworkServlet.doGet(FrameworkServlet.java:903) ~[spring-webmvc-6.1.6.jar:6.1.6]
	at jakarta.servlet.http.HttpServlet.service(HttpServlet.java:564) ~[tomcat-embed-core-10.1.20.jar:6.0]
	at org.springframework.web.servlet.FrameworkServlet.service(FrameworkServlet.java:885) ~[spring-webmvc-6.1.6.jar:6.1.6]
	at jakarta.servlet.http.HttpServlet.service(HttpServlet.java:658) ~[tomcat-embed-core-10.1.20.jar:6.0]
	at org.apache.catalina.core.ApplicationFilterChain.internalDoFilter(ApplicationFilterChain.java:206) ~[tomcat-embed-core-10.1.20.jar:10.1.20]
	at org.apache.catalina.core.ApplicationFilterChain.doFilter(ApplicationFilterChain.java:150) ~[tomcat-embed-core-10.1.20.jar:10.1.20]
	at org.apache.tomcat.websocket.server.WsFilter.doFilter(WsFilter.java:51) ~[tomcat-embed-websocket-10.1.20.jar:10.1.20]
	at org.apache.catalina.core.ApplicationFilterChain.internalDoFilter(ApplicationFilterChain.java:175) ~[tomcat-embed-core-10.1.20.jar:10.1.20]
	at org.apache.catalina.core.ApplicationFilterChain.doFilter(ApplicationFilterChain.java:150) ~[tomcat-embed-core-10.1.20.jar:10.1.20]
	at org.springframework.web.filter.RequestContextFilter.doFilterInternal(RequestContextFilter.java:100) ~[spring-web-6.1.6.jar:6.1.6]
	at org.springframework.web.filter.OncePerRequestFilter.doFilter(OncePerRequestFilter.java:116) ~[spring-web-6.1.6.jar:6.1.6]
	at org.apache.catalina.core.ApplicationFilterChain.internalDoFilter(ApplicationFilterChain.java:175) ~[tomcat-embed-core-10.1.20.jar:10.1.20]
	at org.apache.catalina.core.ApplicationFilterChain.doFilter(ApplicationFilterChain.java:150) ~[tomcat-embed-core-10.1.20.jar:10.1.20]
	at org.springframework.web.filter.FormContentFilter.doFilterInternal(FormContentFilter.java:93) ~[spring-web-6.1.6.jar:6.1.6]
	at org.springframework.web.filter.OncePerRequestFilter.doFilter(OncePerRequestFilter.java:116) ~[spring-web-6.1.6.jar:6.1.6]
	at org.apache.catalina.core.ApplicationFilterChain.internalDoFilter(ApplicationFilterChain.java:175) ~[tomcat-embed-core-10.1.20.jar:10.1.20]
	at org.apache.catalina.core.ApplicationFilterChain.doFilter(ApplicationFilterChain.java:150) ~[tomcat-embed-core-10.1.20.jar:10.1.20]
	at org.springframework.web.filter.CharacterEncodingFilter.doFilterInternal(CharacterEncodingFilter.java:201) ~[spring-web-6.1.6.jar:6.1.6]
	at org.springframework.web.filter.OncePerRequestFilter.doFilter(OncePerRequestFilter.java:116) ~[spring-web-6.1.6.jar:6.1.6]
	at org.apache.catalina.core.ApplicationFilterChain.internalDoFilter(ApplicationFilterChain.java:175) ~[tomcat-embed-core-10.1.20.jar:10.1.20]
	at org.apache.catalina.core.ApplicationFilterChain.doFilter(ApplicationFilterChain.java:150) ~[tomcat-embed-core-10.1.20.jar:10.1.20]
	at org.apache.catalina.core.StandardWrapperValve.invoke(StandardWrapperValve.java:167) ~[tomcat-embed-core-10.1.20.jar:10.1.20]
	at org.apache.catalina.core.StandardContextValve.invoke(StandardContextValve.java:90) ~[tomcat-embed-core-10.1.20.jar:10.1.20]
	at org.apache.catalina.authenticator.AuthenticatorBase.invoke(AuthenticatorBase.java:482) ~[tomcat-embed-core-10.1.20.jar:10.1.20]
	at org.apache.catalina.core.StandardHostValve.invoke(StandardHostValve.java:115) ~[tomcat-embed-core-10.1.20.jar:10.1.20]
	at org.apache.catalina.valves.ErrorReportValve.invoke(ErrorReportValve.java:93) ~[tomcat-embed-core-10.1.20.jar:10.1.20]
	at org.apache.catalina.core.StandardEngineValve.invoke(StandardEngineValve.java:74) ~[tomcat-embed-core-10.1.20.jar:10.1.20]
	at org.apache.catalina.connector.CoyoteAdapter.service(CoyoteAdapter.java:344) ~[tomcat-embed-core-10.1.20.jar:10.1.20]
	at org.apache.coyote.http11.Http11Processor.service(Http11Processor.java:391) ~[tomcat-embed-core-10.1.20.jar:10.1.20]
	at org.apache.coyote.AbstractProcessorLight.process(AbstractProcessorLight.java:63) ~[tomcat-embed-core-10.1.20.jar:10.1.20]
	at org.apache.coyote.AbstractProtocol$ConnectionHandler.process(AbstractProtocol.java:896) ~[tomcat-embed-core-10.1.20.jar:10.1.20]
	at org.apache.tomcat.util.net.NioEndpoint$SocketProcessor.doRun(NioEndpoint.java:1736) ~[tomcat-embed-core-10.1.20.jar:10.1.20]
	at org.apache.tomcat.util.net.SocketProcessorBase.run(SocketProcessorBase.java:52) ~[tomcat-embed-core-10.1.20.jar:10.1.20]
	at org.apache.tomcat.util.threads.ThreadPoolExecutor.runWorker(ThreadPoolExecutor.java:1191) ~[tomcat-embed-core-10.1.20.jar:10.1.20]
	at org.apache.tomcat.util.threads.ThreadPoolExecutor$Worker.run(ThreadPoolExecutor.java:659) ~[tomcat-embed-core-10.1.20.jar:10.1.20]
	at org.apache.tomcat.util.threads.TaskThread$WrappingRunnable.run(TaskThread.java:63) ~[tomcat-embed-core-10.1.20.jar:10.1.20]
	at java.base/java.lang.Thread.run(Thread.java:1583) ~[na:na]

2026-04-24T00:18:09.127+07:00  INFO 19748 --- [cv-service] [nio-8087-exec-9] i.fit.cvservice.controller.CVController  : Fetching CVs for user: d29e7734-49e1-4410-9884-c07206739e06
Hibernate: select c1_0.id,c1_0.address,c1_0.avatar_url,c1_0.dob,c1_0.email,c1_0.full_name,c1_0.job_title,c1_0.linkedin,c1_0.name,c1_0.phone,c1_0.status,c1_0.summary,c1_0.template_id,c1_0.updated_at,c1_0.user_id from cvs c1_0 where c1_0.user_id=?
Hibernate: select s1_0.cv_id,s1_0.id,s1_0.level,s1_0.name from cv_skills s1_0 where s1_0.cv_id=?
Hibernate: select p1_0.cv_id,p1_0.id,p1_0.description,p1_0.end_date,p1_0.link,p1_0.name,p1_0.start_date from cv_projects p1_0 where p1_0.cv_id=?
Hibernate: select e1_0.cv_id,e1_0.id,e1_0.company,e1_0.description,e1_0.end_date,e1_0.role,e1_0.start_date from cv_experiences e1_0 where e1_0.cv_id=?
Hibernate: select e1_0.cv_id,e1_0.id,e1_0.description,e1_0.end_date,e1_0.major,e1_0.school,e1_0.start_date from cv_educations e1_0 where e1_0.cv_id=?
Hibernate: select c1_0.cv_id,c1_0.id,c1_0.date,c1_0.name,c1_0.org from cv_certificates c1_0 where c1_0.cv_id=?
Hibernate: select s1_0.cv_id,s1_0.id,s1_0.level,s1_0.name from cv_skills s1_0 where s1_0.cv_id=?
Hibernate: select p1_0.cv_id,p1_0.id,p1_0.description,p1_0.end_date,p1_0.link,p1_0.name,p1_0.start_date from cv_projects p1_0 where p1_0.cv_id=?
Hibernate: select e1_0.cv_id,e1_0.id,e1_0.company,e1_0.description,e1_0.end_date,e1_0.role,e1_0.start_date from cv_experiences e1_0 where e1_0.cv_id=?
Hibernate: select e1_0.cv_id,e1_0.id,e1_0.description,e1_0.end_date,e1_0.major,e1_0.school,e1_0.start_date from cv_educations e1_0 where e1_0.cv_id=?
Hibernate: select c1_0.cv_id,c1_0.id,c1_0.date,c1_0.name,c1_0.org from cv_certificates c1_0 where c1_0.cv_id=?
Hibernate: select s1_0.cv_id,s1_0.id,s1_0.level,s1_0.name from cv_skills s1_0 where s1_0.cv_id=?
Hibernate: select p1_0.cv_id,p1_0.id,p1_0.description,p1_0.end_date,p1_0.link,p1_0.name,p1_0.start_date from cv_projects p1_0 where p1_0.cv_id=?
Hibernate: select e1_0.cv_id,e1_0.id,e1_0.company,e1_0.description,e1_0.end_date,e1_0.role,e1_0.start_date from cv_experiences e1_0 where e1_0.cv_id=?
Hibernate: select e1_0.cv_id,e1_0.id,e1_0.description,e1_0.end_date,e1_0.major,e1_0.school,e1_0.start_date from cv_educations e1_0 where e1_0.cv_id=?
Hibernate: select c1_0.cv_id,c1_0.id,c1_0.date,c1_0.name,c1_0.org from cv_certificates c1_0 where c1_0.cv_id=?
2026-04-24T00:18:09.154+07:00 ERROR 19748 --- [cv-service] [nio-8087-exec-9] o.a.c.c.C.[.[.[/].[dispatcherServlet]    : Servlet.service() for servlet [dispatcherServlet] in context with path [] threw exception [Request processing failed: java.lang.ClassCastException: Cannot cast java.lang.Long to java.util.UUID] with root cause

java.lang.ClassCastException: Cannot cast java.lang.Long to java.util.UUID
	at java.base/java.lang.Class.cast(Class.java:4069) ~[na:na]
	at org.postgresql.jdbc.PgResultSet.getObject(PgResultSet.java:3841) ~[postgresql-42.6.2.jar:42.6.2]
	at com.zaxxer.hikari.pool.HikariProxyResultSet.getObject(HikariProxyResultSet.java) ~[HikariCP-5.0.1.jar:na]
	at org.hibernate.type.descriptor.jdbc.UUIDJdbcType$2.doExtract(UUIDJdbcType.java:81) ~[hibernate-core-6.4.4.Final.jar:6.4.4.Final]
	at org.hibernate.type.descriptor.jdbc.BasicExtractor.extract(BasicExtractor.java:44) ~[hibernate-core-6.4.4.Final.jar:6.4.4.Final]
	at org.hibernate.sql.results.jdbc.internal.JdbcValuesResultSetImpl.getCurrentRowValue(JdbcValuesResultSetImpl.java:302) ~[hibernate-core-6.4.4.Final.jar:6.4.4.Final]
	at org.hibernate.sql.results.internal.RowProcessingStateStandardImpl.getJdbcValue(RowProcessingStateStandardImpl.java:119) ~[hibernate-core-6.4.4.Final.jar:6.4.4.Final]
	at org.hibernate.sql.results.graph.basic.BasicResultAssembler.extractRawValue(BasicResultAssembler.java:52) ~[hibernate-core-6.4.4.Final.jar:6.4.4.Final]
	at org.hibernate.sql.results.graph.basic.BasicResultAssembler.assemble(BasicResultAssembler.java:59) ~[hibernate-core-6.4.4.Final.jar:6.4.4.Final]
	at org.hibernate.sql.results.graph.entity.AbstractEntityInitializer.initializeIdentifier(AbstractEntityInitializer.java:374) ~[hibernate-core-6.4.4.Final.jar:6.4.4.Final]
	at org.hibernate.sql.results.graph.entity.AbstractEntityInitializer.resolveEntityKey(AbstractEntityInitializer.java:351) ~[hibernate-core-6.4.4.Final.jar:6.4.4.Final]
	at org.hibernate.sql.results.graph.entity.AbstractEntityInitializer.resolveKey(AbstractEntityInitializer.java:293) ~[hibernate-core-6.4.4.Final.jar:6.4.4.Final]
	at org.hibernate.sql.results.graph.entity.internal.EntityJoinedFetchInitializer.resolveKey(EntityJoinedFetchInitializer.java:67) ~[hibernate-core-6.4.4.Final.jar:6.4.4.Final]
	at org.hibernate.sql.results.internal.InitializersList.resolveKeys(InitializersList.java:82) ~[hibernate-core-6.4.4.Final.jar:6.4.4.Final]
	at org.hibernate.sql.results.internal.StandardRowReader.coordinateInitializers(StandardRowReader.java:107) ~[hibernate-core-6.4.4.Final.jar:6.4.4.Final]
	at org.hibernate.sql.results.internal.StandardRowReader.readRow(StandardRowReader.java:86) ~[hibernate-core-6.4.4.Final.jar:6.4.4.Final]
	at org.hibernate.sql.results.spi.ListResultsConsumer.consume(ListResultsConsumer.java:181) ~[hibernate-core-6.4.4.Final.jar:6.4.4.Final]
	at org.hibernate.sql.results.spi.ListResultsConsumer.consume(ListResultsConsumer.java:33) ~[hibernate-core-6.4.4.Final.jar:6.4.4.Final]
	at org.hibernate.sql.exec.internal.JdbcSelectExecutorStandardImpl.doExecuteQuery(JdbcSelectExecutorStandardImpl.java:209) ~[hibernate-core-6.4.4.Final.jar:6.4.4.Final]
	at org.hibernate.sql.exec.internal.JdbcSelectExecutorStandardImpl.executeQuery(JdbcSelectExecutorStandardImpl.java:83) ~[hibernate-core-6.4.4.Final.jar:6.4.4.Final]
	at org.hibernate.sql.exec.spi.JdbcSelectExecutor.list(JdbcSelectExecutor.java:76) ~[hibernate-core-6.4.4.Final.jar:6.4.4.Final]
	at org.hibernate.sql.exec.spi.JdbcSelectExecutor.list(JdbcSelectExecutor.java:65) ~[hibernate-core-6.4.4.Final.jar:6.4.4.Final]
	at org.hibernate.loader.ast.internal.CollectionLoaderSingleKey.load(CollectionLoaderSingleKey.java:120) ~[hibernate-core-6.4.4.Final.jar:6.4.4.Final]
	at org.hibernate.persister.collection.AbstractCollectionPersister.initialize(AbstractCollectionPersister.java:680) ~[hibernate-core-6.4.4.Final.jar:6.4.4.Final]
	at org.hibernate.event.internal.DefaultInitializeCollectionEventListener.onInitializeCollection(DefaultInitializeCollectionEventListener.java:67) ~[hibernate-core-6.4.4.Final.jar:6.4.4.Final]
	at org.hibernate.event.service.internal.EventListenerGroupImpl.fireEventOnEachListener(EventListenerGroupImpl.java:127) ~[hibernate-core-6.4.4.Final.jar:6.4.4.Final]
	at org.hibernate.internal.SessionImpl.initializeCollection(SessionImpl.java:1692) ~[hibernate-core-6.4.4.Final.jar:6.4.4.Final]
	at org.hibernate.collection.spi.AbstractPersistentCollection.lambda$initialize$3(AbstractPersistentCollection.java:615) ~[hibernate-core-6.4.4.Final.jar:6.4.4.Final]
	at org.hibernate.collection.spi.AbstractPersistentCollection.withTemporarySessionIfNeeded(AbstractPersistentCollection.java:264) ~[hibernate-core-6.4.4.Final.jar:6.4.4.Final]
	at org.hibernate.collection.spi.AbstractPersistentCollection.initialize(AbstractPersistentCollection.java:613) ~[hibernate-core-6.4.4.Final.jar:6.4.4.Final]
	at org.hibernate.collection.spi.AbstractPersistentCollection.forceInitialization(AbstractPersistentCollection.java:816) ~[hibernate-core-6.4.4.Final.jar:6.4.4.Final]
	at org.hibernate.engine.internal.StatefulPersistenceContext.initializeNonLazyCollections(StatefulPersistenceContext.java:1143) ~[hibernate-core-6.4.4.Final.jar:6.4.4.Final]
	at org.hibernate.engine.internal.StatefulPersistenceContext.initializeNonLazyCollections(StatefulPersistenceContext.java:1129) ~[hibernate-core-6.4.4.Final.jar:6.4.4.Final]
	at org.hibernate.sql.results.spi.ListResultsConsumer.consume(ListResultsConsumer.java:229) ~[hibernate-core-6.4.4.Final.jar:6.4.4.Final]
	at org.hibernate.sql.results.spi.ListResultsConsumer.consume(ListResultsConsumer.java:33) ~[hibernate-core-6.4.4.Final.jar:6.4.4.Final]
	at org.hibernate.sql.exec.internal.JdbcSelectExecutorStandardImpl.doExecuteQuery(JdbcSelectExecutorStandardImpl.java:209) ~[hibernate-core-6.4.4.Final.jar:6.4.4.Final]
	at org.hibernate.sql.exec.internal.JdbcSelectExecutorStandardImpl.executeQuery(JdbcSelectExecutorStandardImpl.java:83) ~[hibernate-core-6.4.4.Final.jar:6.4.4.Final]
	at org.hibernate.sql.exec.spi.JdbcSelectExecutor.list(JdbcSelectExecutor.java:76) ~[hibernate-core-6.4.4.Final.jar:6.4.4.Final]
	at org.hibernate.sql.exec.spi.JdbcSelectExecutor.list(JdbcSelectExecutor.java:65) ~[hibernate-core-6.4.4.Final.jar:6.4.4.Final]
	at org.hibernate.query.sqm.internal.ConcreteSqmSelectQueryPlan.lambda$new$2(ConcreteSqmSelectQueryPlan.java:137) ~[hibernate-core-6.4.4.Final.jar:6.4.4.Final]
	at org.hibernate.query.sqm.internal.ConcreteSqmSelectQueryPlan.withCacheableSqmInterpretation(ConcreteSqmSelectQueryPlan.java:362) ~[hibernate-core-6.4.4.Final.jar:6.4.4.Final]
	at org.hibernate.query.sqm.internal.ConcreteSqmSelectQueryPlan.performList(ConcreteSqmSelectQueryPlan.java:303) ~[hibernate-core-6.4.4.Final.jar:6.4.4.Final]
	at org.hibernate.query.sqm.internal.QuerySqmImpl.doList(QuerySqmImpl.java:509) ~[hibernate-core-6.4.4.Final.jar:6.4.4.Final]
	at org.hibernate.query.spi.AbstractSelectionQuery.list(AbstractSelectionQuery.java:427) ~[hibernate-core-6.4.4.Final.jar:6.4.4.Final]
	at org.hibernate.query.Query.getResultList(Query.java:120) ~[hibernate-core-6.4.4.Final.jar:6.4.4.Final]
	at org.springframework.data.jpa.repository.query.JpaQueryExecution$CollectionExecution.doExecute(JpaQueryExecution.java:129) ~[spring-data-jpa-3.2.5.jar:3.2.5]
	at org.springframework.data.jpa.repository.query.JpaQueryExecution.execute(JpaQueryExecution.java:92) ~[spring-data-jpa-3.2.5.jar:3.2.5]
	at org.springframework.data.jpa.repository.query.AbstractJpaQuery.doExecute(AbstractJpaQuery.java:149) ~[spring-data-jpa-3.2.5.jar:3.2.5]
	at org.springframework.data.jpa.repository.query.AbstractJpaQuery.execute(AbstractJpaQuery.java:137) ~[spring-data-jpa-3.2.5.jar:3.2.5]
	at org.springframework.data.repository.core.support.RepositoryMethodInvoker.doInvoke(RepositoryMethodInvoker.java:170) ~[spring-data-commons-3.2.5.jar:3.2.5]
	at org.springframework.data.repository.core.support.RepositoryMethodInvoker.invoke(RepositoryMethodInvoker.java:158) ~[spring-data-commons-3.2.5.jar:3.2.5]
	at org.springframework.data.repository.core.support.QueryExecutorMethodInterceptor.doInvoke(QueryExecutorMethodInterceptor.java:164) ~[spring-data-commons-3.2.5.jar:3.2.5]
	at org.springframework.data.repository.core.support.QueryExecutorMethodInterceptor.invoke(QueryExecutorMethodInterceptor.java:143) ~[spring-data-commons-3.2.5.jar:3.2.5]
	at org.springframework.aop.framework.ReflectiveMethodInvocation.proceed(ReflectiveMethodInvocation.java:184) ~[spring-aop-6.1.6.jar:6.1.6]
	at org.springframework.data.projection.DefaultMethodInvokingMethodInterceptor.invoke(DefaultMethodInvokingMethodInterceptor.java:70) ~[spring-data-commons-3.2.5.jar:3.2.5]
	at org.springframework.aop.framework.ReflectiveMethodInvocation.proceed(ReflectiveMethodInvocation.java:184) ~[spring-aop-6.1.6.jar:6.1.6]
	at org.springframework.transaction.interceptor.TransactionInterceptor$1.proceedWithInvocation(TransactionInterceptor.java:123) ~[spring-tx-6.1.6.jar:6.1.6]
	at org.springframework.transaction.interceptor.TransactionAspectSupport.invokeWithinTransaction(TransactionAspectSupport.java:392) ~[spring-tx-6.1.6.jar:6.1.6]
	at org.springframework.transaction.interceptor.TransactionInterceptor.invoke(TransactionInterceptor.java:119) ~[spring-tx-6.1.6.jar:6.1.6]
	at org.springframework.aop.framework.ReflectiveMethodInvocation.proceed(ReflectiveMethodInvocation.java:184) ~[spring-aop-6.1.6.jar:6.1.6]
	at org.springframework.dao.support.PersistenceExceptionTranslationInterceptor.invoke(PersistenceExceptionTranslationInterceptor.java:137) ~[spring-tx-6.1.6.jar:6.1.6]
	at org.springframework.aop.framework.ReflectiveMethodInvocation.proceed(ReflectiveMethodInvocation.java:184) ~[spring-aop-6.1.6.jar:6.1.6]
	at org.springframework.data.jpa.repository.support.CrudMethodMetadataPostProcessor$CrudMethodMetadataPopulatingMethodInterceptor.invoke(CrudMethodMetadataPostProcessor.java:135) ~[spring-data-jpa-3.2.5.jar:3.2.5]
	at org.springframework.aop.framework.ReflectiveMethodInvocation.proceed(ReflectiveMethodInvocation.java:184) ~[spring-aop-6.1.6.jar:6.1.6]
	at org.springframework.aop.interceptor.ExposeInvocationInterceptor.invoke(ExposeInvocationInterceptor.java:97) ~[spring-aop-6.1.6.jar:6.1.6]
	at org.springframework.aop.framework.ReflectiveMethodInvocation.proceed(ReflectiveMethodInvocation.java:184) ~[spring-aop-6.1.6.jar:6.1.6]
	at org.springframework.aop.framework.JdkDynamicAopProxy.invoke(JdkDynamicAopProxy.java:223) ~[spring-aop-6.1.6.jar:6.1.6]
	at jdk.proxy2/jdk.proxy2.$Proxy138.findByUserId(Unknown Source) ~[na:na]
	at iuh.fit.cvservice.service.CVService.getCVsByUserId(CVService.java:20) ~[classes/:na]
	at java.base/jdk.internal.reflect.DirectMethodHandleAccessor.invoke(DirectMethodHandleAccessor.java:103) ~[na:na]
	at java.base/java.lang.reflect.Method.invoke(Method.java:580) ~[na:na]
	at org.springframework.aop.support.AopUtils.invokeJoinpointUsingReflection(AopUtils.java:354) ~[spring-aop-6.1.6.jar:6.1.6]
	at org.springframework.aop.framework.CglibAopProxy$DynamicAdvisedInterceptor.intercept(CglibAopProxy.java:716) ~[spring-aop-6.1.6.jar:6.1.6]
	at iuh.fit.cvservice.service.CVService$$SpringCGLIB$$0.getCVsByUserId(<generated>) ~[classes/:na]
	at iuh.fit.cvservice.controller.CVController.getMyCVs(CVController.java:33) ~[classes/:na]
	at java.base/jdk.internal.reflect.DirectMethodHandleAccessor.invoke(DirectMethodHandleAccessor.java:103) ~[na:na]
	at java.base/java.lang.reflect.Method.invoke(Method.java:580) ~[na:na]
	at org.springframework.web.method.support.InvocableHandlerMethod.doInvoke(InvocableHandlerMethod.java:255) ~[spring-web-6.1.6.jar:6.1.6]
	at org.springframework.web.method.support.InvocableHandlerMethod.invokeForRequest(InvocableHandlerMethod.java:188) ~[spring-web-6.1.6.jar:6.1.6]
	at org.springframework.web.servlet.mvc.method.annotation.ServletInvocableHandlerMethod.invokeAndHandle(ServletInvocableHandlerMethod.java:118) ~[spring-webmvc-6.1.6.jar:6.1.6]
	at org.springframework.web.servlet.mvc.method.annotation.RequestMappingHandlerAdapter.invokeHandlerMethod(RequestMappingHandlerAdapter.java:926) ~[spring-webmvc-6.1.6.jar:6.1.6]
	at org.springframework.web.servlet.mvc.method.annotation.RequestMappingHandlerAdapter.handleInternal(RequestMappingHandlerAdapter.java:831) ~[spring-webmvc-6.1.6.jar:6.1.6]
	at org.springframework.web.servlet.mvc.method.AbstractHandlerMethodAdapter.handle(AbstractHandlerMethodAdapter.java:87) ~[spring-webmvc-6.1.6.jar:6.1.6]
	at org.springframework.web.servlet.DispatcherServlet.doDispatch(DispatcherServlet.java:1089) ~[spring-webmvc-6.1.6.jar:6.1.6]
	at org.springframework.web.servlet.DispatcherServlet.doService(DispatcherServlet.java:979) ~[spring-webmvc-6.1.6.jar:6.1.6]
	at org.springframework.web.servlet.FrameworkServlet.processRequest(FrameworkServlet.java:1014) ~[spring-webmvc-6.1.6.jar:6.1.6]
	at org.springframework.web.servlet.FrameworkServlet.doGet(FrameworkServlet.java:903) ~[spring-webmvc-6.1.6.jar:6.1.6]
	at jakarta.servlet.http.HttpServlet.service(HttpServlet.java:564) ~[tomcat-embed-core-10.1.20.jar:6.0]
	at org.springframework.web.servlet.FrameworkServlet.service(FrameworkServlet.java:885) ~[spring-webmvc-6.1.6.jar:6.1.6]
	at jakarta.servlet.http.HttpServlet.service(HttpServlet.java:658) ~[tomcat-embed-core-10.1.20.jar:6.0]
	at org.apache.catalina.core.ApplicationFilterChain.internalDoFilter(ApplicationFilterChain.java:206) ~[tomcat-embed-core-10.1.20.jar:10.1.20]
	at org.apache.catalina.core.ApplicationFilterChain.doFilter(ApplicationFilterChain.java:150) ~[tomcat-embed-core-10.1.20.jar:10.1.20]
	at org.apache.tomcat.websocket.server.WsFilter.doFilter(WsFilter.java:51) ~[tomcat-embed-websocket-10.1.20.jar:10.1.20]
	at org.apache.catalina.core.ApplicationFilterChain.internalDoFilter(ApplicationFilterChain.java:175) ~[tomcat-embed-core-10.1.20.jar:10.1.20]
	at org.apache.catalina.core.ApplicationFilterChain.doFilter(ApplicationFilterChain.java:150) ~[tomcat-embed-core-10.1.20.jar:10.1.20]
	at org.springframework.web.filter.RequestContextFilter.doFilterInternal(RequestContextFilter.java:100) ~[spring-web-6.1.6.jar:6.1.6]
	at org.springframework.web.filter.OncePerRequestFilter.doFilter(OncePerRequestFilter.java:116) ~[spring-web-6.1.6.jar:6.1.6]
	at org.apache.catalina.core.ApplicationFilterChain.internalDoFilter(ApplicationFilterChain.java:175) ~[tomcat-embed-core-10.1.20.jar:10.1.20]
	at org.apache.catalina.core.ApplicationFilterChain.doFilter(ApplicationFilterChain.java:150) ~[tomcat-embed-core-10.1.20.jar:10.1.20]
	at org.springframework.web.filter.FormContentFilter.doFilterInternal(FormContentFilter.java:93) ~[spring-web-6.1.6.jar:6.1.6]
	at org.springframework.web.filter.OncePerRequestFilter.doFilter(OncePerRequestFilter.java:116) ~[spring-web-6.1.6.jar:6.1.6]
	at org.apache.catalina.core.ApplicationFilterChain.internalDoFilter(ApplicationFilterChain.java:175) ~[tomcat-embed-core-10.1.20.jar:10.1.20]
	at org.apache.catalina.core.ApplicationFilterChain.doFilter(ApplicationFilterChain.java:150) ~[tomcat-embed-core-10.1.20.jar:10.1.20]
	at org.springframework.web.filter.CharacterEncodingFilter.doFilterInternal(CharacterEncodingFilter.java:201) ~[spring-web-6.1.6.jar:6.1.6]
	at org.springframework.web.filter.OncePerRequestFilter.doFilter(OncePerRequestFilter.java:116) ~[spring-web-6.1.6.jar:6.1.6]
	at org.apache.catalina.core.ApplicationFilterChain.internalDoFilter(ApplicationFilterChain.java:175) ~[tomcat-embed-core-10.1.20.jar:10.1.20]
	at org.apache.catalina.core.ApplicationFilterChain.doFilter(ApplicationFilterChain.java:150) ~[tomcat-embed-core-10.1.20.jar:10.1.20]
	at org.apache.catalina.core.StandardWrapperValve.invoke(StandardWrapperValve.java:167) ~[tomcat-embed-core-10.1.20.jar:10.1.20]
	at org.apache.catalina.core.StandardContextValve.invoke(StandardContextValve.java:90) ~[tomcat-embed-core-10.1.20.jar:10.1.20]
	at org.apache.catalina.authenticator.AuthenticatorBase.invoke(AuthenticatorBase.java:482) ~[tomcat-embed-core-10.1.20.jar:10.1.20]
	at org.apache.catalina.core.StandardHostValve.invoke(StandardHostValve.java:115) ~[tomcat-embed-core-10.1.20.jar:10.1.20]
	at org.apache.catalina.valves.ErrorReportValve.invoke(ErrorReportValve.java:93) ~[tomcat-embed-core-10.1.20.jar:10.1.20]
	at org.apache.catalina.core.StandardEngineValve.invoke(StandardEngineValve.java:74) ~[tomcat-embed-core-10.1.20.jar:10.1.20]
	at org.apache.catalina.connector.CoyoteAdapter.service(CoyoteAdapter.java:344) ~[tomcat-embed-core-10.1.20.jar:10.1.20]
	at org.apache.coyote.http11.Http11Processor.service(Http11Processor.java:391) ~[tomcat-embed-core-10.1.20.jar:10.1.20]
	at org.apache.coyote.AbstractProcessorLight.process(AbstractProcessorLight.java:63) ~[tomcat-embed-core-10.1.20.jar:10.1.20]
	at org.apache.coyote.AbstractProtocol$ConnectionHandler.process(AbstractProtocol.java:896) ~[tomcat-embed-core-10.1.20.jar:10.1.20]
	at org.apache.tomcat.util.net.NioEndpoint$SocketProcessor.doRun(NioEndpoint.java:1736) ~[tomcat-embed-core-10.1.20.jar:10.1.20]
	at org.apache.tomcat.util.net.SocketProcessorBase.run(SocketProcessorBase.java:52) ~[tomcat-embed-core-10.1.20.jar:10.1.20]
	at org.apache.tomcat.util.threads.ThreadPoolExecutor.runWorker(ThreadPoolExecutor.java:1191) ~[tomcat-embed-core-10.1.20.jar:10.1.20]
	at org.apache.tomcat.util.threads.ThreadPoolExecutor$Worker.run(ThreadPoolExecutor.java:659) ~[tomcat-embed-core-10.1.20.jar:10.1.20]
	at org.apache.tomcat.util.threads.TaskThread$WrappingRunnable.run(TaskThread.java:63) ~[tomcat-embed-core-10.1.20.jar:10.1.20]
	at java.base/java.lang.Thread.run(Thread.java:1583) ~[na:na]

2026-04-24T00:18:21.500+07:00  INFO 19748 --- [cv-service] [nio-8087-exec-4] i.fit.cvservice.controller.CVController  : Fetching CVs for user: d29e7734-49e1-4410-9884-c07206739e06
Hibernate: select c1_0.id,c1_0.address,c1_0.avatar_url,c1_0.dob,c1_0.email,c1_0.full_name,c1_0.job_title,c1_0.linkedin,c1_0.name,c1_0.phone,c1_0.status,c1_0.summary,c1_0.template_id,c1_0.updated_at,c1_0.user_id from cvs c1_0 where c1_0.user_id=?
Hibernate: select s1_0.cv_id,s1_0.id,s1_0.level,s1_0.name from cv_skills s1_0 where s1_0.cv_id=?
Hibernate: select p1_0.cv_id,p1_0.id,p1_0.description,p1_0.end_date,p1_0.link,p1_0.name,p1_0.start_date from cv_projects p1_0 where p1_0.cv_id=?
Hibernate: select e1_0.cv_id,e1_0.id,e1_0.company,e1_0.description,e1_0.end_date,e1_0.role,e1_0.start_date from cv_experiences e1_0 where e1_0.cv_id=?
Hibernate: select e1_0.cv_id,e1_0.id,e1_0.description,e1_0.end_date,e1_0.major,e1_0.school,e1_0.start_date from cv_educations e1_0 where e1_0.cv_id=?
Hibernate: select c1_0.cv_id,c1_0.id,c1_0.date,c1_0.name,c1_0.org from cv_certificates c1_0 where c1_0.cv_id=?
Hibernate: select s1_0.cv_id,s1_0.id,s1_0.level,s1_0.name from cv_skills s1_0 where s1_0.cv_id=?
Hibernate: select p1_0.cv_id,p1_0.id,p1_0.description,p1_0.end_date,p1_0.link,p1_0.name,p1_0.start_date from cv_projects p1_0 where p1_0.cv_id=?
Hibernate: select e1_0.cv_id,e1_0.id,e1_0.company,e1_0.description,e1_0.end_date,e1_0.role,e1_0.start_date from cv_experiences e1_0 where e1_0.cv_id=?
Hibernate: select e1_0.cv_id,e1_0.id,e1_0.description,e1_0.end_date,e1_0.major,e1_0.school,e1_0.start_date from cv_educations e1_0 where e1_0.cv_id=?
Hibernate: select c1_0.cv_id,c1_0.id,c1_0.date,c1_0.name,c1_0.org from cv_certificates c1_0 where c1_0.cv_id=?
Hibernate: select s1_0.cv_id,s1_0.id,s1_0.level,s1_0.name from cv_skills s1_0 where s1_0.cv_id=?
Hibernate: select p1_0.cv_id,p1_0.id,p1_0.description,p1_0.end_date,p1_0.link,p1_0.name,p1_0.start_date from cv_projects p1_0 where p1_0.cv_id=?
Hibernate: select e1_0.cv_id,e1_0.id,e1_0.company,e1_0.description,e1_0.end_date,e1_0.role,e1_0.start_date from cv_experiences e1_0 where e1_0.cv_id=?
Hibernate: select e1_0.cv_id,e1_0.id,e1_0.description,e1_0.end_date,e1_0.major,e1_0.school,e1_0.start_date from cv_educations e1_0 where e1_0.cv_id=?
Hibernate: select c1_0.cv_id,c1_0.id,c1_0.date,c1_0.name,c1_0.org from cv_certificates c1_0 where c1_0.cv_id=?
2026-04-24T00:18:21.535+07:00 ERROR 19748 --- [cv-service] [nio-8087-exec-4] o.a.c.c.C.[.[.[/].[dispatcherServlet]    : Servlet.service() for servlet [dispatcherServlet] in context with path [] threw exception [Request processing failed: java.lang.ClassCastException: Cannot cast java.lang.Long to java.util.UUID] with root cause

java.lang.ClassCastException: Cannot cast java.lang.Long to java.util.UUID
	at java.base/java.lang.Class.cast(Class.java:4069) ~[na:na]
	at org.postgresql.jdbc.PgResultSet.getObject(PgResultSet.java:3841) ~[postgresql-42.6.2.jar:42.6.2]
	at com.zaxxer.hikari.pool.HikariProxyResultSet.getObject(HikariProxyResultSet.java) ~[HikariCP-5.0.1.jar:na]
	at org.hibernate.type.descriptor.jdbc.UUIDJdbcType$2.doExtract(UUIDJdbcType.java:81) ~[hibernate-core-6.4.4.Final.jar:6.4.4.Final]
	at org.hibernate.type.descriptor.jdbc.BasicExtractor.extract(BasicExtractor.java:44) ~[hibernate-core-6.4.4.Final.jar:6.4.4.Final]
	at org.hibernate.sql.results.jdbc.internal.JdbcValuesResultSetImpl.getCurrentRowValue(JdbcValuesResultSetImpl.java:302) ~[hibernate-core-6.4.4.Final.jar:6.4.4.Final]
	at org.hibernate.sql.results.internal.RowProcessingStateStandardImpl.getJdbcValue(RowProcessingStateStandardImpl.java:119) ~[hibernate-core-6.4.4.Final.jar:6.4.4.Final]
	at org.hibernate.sql.results.graph.basic.BasicResultAssembler.extractRawValue(BasicResultAssembler.java:52) ~[hibernate-core-6.4.4.Final.jar:6.4.4.Final]
	at org.hibernate.sql.results.graph.basic.BasicResultAssembler.assemble(BasicResultAssembler.java:59) ~[hibernate-core-6.4.4.Final.jar:6.4.4.Final]
	at org.hibernate.sql.results.graph.entity.AbstractEntityInitializer.initializeIdentifier(AbstractEntityInitializer.java:374) ~[hibernate-core-6.4.4.Final.jar:6.4.4.Final]
	at org.hibernate.sql.results.graph.entity.AbstractEntityInitializer.resolveEntityKey(AbstractEntityInitializer.java:351) ~[hibernate-core-6.4.4.Final.jar:6.4.4.Final]
	at org.hibernate.sql.results.graph.entity.AbstractEntityInitializer.resolveKey(AbstractEntityInitializer.java:293) ~[hibernate-core-6.4.4.Final.jar:6.4.4.Final]
	at org.hibernate.sql.results.graph.entity.internal.EntityJoinedFetchInitializer.resolveKey(EntityJoinedFetchInitializer.java:67) ~[hibernate-core-6.4.4.Final.jar:6.4.4.Final]
	at org.hibernate.sql.results.internal.InitializersList.resolveKeys(InitializersList.java:82) ~[hibernate-core-6.4.4.Final.jar:6.4.4.Final]
	at org.hibernate.sql.results.internal.StandardRowReader.coordinateInitializers(StandardRowReader.java:107) ~[hibernate-core-6.4.4.Final.jar:6.4.4.Final]
	at org.hibernate.sql.results.internal.StandardRowReader.readRow(StandardRowReader.java:86) ~[hibernate-core-6.4.4.Final.jar:6.4.4.Final]
	at org.hibernate.sql.results.spi.ListResultsConsumer.consume(ListResultsConsumer.java:181) ~[hibernate-core-6.4.4.Final.jar:6.4.4.Final]
	at org.hibernate.sql.results.spi.ListResultsConsumer.consume(ListResultsConsumer.java:33) ~[hibernate-core-6.4.4.Final.jar:6.4.4.Final]
	at org.hibernate.sql.exec.internal.JdbcSelectExecutorStandardImpl.doExecuteQuery(JdbcSelectExecutorStandardImpl.java:209) ~[hibernate-core-6.4.4.Final.jar:6.4.4.Final]
	at org.hibernate.sql.exec.internal.JdbcSelectExecutorStandardImpl.executeQuery(JdbcSelectExecutorStandardImpl.java:83) ~[hibernate-core-6.4.4.Final.jar:6.4.4.Final]
	at org.hibernate.sql.exec.spi.JdbcSelectExecutor.list(JdbcSelectExecutor.java:76) ~[hibernate-core-6.4.4.Final.jar:6.4.4.Final]
	at org.hibernate.sql.exec.spi.JdbcSelectExecutor.list(JdbcSelectExecutor.java:65) ~[hibernate-core-6.4.4.Final.jar:6.4.4.Final]
	at org.hibernate.loader.ast.internal.CollectionLoaderSingleKey.load(CollectionLoaderSingleKey.java:120) ~[hibernate-core-6.4.4.Final.jar:6.4.4.Final]
	at org.hibernate.persister.collection.AbstractCollectionPersister.initialize(AbstractCollectionPersister.java:680) ~[hibernate-core-6.4.4.Final.jar:6.4.4.Final]
	at org.hibernate.event.internal.DefaultInitializeCollectionEventListener.onInitializeCollection(DefaultInitializeCollectionEventListener.java:67) ~[hibernate-core-6.4.4.Final.jar:6.4.4.Final]
	at org.hibernate.event.service.internal.EventListenerGroupImpl.fireEventOnEachListener(EventListenerGroupImpl.java:127) ~[hibernate-core-6.4.4.Final.jar:6.4.4.Final]
	at org.hibernate.internal.SessionImpl.initializeCollection(SessionImpl.java:1692) ~[hibernate-core-6.4.4.Final.jar:6.4.4.Final]
	at org.hibernate.collection.spi.AbstractPersistentCollection.lambda$initialize$3(AbstractPersistentCollection.java:615) ~[hibernate-core-6.4.4.Final.jar:6.4.4.Final]
	at org.hibernate.collection.spi.AbstractPersistentCollection.withTemporarySessionIfNeeded(AbstractPersistentCollection.java:264) ~[hibernate-core-6.4.4.Final.jar:6.4.4.Final]
	at org.hibernate.collection.spi.AbstractPersistentCollection.initialize(AbstractPersistentCollection.java:613) ~[hibernate-core-6.4.4.Final.jar:6.4.4.Final]
	at org.hibernate.collection.spi.AbstractPersistentCollection.forceInitialization(AbstractPersistentCollection.java:816) ~[hibernate-core-6.4.4.Final.jar:6.4.4.Final]
	at org.hibernate.engine.internal.StatefulPersistenceContext.initializeNonLazyCollections(StatefulPersistenceContext.java:1143) ~[hibernate-core-6.4.4.Final.jar:6.4.4.Final]
	at org.hibernate.engine.internal.StatefulPersistenceContext.initializeNonLazyCollections(StatefulPersistenceContext.java:1129) ~[hibernate-core-6.4.4.Final.jar:6.4.4.Final]
	at org.hibernate.sql.results.spi.ListResultsConsumer.consume(ListResultsConsumer.java:229) ~[hibernate-core-6.4.4.Final.jar:6.4.4.Final]
	at org.hibernate.sql.results.spi.ListResultsConsumer.consume(ListResultsConsumer.java:33) ~[hibernate-core-6.4.4.Final.jar:6.4.4.Final]
	at org.hibernate.sql.exec.internal.JdbcSelectExecutorStandardImpl.doExecuteQuery(JdbcSelectExecutorStandardImpl.java:209) ~[hibernate-core-6.4.4.Final.jar:6.4.4.Final]
	at org.hibernate.sql.exec.internal.JdbcSelectExecutorStandardImpl.executeQuery(JdbcSelectExecutorStandardImpl.java:83) ~[hibernate-core-6.4.4.Final.jar:6.4.4.Final]
	at org.hibernate.sql.exec.spi.JdbcSelectExecutor.list(JdbcSelectExecutor.java:76) ~[hibernate-core-6.4.4.Final.jar:6.4.4.Final]
	at org.hibernate.sql.exec.spi.JdbcSelectExecutor.list(JdbcSelectExecutor.java:65) ~[hibernate-core-6.4.4.Final.jar:6.4.4.Final]
	at org.hibernate.query.sqm.internal.ConcreteSqmSelectQueryPlan.lambda$new$2(ConcreteSqmSelectQueryPlan.java:137) ~[hibernate-core-6.4.4.Final.jar:6.4.4.Final]
	at org.hibernate.query.sqm.internal.ConcreteSqmSelectQueryPlan.withCacheableSqmInterpretation(ConcreteSqmSelectQueryPlan.java:362) ~[hibernate-core-6.4.4.Final.jar:6.4.4.Final]
	at org.hibernate.query.sqm.internal.ConcreteSqmSelectQueryPlan.performList(ConcreteSqmSelectQueryPlan.java:303) ~[hibernate-core-6.4.4.Final.jar:6.4.4.Final]
	at org.hibernate.query.sqm.internal.QuerySqmImpl.doList(QuerySqmImpl.java:509) ~[hibernate-core-6.4.4.Final.jar:6.4.4.Final]
	at org.hibernate.query.spi.AbstractSelectionQuery.list(AbstractSelectionQuery.java:427) ~[hibernate-core-6.4.4.Final.jar:6.4.4.Final]
	at org.hibernate.query.Query.getResultList(Query.java:120) ~[hibernate-core-6.4.4.Final.jar:6.4.4.Final]
	at org.springframework.data.jpa.repository.query.JpaQueryExecution$CollectionExecution.doExecute(JpaQueryExecution.java:129) ~[spring-data-jpa-3.2.5.jar:3.2.5]
	at org.springframework.data.jpa.repository.query.JpaQueryExecution.execute(JpaQueryExecution.java:92) ~[spring-data-jpa-3.2.5.jar:3.2.5]
	at org.springframework.data.jpa.repository.query.AbstractJpaQuery.doExecute(AbstractJpaQuery.java:149) ~[spring-data-jpa-3.2.5.jar:3.2.5]
	at org.springframework.data.jpa.repository.query.AbstractJpaQuery.execute(AbstractJpaQuery.java:137) ~[spring-data-jpa-3.2.5.jar:3.2.5]
	at org.springframework.data.repository.core.support.RepositoryMethodInvoker.doInvoke(RepositoryMethodInvoker.java:170) ~[spring-data-commons-3.2.5.jar:3.2.5]
	at org.springframework.data.repository.core.support.RepositoryMethodInvoker.invoke(RepositoryMethodInvoker.java:158) ~[spring-data-commons-3.2.5.jar:3.2.5]
	at org.springframework.data.repository.core.support.QueryExecutorMethodInterceptor.doInvoke(QueryExecutorMethodInterceptor.java:164) ~[spring-data-commons-3.2.5.jar:3.2.5]
	at org.springframework.data.repository.core.support.QueryExecutorMethodInterceptor.invoke(QueryExecutorMethodInterceptor.java:143) ~[spring-data-commons-3.2.5.jar:3.2.5]
	at org.springframework.aop.framework.ReflectiveMethodInvocation.proceed(ReflectiveMethodInvocation.java:184) ~[spring-aop-6.1.6.jar:6.1.6]
	at org.springframework.data.projection.DefaultMethodInvokingMethodInterceptor.invoke(DefaultMethodInvokingMethodInterceptor.java:70) ~[spring-data-commons-3.2.5.jar:3.2.5]
	at org.springframework.aop.framework.ReflectiveMethodInvocation.proceed(ReflectiveMethodInvocation.java:184) ~[spring-aop-6.1.6.jar:6.1.6]
	at org.springframework.transaction.interceptor.TransactionInterceptor$1.proceedWithInvocation(TransactionInterceptor.java:123) ~[spring-tx-6.1.6.jar:6.1.6]
	at org.springframework.transaction.interceptor.TransactionAspectSupport.invokeWithinTransaction(TransactionAspectSupport.java:392) ~[spring-tx-6.1.6.jar:6.1.6]
	at org.springframework.transaction.interceptor.TransactionInterceptor.invoke(TransactionInterceptor.java:119) ~[spring-tx-6.1.6.jar:6.1.6]
	at org.springframework.aop.framework.ReflectiveMethodInvocation.proceed(ReflectiveMethodInvocation.java:184) ~[spring-aop-6.1.6.jar:6.1.6]
	at org.springframework.dao.support.PersistenceExceptionTranslationInterceptor.invoke(PersistenceExceptionTranslationInterceptor.java:137) ~[spring-tx-6.1.6.jar:6.1.6]
	at org.springframework.aop.framework.ReflectiveMethodInvocation.proceed(ReflectiveMethodInvocation.java:184) ~[spring-aop-6.1.6.jar:6.1.6]
	at org.springframework.data.jpa.repository.support.CrudMethodMetadataPostProcessor$CrudMethodMetadataPopulatingMethodInterceptor.invoke(CrudMethodMetadataPostProcessor.java:135) ~[spring-data-jpa-3.2.5.jar:3.2.5]
	at org.springframework.aop.framework.ReflectiveMethodInvocation.proceed(ReflectiveMethodInvocation.java:184) ~[spring-aop-6.1.6.jar:6.1.6]
	at org.springframework.aop.interceptor.ExposeInvocationInterceptor.invoke(ExposeInvocationInterceptor.java:97) ~[spring-aop-6.1.6.jar:6.1.6]
	at org.springframework.aop.framework.ReflectiveMethodInvocation.proceed(ReflectiveMethodInvocation.java:184) ~[spring-aop-6.1.6.jar:6.1.6]
	at org.springframework.aop.framework.JdkDynamicAopProxy.invoke(JdkDynamicAopProxy.java:223) ~[spring-aop-6.1.6.jar:6.1.6]
	at jdk.proxy2/jdk.proxy2.$Proxy138.findByUserId(Unknown Source) ~[na:na]
	at iuh.fit.cvservice.service.CVService.getCVsByUserId(CVService.java:20) ~[classes/:na]
	at java.base/jdk.internal.reflect.DirectMethodHandleAccessor.invoke(DirectMethodHandleAccessor.java:103) ~[na:na]
	at java.base/java.lang.reflect.Method.invoke(Method.java:580) ~[na:na]
	at org.springframework.aop.support.AopUtils.invokeJoinpointUsingReflection(AopUtils.java:354) ~[spring-aop-6.1.6.jar:6.1.6]
	at org.springframework.aop.framework.CglibAopProxy$DynamicAdvisedInterceptor.intercept(CglibAopProxy.java:716) ~[spring-aop-6.1.6.jar:6.1.6]
	at iuh.fit.cvservice.service.CVService$$SpringCGLIB$$0.getCVsByUserId(<generated>) ~[classes/:na]
	at iuh.fit.cvservice.controller.CVController.getMyCVs(CVController.java:33) ~[classes/:na]
	at java.base/jdk.internal.reflect.DirectMethodHandleAccessor.invoke(DirectMethodHandleAccessor.java:103) ~[na:na]
	at java.base/java.lang.reflect.Method.invoke(Method.java:580) ~[na:na]
	at org.springframework.web.method.support.InvocableHandlerMethod.doInvoke(InvocableHandlerMethod.java:255) ~[spring-web-6.1.6.jar:6.1.6]
	at org.springframework.web.method.support.InvocableHandlerMethod.invokeForRequest(InvocableHandlerMethod.java:188) ~[spring-web-6.1.6.jar:6.1.6]
	at org.springframework.web.servlet.mvc.method.annotation.ServletInvocableHandlerMethod.invokeAndHandle(ServletInvocableHandlerMethod.java:118) ~[spring-webmvc-6.1.6.jar:6.1.6]
	at org.springframework.web.servlet.mvc.method.annotation.RequestMappingHandlerAdapter.invokeHandlerMethod(RequestMappingHandlerAdapter.java:926) ~[spring-webmvc-6.1.6.jar:6.1.6]
	at org.springframework.web.servlet.mvc.method.annotation.RequestMappingHandlerAdapter.handleInternal(RequestMappingHandlerAdapter.java:831) ~[spring-webmvc-6.1.6.jar:6.1.6]
	at org.springframework.web.servlet.mvc.method.AbstractHandlerMethodAdapter.handle(AbstractHandlerMethodAdapter.java:87) ~[spring-webmvc-6.1.6.jar:6.1.6]
	at org.springframework.web.servlet.DispatcherServlet.doDispatch(DispatcherServlet.java:1089) ~[spring-webmvc-6.1.6.jar:6.1.6]
	at org.springframework.web.servlet.DispatcherServlet.doService(DispatcherServlet.java:979) ~[spring-webmvc-6.1.6.jar:6.1.6]
	at org.springframework.web.servlet.FrameworkServlet.processRequest(FrameworkServlet.java:1014) ~[spring-webmvc-6.1.6.jar:6.1.6]
	at org.springframework.web.servlet.FrameworkServlet.doGet(FrameworkServlet.java:903) ~[spring-webmvc-6.1.6.jar:6.1.6]
	at jakarta.servlet.http.HttpServlet.service(HttpServlet.java:564) ~[tomcat-embed-core-10.1.20.jar:6.0]
	at org.springframework.web.servlet.FrameworkServlet.service(FrameworkServlet.java:885) ~[spring-webmvc-6.1.6.jar:6.1.6]
	at jakarta.servlet.http.HttpServlet.service(HttpServlet.java:658) ~[tomcat-embed-core-10.1.20.jar:6.0]
	at org.apache.catalina.core.ApplicationFilterChain.internalDoFilter(ApplicationFilterChain.java:206) ~[tomcat-embed-core-10.1.20.jar:10.1.20]
	at org.apache.catalina.core.ApplicationFilterChain.doFilter(ApplicationFilterChain.java:150) ~[tomcat-embed-core-10.1.20.jar:10.1.20]
	at org.apache.tomcat.websocket.server.WsFilter.doFilter(WsFilter.java:51) ~[tomcat-embed-websocket-10.1.20.jar:10.1.20]
	at org.apache.catalina.core.ApplicationFilterChain.internalDoFilter(ApplicationFilterChain.java:175) ~[tomcat-embed-core-10.1.20.jar:10.1.20]
	at org.apache.catalina.core.ApplicationFilterChain.doFilter(ApplicationFilterChain.java:150) ~[tomcat-embed-core-10.1.20.jar:10.1.20]
	at org.springframework.web.filter.RequestContextFilter.doFilterInternal(RequestContextFilter.java:100) ~[spring-web-6.1.6.jar:6.1.6]
	at org.springframework.web.filter.OncePerRequestFilter.doFilter(OncePerRequestFilter.java:116) ~[spring-web-6.1.6.jar:6.1.6]
	at org.apache.catalina.core.ApplicationFilterChain.internalDoFilter(ApplicationFilterChain.java:175) ~[tomcat-embed-core-10.1.20.jar:10.1.20]
	at org.apache.catalina.core.ApplicationFilterChain.doFilter(ApplicationFilterChain.java:150) ~[tomcat-embed-core-10.1.20.jar:10.1.20]
	at org.springframework.web.filter.FormContentFilter.doFilterInternal(FormContentFilter.java:93) ~[spring-web-6.1.6.jar:6.1.6]
	at org.springframework.web.filter.OncePerRequestFilter.doFilter(OncePerRequestFilter.java:116) ~[spring-web-6.1.6.jar:6.1.6]
	at org.apache.catalina.core.ApplicationFilterChain.internalDoFilter(ApplicationFilterChain.java:175) ~[tomcat-embed-core-10.1.20.jar:10.1.20]
	at org.apache.catalina.core.ApplicationFilterChain.doFilter(ApplicationFilterChain.java:150) ~[tomcat-embed-core-10.1.20.jar:10.1.20]
	at org.springframework.web.filter.CharacterEncodingFilter.doFilterInternal(CharacterEncodingFilter.java:201) ~[spring-web-6.1.6.jar:6.1.6]
	at org.springframework.web.filter.OncePerRequestFilter.doFilter(OncePerRequestFilter.java:116) ~[spring-web-6.1.6.jar:6.1.6]
	at org.apache.catalina.core.ApplicationFilterChain.internalDoFilter(ApplicationFilterChain.java:175) ~[tomcat-embed-core-10.1.20.jar:10.1.20]
	at org.apache.catalina.core.ApplicationFilterChain.doFilter(ApplicationFilterChain.java:150) ~[tomcat-embed-core-10.1.20.jar:10.1.20]
	at org.apache.catalina.core.StandardWrapperValve.invoke(StandardWrapperValve.java:167) ~[tomcat-embed-core-10.1.20.jar:10.1.20]
	at org.apache.catalina.core.StandardContextValve.invoke(StandardContextValve.java:90) ~[tomcat-embed-core-10.1.20.jar:10.1.20]
	at org.apache.catalina.authenticator.AuthenticatorBase.invoke(AuthenticatorBase.java:482) ~[tomcat-embed-core-10.1.20.jar:10.1.20]
	at org.apache.catalina.core.StandardHostValve.invoke(StandardHostValve.java:115) ~[tomcat-embed-core-10.1.20.jar:10.1.20]
	at org.apache.catalina.valves.ErrorReportValve.invoke(ErrorReportValve.java:93) ~[tomcat-embed-core-10.1.20.jar:10.1.20]
	at org.apache.catalina.core.StandardEngineValve.invoke(StandardEngineValve.java:74) ~[tomcat-embed-core-10.1.20.jar:10.1.20]
	at org.apache.catalina.connector.CoyoteAdapter.service(CoyoteAdapter.java:344) ~[tomcat-embed-core-10.1.20.jar:10.1.20]
	at org.apache.coyote.http11.Http11Processor.service(Http11Processor.java:391) ~[tomcat-embed-core-10.1.20.jar:10.1.20]
	at org.apache.coyote.AbstractProcessorLight.process(AbstractProcessorLight.java:63) ~[tomcat-embed-core-10.1.20.jar:10.1.20]
	at org.apache.coyote.AbstractProtocol$ConnectionHandler.process(AbstractProtocol.java:896) ~[tomcat-embed-core-10.1.20.jar:10.1.20]
	at org.apache.tomcat.util.net.NioEndpoint$SocketProcessor.doRun(NioEndpoint.java:1736) ~[tomcat-embed-core-10.1.20.jar:10.1.20]
	at org.apache.tomcat.util.net.SocketProcessorBase.run(SocketProcessorBase.java:52) ~[tomcat-embed-core-10.1.20.jar:10.1.20]
	at org.apache.tomcat.util.threads.ThreadPoolExecutor.runWorker(ThreadPoolExecutor.java:1191) ~[tomcat-embed-core-10.1.20.jar:10.1.20]
	at org.apache.tomcat.util.threads.ThreadPoolExecutor$Worker.run(ThreadPoolExecutor.java:659) ~[tomcat-embed-core-10.1.20.jar:10.1.20]
	at org.apache.tomcat.util.threads.TaskThread$WrappingRunnable.run(TaskThread.java:63) ~[tomcat-embed-core-10.1.20.jar:10.1.20]
	at java.base/java.lang.Thread.run(Thread.java:1583) ~[na:na]

2026-04-24T00:18:21.554+07:00  INFO 19748 --- [cv-service] [nio-8087-exec-5] i.fit.cvservice.controller.CVController  : Fetching CVs for user: d29e7734-49e1-4410-9884-c07206739e06
Hibernate: select c1_0.id,c1_0.address,c1_0.avatar_url,c1_0.dob,c1_0.email,c1_0.full_name,c1_0.job_title,c1_0.linkedin,c1_0.name,c1_0.phone,c1_0.status,c1_0.summary,c1_0.template_id,c1_0.updated_at,c1_0.user_id from cvs c1_0 where c1_0.user_id=?
Hibernate: select s1_0.cv_id,s1_0.id,s1_0.level,s1_0.name from cv_skills s1_0 where s1_0.cv_id=?
Hibernate: select p1_0.cv_id,p1_0.id,p1_0.description,p1_0.end_date,p1_0.link,p1_0.name,p1_0.start_date from cv_projects p1_0 where p1_0.cv_id=?
Hibernate: select e1_0.cv_id,e1_0.id,e1_0.company,e1_0.description,e1_0.end_date,e1_0.role,e1_0.start_date from cv_experiences e1_0 where e1_0.cv_id=?
Hibernate: select e1_0.cv_id,e1_0.id,e1_0.description,e1_0.end_date,e1_0.major,e1_0.school,e1_0.start_date from cv_educations e1_0 where e1_0.cv_id=?
Hibernate: select c1_0.cv_id,c1_0.id,c1_0.date,c1_0.name,c1_0.org from cv_certificates c1_0 where c1_0.cv_id=?
Hibernate: select s1_0.cv_id,s1_0.id,s1_0.level,s1_0.name from cv_skills s1_0 where s1_0.cv_id=?
Hibernate: select p1_0.cv_id,p1_0.id,p1_0.description,p1_0.end_date,p1_0.link,p1_0.name,p1_0.start_date from cv_projects p1_0 where p1_0.cv_id=?
Hibernate: select e1_0.cv_id,e1_0.id,e1_0.company,e1_0.description,e1_0.end_date,e1_0.role,e1_0.start_date from cv_experiences e1_0 where e1_0.cv_id=?
Hibernate: select e1_0.cv_id,e1_0.id,e1_0.description,e1_0.end_date,e1_0.major,e1_0.school,e1_0.start_date from cv_educations e1_0 where e1_0.cv_id=?
Hibernate: select c1_0.cv_id,c1_0.id,c1_0.date,c1_0.name,c1_0.org from cv_certificates c1_0 where c1_0.cv_id=?
Hibernate: select s1_0.cv_id,s1_0.id,s1_0.level,s1_0.name from cv_skills s1_0 where s1_0.cv_id=?
Hibernate: select p1_0.cv_id,p1_0.id,p1_0.description,p1_0.end_date,p1_0.link,p1_0.name,p1_0.start_date from cv_projects p1_0 where p1_0.cv_id=?
Hibernate: select e1_0.cv_id,e1_0.id,e1_0.company,e1_0.description,e1_0.end_date,e1_0.role,e1_0.start_date from cv_experiences e1_0 where e1_0.cv_id=?
Hibernate: select e1_0.cv_id,e1_0.id,e1_0.description,e1_0.end_date,e1_0.major,e1_0.school,e1_0.start_date from cv_educations e1_0 where e1_0.cv_id=?
Hibernate: select c1_0.cv_id,c1_0.id,c1_0.date,c1_0.name,c1_0.org from cv_certificates c1_0 where c1_0.cv_id=?
2026-04-24T00:18:21.591+07:00 ERROR 19748 --- [cv-service] [nio-8087-exec-5] o.a.c.c.C.[.[.[/].[dispatcherServlet]    : Servlet.service() for servlet [dispatcherServlet] in context with path [] threw exception [Request processing failed: java.lang.ClassCastException: Cannot cast java.lang.Long to java.util.UUID] with root cause

java.lang.ClassCastException: Cannot cast java.lang.Long to java.util.UUID
	at java.base/java.lang.Class.cast(Class.java:4069) ~[na:na]
	at org.postgresql.jdbc.PgResultSet.getObject(PgResultSet.java:3841) ~[postgresql-42.6.2.jar:42.6.2]
	at com.zaxxer.hikari.pool.HikariProxyResultSet.getObject(HikariProxyResultSet.java) ~[HikariCP-5.0.1.jar:na]
	at org.hibernate.type.descriptor.jdbc.UUIDJdbcType$2.doExtract(UUIDJdbcType.java:81) ~[hibernate-core-6.4.4.Final.jar:6.4.4.Final]
	at org.hibernate.type.descriptor.jdbc.BasicExtractor.extract(BasicExtractor.java:44) ~[hibernate-core-6.4.4.Final.jar:6.4.4.Final]
	at org.hibernate.sql.results.jdbc.internal.JdbcValuesResultSetImpl.getCurrentRowValue(JdbcValuesResultSetImpl.java:302) ~[hibernate-core-6.4.4.Final.jar:6.4.4.Final]
	at org.hibernate.sql.results.internal.RowProcessingStateStandardImpl.getJdbcValue(RowProcessingStateStandardImpl.java:119) ~[hibernate-core-6.4.4.Final.jar:6.4.4.Final]
	at org.hibernate.sql.results.graph.basic.BasicResultAssembler.extractRawValue(BasicResultAssembler.java:52) ~[hibernate-core-6.4.4.Final.jar:6.4.4.Final]
	at org.hibernate.sql.results.graph.basic.BasicResultAssembler.assemble(BasicResultAssembler.java:59) ~[hibernate-core-6.4.4.Final.jar:6.4.4.Final]
	at org.hibernate.sql.results.graph.entity.AbstractEntityInitializer.initializeIdentifier(AbstractEntityInitializer.java:374) ~[hibernate-core-6.4.4.Final.jar:6.4.4.Final]
	at org.hibernate.sql.results.graph.entity.AbstractEntityInitializer.resolveEntityKey(AbstractEntityInitializer.java:351) ~[hibernate-core-6.4.4.Final.jar:6.4.4.Final]
	at org.hibernate.sql.results.graph.entity.AbstractEntityInitializer.resolveKey(AbstractEntityInitializer.java:293) ~[hibernate-core-6.4.4.Final.jar:6.4.4.Final]
	at org.hibernate.sql.results.graph.entity.internal.EntityJoinedFetchInitializer.resolveKey(EntityJoinedFetchInitializer.java:67) ~[hibernate-core-6.4.4.Final.jar:6.4.4.Final]
	at org.hibernate.sql.results.internal.InitializersList.resolveKeys(InitializersList.java:82) ~[hibernate-core-6.4.4.Final.jar:6.4.4.Final]
	at org.hibernate.sql.results.internal.StandardRowReader.coordinateInitializers(StandardRowReader.java:107) ~[hibernate-core-6.4.4.Final.jar:6.4.4.Final]
	at org.hibernate.sql.results.internal.StandardRowReader.readRow(StandardRowReader.java:86) ~[hibernate-core-6.4.4.Final.jar:6.4.4.Final]
	at org.hibernate.sql.results.spi.ListResultsConsumer.consume(ListResultsConsumer.java:181) ~[hibernate-core-6.4.4.Final.jar:6.4.4.Final]
	at org.hibernate.sql.results.spi.ListResultsConsumer.consume(ListResultsConsumer.java:33) ~[hibernate-core-6.4.4.Final.jar:6.4.4.Final]
	at org.hibernate.sql.exec.internal.JdbcSelectExecutorStandardImpl.doExecuteQuery(JdbcSelectExecutorStandardImpl.java:209) ~[hibernate-core-6.4.4.Final.jar:6.4.4.Final]
	at org.hibernate.sql.exec.internal.JdbcSelectExecutorStandardImpl.executeQuery(JdbcSelectExecutorStandardImpl.java:83) ~[hibernate-core-6.4.4.Final.jar:6.4.4.Final]
	at org.hibernate.sql.exec.spi.JdbcSelectExecutor.list(JdbcSelectExecutor.java:76) ~[hibernate-core-6.4.4.Final.jar:6.4.4.Final]
	at org.hibernate.sql.exec.spi.JdbcSelectExecutor.list(JdbcSelectExecutor.java:65) ~[hibernate-core-6.4.4.Final.jar:6.4.4.Final]
	at org.hibernate.loader.ast.internal.CollectionLoaderSingleKey.load(CollectionLoaderSingleKey.java:120) ~[hibernate-core-6.4.4.Final.jar:6.4.4.Final]
	at org.hibernate.persister.collection.AbstractCollectionPersister.initialize(AbstractCollectionPersister.java:680) ~[hibernate-core-6.4.4.Final.jar:6.4.4.Final]
	at org.hibernate.event.internal.DefaultInitializeCollectionEventListener.onInitializeCollection(DefaultInitializeCollectionEventListener.java:67) ~[hibernate-core-6.4.4.Final.jar:6.4.4.Final]
	at org.hibernate.event.service.internal.EventListenerGroupImpl.fireEventOnEachListener(EventListenerGroupImpl.java:127) ~[hibernate-core-6.4.4.Final.jar:6.4.4.Final]
	at org.hibernate.internal.SessionImpl.initializeCollection(SessionImpl.java:1692) ~[hibernate-core-6.4.4.Final.jar:6.4.4.Final]
	at org.hibernate.collection.spi.AbstractPersistentCollection.lambda$initialize$3(AbstractPersistentCollection.java:615) ~[hibernate-core-6.4.4.Final.jar:6.4.4.Final]
	at org.hibernate.collection.spi.AbstractPersistentCollection.withTemporarySessionIfNeeded(AbstractPersistentCollection.java:264) ~[hibernate-core-6.4.4.Final.jar:6.4.4.Final]
	at org.hibernate.collection.spi.AbstractPersistentCollection.initialize(AbstractPersistentCollection.java:613) ~[hibernate-core-6.4.4.Final.jar:6.4.4.Final]
	at org.hibernate.collection.spi.AbstractPersistentCollection.forceInitialization(AbstractPersistentCollection.java:816) ~[hibernate-core-6.4.4.Final.jar:6.4.4.Final]
	at org.hibernate.engine.internal.StatefulPersistenceContext.initializeNonLazyCollections(StatefulPersistenceContext.java:1143) ~[hibernate-core-6.4.4.Final.jar:6.4.4.Final]
	at org.hibernate.engine.internal.StatefulPersistenceContext.initializeNonLazyCollections(StatefulPersistenceContext.java:1129) ~[hibernate-core-6.4.4.Final.jar:6.4.4.Final]
	at org.hibernate.sql.results.spi.ListResultsConsumer.consume(ListResultsConsumer.java:229) ~[hibernate-core-6.4.4.Final.jar:6.4.4.Final]
	at org.hibernate.sql.results.spi.ListResultsConsumer.consume(ListResultsConsumer.java:33) ~[hibernate-core-6.4.4.Final.jar:6.4.4.Final]
	at org.hibernate.sql.exec.internal.JdbcSelectExecutorStandardImpl.doExecuteQuery(JdbcSelectExecutorStandardImpl.java:209) ~[hibernate-core-6.4.4.Final.jar:6.4.4.Final]
	at org.hibernate.sql.exec.internal.JdbcSelectExecutorStandardImpl.executeQuery(JdbcSelectExecutorStandardImpl.java:83) ~[hibernate-core-6.4.4.Final.jar:6.4.4.Final]
	at org.hibernate.sql.exec.spi.JdbcSelectExecutor.list(JdbcSelectExecutor.java:76) ~[hibernate-core-6.4.4.Final.jar:6.4.4.Final]
	at org.hibernate.sql.exec.spi.JdbcSelectExecutor.list(JdbcSelectExecutor.java:65) ~[hibernate-core-6.4.4.Final.jar:6.4.4.Final]
	at org.hibernate.query.sqm.internal.ConcreteSqmSelectQueryPlan.lambda$new$2(ConcreteSqmSelectQueryPlan.java:137) ~[hibernate-core-6.4.4.Final.jar:6.4.4.Final]
	at org.hibernate.query.sqm.internal.ConcreteSqmSelectQueryPlan.withCacheableSqmInterpretation(ConcreteSqmSelectQueryPlan.java:362) ~[hibernate-core-6.4.4.Final.jar:6.4.4.Final]
	at org.hibernate.query.sqm.internal.ConcreteSqmSelectQueryPlan.performList(ConcreteSqmSelectQueryPlan.java:303) ~[hibernate-core-6.4.4.Final.jar:6.4.4.Final]
	at org.hibernate.query.sqm.internal.QuerySqmImpl.doList(QuerySqmImpl.java:509) ~[hibernate-core-6.4.4.Final.jar:6.4.4.Final]
	at org.hibernate.query.spi.AbstractSelectionQuery.list(AbstractSelectionQuery.java:427) ~[hibernate-core-6.4.4.Final.jar:6.4.4.Final]
	at org.hibernate.query.Query.getResultList(Query.java:120) ~[hibernate-core-6.4.4.Final.jar:6.4.4.Final]
	at org.springframework.data.jpa.repository.query.JpaQueryExecution$CollectionExecution.doExecute(JpaQueryExecution.java:129) ~[spring-data-jpa-3.2.5.jar:3.2.5]
	at org.springframework.data.jpa.repository.query.JpaQueryExecution.execute(JpaQueryExecution.java:92) ~[spring-data-jpa-3.2.5.jar:3.2.5]
	at org.springframework.data.jpa.repository.query.AbstractJpaQuery.doExecute(AbstractJpaQuery.java:149) ~[spring-data-jpa-3.2.5.jar:3.2.5]
	at org.springframework.data.jpa.repository.query.AbstractJpaQuery.execute(AbstractJpaQuery.java:137) ~[spring-data-jpa-3.2.5.jar:3.2.5]
	at org.springframework.data.repository.core.support.RepositoryMethodInvoker.doInvoke(RepositoryMethodInvoker.java:170) ~[spring-data-commons-3.2.5.jar:3.2.5]
	at org.springframework.data.repository.core.support.RepositoryMethodInvoker.invoke(RepositoryMethodInvoker.java:158) ~[spring-data-commons-3.2.5.jar:3.2.5]
	at org.springframework.data.repository.core.support.QueryExecutorMethodInterceptor.doInvoke(QueryExecutorMethodInterceptor.java:164) ~[spring-data-commons-3.2.5.jar:3.2.5]
	at org.springframework.data.repository.core.support.QueryExecutorMethodInterceptor.invoke(QueryExecutorMethodInterceptor.java:143) ~[spring-data-commons-3.2.5.jar:3.2.5]
	at org.springframework.aop.framework.ReflectiveMethodInvocation.proceed(ReflectiveMethodInvocation.java:184) ~[spring-aop-6.1.6.jar:6.1.6]
	at org.springframework.data.projection.DefaultMethodInvokingMethodInterceptor.invoke(DefaultMethodInvokingMethodInterceptor.java:70) ~[spring-data-commons-3.2.5.jar:3.2.5]
	at org.springframework.aop.framework.ReflectiveMethodInvocation.proceed(ReflectiveMethodInvocation.java:184) ~[spring-aop-6.1.6.jar:6.1.6]
	at org.springframework.transaction.interceptor.TransactionInterceptor$1.proceedWithInvocation(TransactionInterceptor.java:123) ~[spring-tx-6.1.6.jar:6.1.6]
	at org.springframework.transaction.interceptor.TransactionAspectSupport.invokeWithinTransaction(TransactionAspectSupport.java:392) ~[spring-tx-6.1.6.jar:6.1.6]
	at org.springframework.transaction.interceptor.TransactionInterceptor.invoke(TransactionInterceptor.java:119) ~[spring-tx-6.1.6.jar:6.1.6]
	at org.springframework.aop.framework.ReflectiveMethodInvocation.proceed(ReflectiveMethodInvocation.java:184) ~[spring-aop-6.1.6.jar:6.1.6]
	at org.springframework.dao.support.PersistenceExceptionTranslationInterceptor.invoke(PersistenceExceptionTranslationInterceptor.java:137) ~[spring-tx-6.1.6.jar:6.1.6]
	at org.springframework.aop.framework.ReflectiveMethodInvocation.proceed(ReflectiveMethodInvocation.java:184) ~[spring-aop-6.1.6.jar:6.1.6]
	at org.springframework.data.jpa.repository.support.CrudMethodMetadataPostProcessor$CrudMethodMetadataPopulatingMethodInterceptor.invoke(CrudMethodMetadataPostProcessor.java:135) ~[spring-data-jpa-3.2.5.jar:3.2.5]
	at org.springframework.aop.framework.ReflectiveMethodInvocation.proceed(ReflectiveMethodInvocation.java:184) ~[spring-aop-6.1.6.jar:6.1.6]
	at org.springframework.aop.interceptor.ExposeInvocationInterceptor.invoke(ExposeInvocationInterceptor.java:97) ~[spring-aop-6.1.6.jar:6.1.6]
	at org.springframework.aop.framework.ReflectiveMethodInvocation.proceed(ReflectiveMethodInvocation.java:184) ~[spring-aop-6.1.6.jar:6.1.6]
	at org.springframework.aop.framework.JdkDynamicAopProxy.invoke(JdkDynamicAopProxy.java:223) ~[spring-aop-6.1.6.jar:6.1.6]
	at jdk.proxy2/jdk.proxy2.$Proxy138.findByUserId(Unknown Source) ~[na:na]
	at iuh.fit.cvservice.service.CVService.getCVsByUserId(CVService.java:20) ~[classes/:na]
	at java.base/jdk.internal.reflect.DirectMethodHandleAccessor.invoke(DirectMethodHandleAccessor.java:103) ~[na:na]
	at java.base/java.lang.reflect.Method.invoke(Method.java:580) ~[na:na]
	at org.springframework.aop.support.AopUtils.invokeJoinpointUsingReflection(AopUtils.java:354) ~[spring-aop-6.1.6.jar:6.1.6]
	at org.springframework.aop.framework.CglibAopProxy$DynamicAdvisedInterceptor.intercept(CglibAopProxy.java:716) ~[spring-aop-6.1.6.jar:6.1.6]
	at iuh.fit.cvservice.service.CVService$$SpringCGLIB$$0.getCVsByUserId(<generated>) ~[classes/:na]
	at iuh.fit.cvservice.controller.CVController.getMyCVs(CVController.java:33) ~[classes/:na]
	at java.base/jdk.internal.reflect.DirectMethodHandleAccessor.invoke(DirectMethodHandleAccessor.java:103) ~[na:na]
	at java.base/java.lang.reflect.Method.invoke(Method.java:580) ~[na:na]
	at org.springframework.web.method.support.InvocableHandlerMethod.doInvoke(InvocableHandlerMethod.java:255) ~[spring-web-6.1.6.jar:6.1.6]
	at org.springframework.web.method.support.InvocableHandlerMethod.invokeForRequest(InvocableHandlerMethod.java:188) ~[spring-web-6.1.6.jar:6.1.6]
	at org.springframework.web.servlet.mvc.method.annotation.ServletInvocableHandlerMethod.invokeAndHandle(ServletInvocableHandlerMethod.java:118) ~[spring-webmvc-6.1.6.jar:6.1.6]
	at org.springframework.web.servlet.mvc.method.annotation.RequestMappingHandlerAdapter.invokeHandlerMethod(RequestMappingHandlerAdapter.java:926) ~[spring-webmvc-6.1.6.jar:6.1.6]
	at org.springframework.web.servlet.mvc.method.annotation.RequestMappingHandlerAdapter.handleInternal(RequestMappingHandlerAdapter.java:831) ~[spring-webmvc-6.1.6.jar:6.1.6]
	at org.springframework.web.servlet.mvc.method.AbstractHandlerMethodAdapter.handle(AbstractHandlerMethodAdapter.java:87) ~[spring-webmvc-6.1.6.jar:6.1.6]
	at org.springframework.web.servlet.DispatcherServlet.doDispatch(DispatcherServlet.java:1089) ~[spring-webmvc-6.1.6.jar:6.1.6]
	at org.springframework.web.servlet.DispatcherServlet.doService(DispatcherServlet.java:979) ~[spring-webmvc-6.1.6.jar:6.1.6]
	at org.springframework.web.servlet.FrameworkServlet.processRequest(FrameworkServlet.java:1014) ~[spring-webmvc-6.1.6.jar:6.1.6]
	at org.springframework.web.servlet.FrameworkServlet.doGet(FrameworkServlet.java:903) ~[spring-webmvc-6.1.6.jar:6.1.6]
	at jakarta.servlet.http.HttpServlet.service(HttpServlet.java:564) ~[tomcat-embed-core-10.1.20.jar:6.0]
	at org.springframework.web.servlet.FrameworkServlet.service(FrameworkServlet.java:885) ~[spring-webmvc-6.1.6.jar:6.1.6]
	at jakarta.servlet.http.HttpServlet.service(HttpServlet.java:658) ~[tomcat-embed-core-10.1.20.jar:6.0]
	at org.apache.catalina.core.ApplicationFilterChain.internalDoFilter(ApplicationFilterChain.java:206) ~[tomcat-embed-core-10.1.20.jar:10.1.20]
	at org.apache.catalina.core.ApplicationFilterChain.doFilter(ApplicationFilterChain.java:150) ~[tomcat-embed-core-10.1.20.jar:10.1.20]
	at org.apache.tomcat.websocket.server.WsFilter.doFilter(WsFilter.java:51) ~[tomcat-embed-websocket-10.1.20.jar:10.1.20]
	at org.apache.catalina.core.ApplicationFilterChain.internalDoFilter(ApplicationFilterChain.java:175) ~[tomcat-embed-core-10.1.20.jar:10.1.20]
	at org.apache.catalina.core.ApplicationFilterChain.doFilter(ApplicationFilterChain.java:150) ~[tomcat-embed-core-10.1.20.jar:10.1.20]
	at org.springframework.web.filter.RequestContextFilter.doFilterInternal(RequestContextFilter.java:100) ~[spring-web-6.1.6.jar:6.1.6]
	at org.springframework.web.filter.OncePerRequestFilter.doFilter(OncePerRequestFilter.java:116) ~[spring-web-6.1.6.jar:6.1.6]
	at org.apache.catalina.core.ApplicationFilterChain.internalDoFilter(ApplicationFilterChain.java:175) ~[tomcat-embed-core-10.1.20.jar:10.1.20]
	at org.apache.catalina.core.ApplicationFilterChain.doFilter(ApplicationFilterChain.java:150) ~[tomcat-embed-core-10.1.20.jar:10.1.20]
	at org.springframework.web.filter.FormContentFilter.doFilterInternal(FormContentFilter.java:93) ~[spring-web-6.1.6.jar:6.1.6]
	at org.springframework.web.filter.OncePerRequestFilter.doFilter(OncePerRequestFilter.java:116) ~[spring-web-6.1.6.jar:6.1.6]
	at org.apache.catalina.core.ApplicationFilterChain.internalDoFilter(ApplicationFilterChain.java:175) ~[tomcat-embed-core-10.1.20.jar:10.1.20]
	at org.apache.catalina.core.ApplicationFilterChain.doFilter(ApplicationFilterChain.java:150) ~[tomcat-embed-core-10.1.20.jar:10.1.20]
	at org.springframework.web.filter.CharacterEncodingFilter.doFilterInternal(CharacterEncodingFilter.java:201) ~[spring-web-6.1.6.jar:6.1.6]
	at org.springframework.web.filter.OncePerRequestFilter.doFilter(OncePerRequestFilter.java:116) ~[spring-web-6.1.6.jar:6.1.6]
	at org.apache.catalina.core.ApplicationFilterChain.internalDoFilter(ApplicationFilterChain.java:175) ~[tomcat-embed-core-10.1.20.jar:10.1.20]
	at org.apache.catalina.core.ApplicationFilterChain.doFilter(ApplicationFilterChain.java:150) ~[tomcat-embed-core-10.1.20.jar:10.1.20]
	at org.apache.catalina.core.StandardWrapperValve.invoke(StandardWrapperValve.java:167) ~[tomcat-embed-core-10.1.20.jar:10.1.20]
	at org.apache.catalina.core.StandardContextValve.invoke(StandardContextValve.java:90) ~[tomcat-embed-core-10.1.20.jar:10.1.20]
	at org.apache.catalina.authenticator.AuthenticatorBase.invoke(AuthenticatorBase.java:482) ~[tomcat-embed-core-10.1.20.jar:10.1.20]
	at org.apache.catalina.core.StandardHostValve.invoke(StandardHostValve.java:115) ~[tomcat-embed-core-10.1.20.jar:10.1.20]
	at org.apache.catalina.valves.ErrorReportValve.invoke(ErrorReportValve.java:93) ~[tomcat-embed-core-10.1.20.jar:10.1.20]
	at org.apache.catalina.core.StandardEngineValve.invoke(StandardEngineValve.java:74) ~[tomcat-embed-core-10.1.20.jar:10.1.20]
	at org.apache.catalina.connector.CoyoteAdapter.service(CoyoteAdapter.java:344) ~[tomcat-embed-core-10.1.20.jar:10.1.20]
	at org.apache.coyote.http11.Http11Processor.service(Http11Processor.java:391) ~[tomcat-embed-core-10.1.20.jar:10.1.20]
	at org.apache.coyote.AbstractProcessorLight.process(AbstractProcessorLight.java:63) ~[tomcat-embed-core-10.1.20.jar:10.1.20]
	at org.apache.coyote.AbstractProtocol$ConnectionHandler.process(AbstractProtocol.java:896) ~[tomcat-embed-core-10.1.20.jar:10.1.20]
	at org.apache.tomcat.util.net.NioEndpoint$SocketProcessor.doRun(NioEndpoint.java:1736) ~[tomcat-embed-core-10.1.20.jar:10.1.20]
	at org.apache.tomcat.util.net.SocketProcessorBase.run(SocketProcessorBase.java:52) ~[tomcat-embed-core-10.1.20.jar:10.1.20]
	at org.apache.tomcat.util.threads.ThreadPoolExecutor.runWorker(ThreadPoolExecutor.java:1191) ~[tomcat-embed-core-10.1.20.jar:10.1.20]
	at org.apache.tomcat.util.threads.ThreadPoolExecutor$Worker.run(ThreadPoolExecutor.java:659) ~[tomcat-embed-core-10.1.20.jar:10.1.20]
	at org.apache.tomcat.util.threads.TaskThread$WrappingRunnable.run(TaskThread.java:63) ~[tomcat-embed-core-10.1.20.jar:10.1.20]
	at java.base/java.lang.Thread.run(Thread.java:1583) ~[na:na]

2026-04-24T00:18:44.210+07:00  INFO 19748 --- [cv-service] [nio-8087-exec-8] i.fit.cvservice.controller.CVController  : Fetching CVs for user: d29e7734-49e1-4410-9884-c07206739e06
Hibernate: select c1_0.id,c1_0.address,c1_0.avatar_url,c1_0.dob,c1_0.email,c1_0.full_name,c1_0.job_title,c1_0.linkedin,c1_0.name,c1_0.phone,c1_0.status,c1_0.summary,c1_0.template_id,c1_0.updated_at,c1_0.user_id from cvs c1_0 where c1_0.user_id=?
Hibernate: select s1_0.cv_id,s1_0.id,s1_0.level,s1_0.name from cv_skills s1_0 where s1_0.cv_id=?
Hibernate: select p1_0.cv_id,p1_0.id,p1_0.description,p1_0.end_date,p1_0.link,p1_0.name,p1_0.start_date from cv_projects p1_0 where p1_0.cv_id=?
Hibernate: select e1_0.cv_id,e1_0.id,e1_0.company,e1_0.description,e1_0.end_date,e1_0.role,e1_0.start_date from cv_experiences e1_0 where e1_0.cv_id=?
Hibernate: select e1_0.cv_id,e1_0.id,e1_0.description,e1_0.end_date,e1_0.major,e1_0.school,e1_0.start_date from cv_educations e1_0 where e1_0.cv_id=?
Hibernate: select c1_0.cv_id,c1_0.id,c1_0.date,c1_0.name,c1_0.org from cv_certificates c1_0 where c1_0.cv_id=?
Hibernate: select s1_0.cv_id,s1_0.id,s1_0.level,s1_0.name from cv_skills s1_0 where s1_0.cv_id=?
Hibernate: select p1_0.cv_id,p1_0.id,p1_0.description,p1_0.end_date,p1_0.link,p1_0.name,p1_0.start_date from cv_projects p1_0 where p1_0.cv_id=?
Hibernate: select e1_0.cv_id,e1_0.id,e1_0.company,e1_0.description,e1_0.end_date,e1_0.role,e1_0.start_date from cv_experiences e1_0 where e1_0.cv_id=?
Hibernate: select e1_0.cv_id,e1_0.id,e1_0.description,e1_0.end_date,e1_0.major,e1_0.school,e1_0.start_date from cv_educations e1_0 where e1_0.cv_id=?
Hibernate: select c1_0.cv_id,c1_0.id,c1_0.date,c1_0.name,c1_0.org from cv_certificates c1_0 where c1_0.cv_id=?
Hibernate: select s1_0.cv_id,s1_0.id,s1_0.level,s1_0.name from cv_skills s1_0 where s1_0.cv_id=?
Hibernate: select p1_0.cv_id,p1_0.id,p1_0.description,p1_0.end_date,p1_0.link,p1_0.name,p1_0.start_date from cv_projects p1_0 where p1_0.cv_id=?
Hibernate: select e1_0.cv_id,e1_0.id,e1_0.company,e1_0.description,e1_0.end_date,e1_0.role,e1_0.start_date from cv_experiences e1_0 where e1_0.cv_id=?
Hibernate: select e1_0.cv_id,e1_0.id,e1_0.description,e1_0.end_date,e1_0.major,e1_0.school,e1_0.start_date from cv_educations e1_0 where e1_0.cv_id=?
Hibernate: select c1_0.cv_id,c1_0.id,c1_0.date,c1_0.name,c1_0.org from cv_certificates c1_0 where c1_0.cv_id=?
2026-04-24T00:18:44.236+07:00 ERROR 19748 --- [cv-service] [nio-8087-exec-8] o.a.c.c.C.[.[.[/].[dispatcherServlet]    : Servlet.service() for servlet [dispatcherServlet] in context with path [] threw exception [Request processing failed: java.lang.ClassCastException: Cannot cast java.lang.Long to java.util.UUID] with root cause

java.lang.ClassCastException: Cannot cast java.lang.Long to java.util.UUID
	at java.base/java.lang.Class.cast(Class.java:4069) ~[na:na]
	at org.postgresql.jdbc.PgResultSet.getObject(PgResultSet.java:3841) ~[postgresql-42.6.2.jar:42.6.2]
	at com.zaxxer.hikari.pool.HikariProxyResultSet.getObject(HikariProxyResultSet.java) ~[HikariCP-5.0.1.jar:na]
	at org.hibernate.type.descriptor.jdbc.UUIDJdbcType$2.doExtract(UUIDJdbcType.java:81) ~[hibernate-core-6.4.4.Final.jar:6.4.4.Final]
	at org.hibernate.type.descriptor.jdbc.BasicExtractor.extract(BasicExtractor.java:44) ~[hibernate-core-6.4.4.Final.jar:6.4.4.Final]
	at org.hibernate.sql.results.jdbc.internal.JdbcValuesResultSetImpl.getCurrentRowValue(JdbcValuesResultSetImpl.java:302) ~[hibernate-core-6.4.4.Final.jar:6.4.4.Final]
	at org.hibernate.sql.results.internal.RowProcessingStateStandardImpl.getJdbcValue(RowProcessingStateStandardImpl.java:119) ~[hibernate-core-6.4.4.Final.jar:6.4.4.Final]
	at org.hibernate.sql.results.graph.basic.BasicResultAssembler.extractRawValue(BasicResultAssembler.java:52) ~[hibernate-core-6.4.4.Final.jar:6.4.4.Final]
	at org.hibernate.sql.results.graph.basic.BasicResultAssembler.assemble(BasicResultAssembler.java:59) ~[hibernate-core-6.4.4.Final.jar:6.4.4.Final]
	at org.hibernate.sql.results.graph.entity.AbstractEntityInitializer.initializeIdentifier(AbstractEntityInitializer.java:374) ~[hibernate-core-6.4.4.Final.jar:6.4.4.Final]
	at org.hibernate.sql.results.graph.entity.AbstractEntityInitializer.resolveEntityKey(AbstractEntityInitializer.java:351) ~[hibernate-core-6.4.4.Final.jar:6.4.4.Final]
	at org.hibernate.sql.results.graph.entity.AbstractEntityInitializer.resolveKey(AbstractEntityInitializer.java:293) ~[hibernate-core-6.4.4.Final.jar:6.4.4.Final]
	at org.hibernate.sql.results.graph.entity.internal.EntityJoinedFetchInitializer.resolveKey(EntityJoinedFetchInitializer.java:67) ~[hibernate-core-6.4.4.Final.jar:6.4.4.Final]
	at org.hibernate.sql.results.internal.InitializersList.resolveKeys(InitializersList.java:82) ~[hibernate-core-6.4.4.Final.jar:6.4.4.Final]
	at org.hibernate.sql.results.internal.StandardRowReader.coordinateInitializers(StandardRowReader.java:107) ~[hibernate-core-6.4.4.Final.jar:6.4.4.Final]
	at org.hibernate.sql.results.internal.StandardRowReader.readRow(StandardRowReader.java:86) ~[hibernate-core-6.4.4.Final.jar:6.4.4.Final]
	at org.hibernate.sql.results.spi.ListResultsConsumer.consume(ListResultsConsumer.java:181) ~[hibernate-core-6.4.4.Final.jar:6.4.4.Final]
	at org.hibernate.sql.results.spi.ListResultsConsumer.consume(ListResultsConsumer.java:33) ~[hibernate-core-6.4.4.Final.jar:6.4.4.Final]
	at org.hibernate.sql.exec.internal.JdbcSelectExecutorStandardImpl.doExecuteQuery(JdbcSelectExecutorStandardImpl.java:209) ~[hibernate-core-6.4.4.Final.jar:6.4.4.Final]
	at org.hibernate.sql.exec.internal.JdbcSelectExecutorStandardImpl.executeQuery(JdbcSelectExecutorStandardImpl.java:83) ~[hibernate-core-6.4.4.Final.jar:6.4.4.Final]
	at org.hibernate.sql.exec.spi.JdbcSelectExecutor.list(JdbcSelectExecutor.java:76) ~[hibernate-core-6.4.4.Final.jar:6.4.4.Final]
	at org.hibernate.sql.exec.spi.JdbcSelectExecutor.list(JdbcSelectExecutor.java:65) ~[hibernate-core-6.4.4.Final.jar:6.4.4.Final]
	at org.hibernate.loader.ast.internal.CollectionLoaderSingleKey.load(CollectionLoaderSingleKey.java:120) ~[hibernate-core-6.4.4.Final.jar:6.4.4.Final]
	at org.hibernate.persister.collection.AbstractCollectionPersister.initialize(AbstractCollectionPersister.java:680) ~[hibernate-core-6.4.4.Final.jar:6.4.4.Final]
	at org.hibernate.event.internal.DefaultInitializeCollectionEventListener.onInitializeCollection(DefaultInitializeCollectionEventListener.java:67) ~[hibernate-core-6.4.4.Final.jar:6.4.4.Final]
	at org.hibernate.event.service.internal.EventListenerGroupImpl.fireEventOnEachListener(EventListenerGroupImpl.java:127) ~[hibernate-core-6.4.4.Final.jar:6.4.4.Final]
	at org.hibernate.internal.SessionImpl.initializeCollection(SessionImpl.java:1692) ~[hibernate-core-6.4.4.Final.jar:6.4.4.Final]
	at org.hibernate.collection.spi.AbstractPersistentCollection.lambda$initialize$3(AbstractPersistentCollection.java:615) ~[hibernate-core-6.4.4.Final.jar:6.4.4.Final]
	at org.hibernate.collection.spi.AbstractPersistentCollection.withTemporarySessionIfNeeded(AbstractPersistentCollection.java:264) ~[hibernate-core-6.4.4.Final.jar:6.4.4.Final]
	at org.hibernate.collection.spi.AbstractPersistentCollection.initialize(AbstractPersistentCollection.java:613) ~[hibernate-core-6.4.4.Final.jar:6.4.4.Final]
	at org.hibernate.collection.spi.AbstractPersistentCollection.forceInitialization(AbstractPersistentCollection.java:816) ~[hibernate-core-6.4.4.Final.jar:6.4.4.Final]
	at org.hibernate.engine.internal.StatefulPersistenceContext.initializeNonLazyCollections(StatefulPersistenceContext.java:1143) ~[hibernate-core-6.4.4.Final.jar:6.4.4.Final]
	at org.hibernate.engine.internal.StatefulPersistenceContext.initializeNonLazyCollections(StatefulPersistenceContext.java:1129) ~[hibernate-core-6.4.4.Final.jar:6.4.4.Final]
	at org.hibernate.sql.results.spi.ListResultsConsumer.consume(ListResultsConsumer.java:229) ~[hibernate-core-6.4.4.Final.jar:6.4.4.Final]
	at org.hibernate.sql.results.spi.ListResultsConsumer.consume(ListResultsConsumer.java:33) ~[hibernate-core-6.4.4.Final.jar:6.4.4.Final]
	at org.hibernate.sql.exec.internal.JdbcSelectExecutorStandardImpl.doExecuteQuery(JdbcSelectExecutorStandardImpl.java:209) ~[hibernate-core-6.4.4.Final.jar:6.4.4.Final]
	at org.hibernate.sql.exec.internal.JdbcSelectExecutorStandardImpl.executeQuery(JdbcSelectExecutorStandardImpl.java:83) ~[hibernate-core-6.4.4.Final.jar:6.4.4.Final]
	at org.hibernate.sql.exec.spi.JdbcSelectExecutor.list(JdbcSelectExecutor.java:76) ~[hibernate-core-6.4.4.Final.jar:6.4.4.Final]
	at org.hibernate.sql.exec.spi.JdbcSelectExecutor.list(JdbcSelectExecutor.java:65) ~[hibernate-core-6.4.4.Final.jar:6.4.4.Final]
	at org.hibernate.query.sqm.internal.ConcreteSqmSelectQueryPlan.lambda$new$2(ConcreteSqmSelectQueryPlan.java:137) ~[hibernate-core-6.4.4.Final.jar:6.4.4.Final]
	at org.hibernate.query.sqm.internal.ConcreteSqmSelectQueryPlan.withCacheableSqmInterpretation(ConcreteSqmSelectQueryPlan.java:362) ~[hibernate-core-6.4.4.Final.jar:6.4.4.Final]
	at org.hibernate.query.sqm.internal.ConcreteSqmSelectQueryPlan.performList(ConcreteSqmSelectQueryPlan.java:303) ~[hibernate-core-6.4.4.Final.jar:6.4.4.Final]
	at org.hibernate.query.sqm.internal.QuerySqmImpl.doList(QuerySqmImpl.java:509) ~[hibernate-core-6.4.4.Final.jar:6.4.4.Final]
	at org.hibernate.query.spi.AbstractSelectionQuery.list(AbstractSelectionQuery.java:427) ~[hibernate-core-6.4.4.Final.jar:6.4.4.Final]
	at org.hibernate.query.Query.getResultList(Query.java:120) ~[hibernate-core-6.4.4.Final.jar:6.4.4.Final]
	at org.springframework.data.jpa.repository.query.JpaQueryExecution$CollectionExecution.doExecute(JpaQueryExecution.java:129) ~[spring-data-jpa-3.2.5.jar:3.2.5]
	at org.springframework.data.jpa.repository.query.JpaQueryExecution.execute(JpaQueryExecution.java:92) ~[spring-data-jpa-3.2.5.jar:3.2.5]
	at org.springframework.data.jpa.repository.query.AbstractJpaQuery.doExecute(AbstractJpaQuery.java:149) ~[spring-data-jpa-3.2.5.jar:3.2.5]
	at org.springframework.data.jpa.repository.query.AbstractJpaQuery.execute(AbstractJpaQuery.java:137) ~[spring-data-jpa-3.2.5.jar:3.2.5]
	at org.springframework.data.repository.core.support.RepositoryMethodInvoker.doInvoke(RepositoryMethodInvoker.java:170) ~[spring-data-commons-3.2.5.jar:3.2.5]
	at org.springframework.data.repository.core.support.RepositoryMethodInvoker.invoke(RepositoryMethodInvoker.java:158) ~[spring-data-commons-3.2.5.jar:3.2.5]
	at org.springframework.data.repository.core.support.QueryExecutorMethodInterceptor.doInvoke(QueryExecutorMethodInterceptor.java:164) ~[spring-data-commons-3.2.5.jar:3.2.5]
	at org.springframework.data.repository.core.support.QueryExecutorMethodInterceptor.invoke(QueryExecutorMethodInterceptor.java:143) ~[spring-data-commons-3.2.5.jar:3.2.5]
	at org.springframework.aop.framework.ReflectiveMethodInvocation.proceed(ReflectiveMethodInvocation.java:184) ~[spring-aop-6.1.6.jar:6.1.6]
	at org.springframework.data.projection.DefaultMethodInvokingMethodInterceptor.invoke(DefaultMethodInvokingMethodInterceptor.java:70) ~[spring-data-commons-3.2.5.jar:3.2.5]
	at org.springframework.aop.framework.ReflectiveMethodInvocation.proceed(ReflectiveMethodInvocation.java:184) ~[spring-aop-6.1.6.jar:6.1.6]
	at org.springframework.transaction.interceptor.TransactionInterceptor$1.proceedWithInvocation(TransactionInterceptor.java:123) ~[spring-tx-6.1.6.jar:6.1.6]
	at org.springframework.transaction.interceptor.TransactionAspectSupport.invokeWithinTransaction(TransactionAspectSupport.java:392) ~[spring-tx-6.1.6.jar:6.1.6]
	at org.springframework.transaction.interceptor.TransactionInterceptor.invoke(TransactionInterceptor.java:119) ~[spring-tx-6.1.6.jar:6.1.6]
	at org.springframework.aop.framework.ReflectiveMethodInvocation.proceed(ReflectiveMethodInvocation.java:184) ~[spring-aop-6.1.6.jar:6.1.6]
	at org.springframework.dao.support.PersistenceExceptionTranslationInterceptor.invoke(PersistenceExceptionTranslationInterceptor.java:137) ~[spring-tx-6.1.6.jar:6.1.6]
	at org.springframework.aop.framework.ReflectiveMethodInvocation.proceed(ReflectiveMethodInvocation.java:184) ~[spring-aop-6.1.6.jar:6.1.6]
	at org.springframework.data.jpa.repository.support.CrudMethodMetadataPostProcessor$CrudMethodMetadataPopulatingMethodInterceptor.invoke(CrudMethodMetadataPostProcessor.java:135) ~[spring-data-jpa-3.2.5.jar:3.2.5]
	at org.springframework.aop.framework.ReflectiveMethodInvocation.proceed(ReflectiveMethodInvocation.java:184) ~[spring-aop-6.1.6.jar:6.1.6]
	at org.springframework.aop.interceptor.ExposeInvocationInterceptor.invoke(ExposeInvocationInterceptor.java:97) ~[spring-aop-6.1.6.jar:6.1.6]
	at org.springframework.aop.framework.ReflectiveMethodInvocation.proceed(ReflectiveMethodInvocation.java:184) ~[spring-aop-6.1.6.jar:6.1.6]
	at org.springframework.aop.framework.JdkDynamicAopProxy.invoke(JdkDynamicAopProxy.java:223) ~[spring-aop-6.1.6.jar:6.1.6]
	at jdk.proxy2/jdk.proxy2.$Proxy138.findByUserId(Unknown Source) ~[na:na]
	at iuh.fit.cvservice.service.CVService.getCVsByUserId(CVService.java:20) ~[classes/:na]
	at java.base/jdk.internal.reflect.DirectMethodHandleAccessor.invoke(DirectMethodHandleAccessor.java:103) ~[na:na]
	at java.base/java.lang.reflect.Method.invoke(Method.java:580) ~[na:na]
	at org.springframework.aop.support.AopUtils.invokeJoinpointUsingReflection(AopUtils.java:354) ~[spring-aop-6.1.6.jar:6.1.6]
	at org.springframework.aop.framework.CglibAopProxy$DynamicAdvisedInterceptor.intercept(CglibAopProxy.java:716) ~[spring-aop-6.1.6.jar:6.1.6]
	at iuh.fit.cvservice.service.CVService$$SpringCGLIB$$0.getCVsByUserId(<generated>) ~[classes/:na]
	at iuh.fit.cvservice.controller.CVController.getMyCVs(CVController.java:33) ~[classes/:na]
	at java.base/jdk.internal.reflect.DirectMethodHandleAccessor.invoke(DirectMethodHandleAccessor.java:103) ~[na:na]
	at java.base/java.lang.reflect.Method.invoke(Method.java:580) ~[na:na]
	at org.springframework.web.method.support.InvocableHandlerMethod.doInvoke(InvocableHandlerMethod.java:255) ~[spring-web-6.1.6.jar:6.1.6]
	at org.springframework.web.method.support.InvocableHandlerMethod.invokeForRequest(InvocableHandlerMethod.java:188) ~[spring-web-6.1.6.jar:6.1.6]
	at org.springframework.web.servlet.mvc.method.annotation.ServletInvocableHandlerMethod.invokeAndHandle(ServletInvocableHandlerMethod.java:118) ~[spring-webmvc-6.1.6.jar:6.1.6]
	at org.springframework.web.servlet.mvc.method.annotation.RequestMappingHandlerAdapter.invokeHandlerMethod(RequestMappingHandlerAdapter.java:926) ~[spring-webmvc-6.1.6.jar:6.1.6]
	at org.springframework.web.servlet.mvc.method.annotation.RequestMappingHandlerAdapter.handleInternal(RequestMappingHandlerAdapter.java:831) ~[spring-webmvc-6.1.6.jar:6.1.6]
	at org.springframework.web.servlet.mvc.method.AbstractHandlerMethodAdapter.handle(AbstractHandlerMethodAdapter.java:87) ~[spring-webmvc-6.1.6.jar:6.1.6]
	at org.springframework.web.servlet.DispatcherServlet.doDispatch(DispatcherServlet.java:1089) ~[spring-webmvc-6.1.6.jar:6.1.6]
	at org.springframework.web.servlet.DispatcherServlet.doService(DispatcherServlet.java:979) ~[spring-webmvc-6.1.6.jar:6.1.6]
	at org.springframework.web.servlet.FrameworkServlet.processRequest(FrameworkServlet.java:1014) ~[spring-webmvc-6.1.6.jar:6.1.6]
	at org.springframework.web.servlet.FrameworkServlet.doGet(FrameworkServlet.java:903) ~[spring-webmvc-6.1.6.jar:6.1.6]
	at jakarta.servlet.http.HttpServlet.service(HttpServlet.java:564) ~[tomcat-embed-core-10.1.20.jar:6.0]
	at org.springframework.web.servlet.FrameworkServlet.service(FrameworkServlet.java:885) ~[spring-webmvc-6.1.6.jar:6.1.6]
	at jakarta.servlet.http.HttpServlet.service(HttpServlet.java:658) ~[tomcat-embed-core-10.1.20.jar:6.0]
	at org.apache.catalina.core.ApplicationFilterChain.internalDoFilter(ApplicationFilterChain.java:206) ~[tomcat-embed-core-10.1.20.jar:10.1.20]
	at org.apache.catalina.core.ApplicationFilterChain.doFilter(ApplicationFilterChain.java:150) ~[tomcat-embed-core-10.1.20.jar:10.1.20]
	at org.apache.tomcat.websocket.server.WsFilter.doFilter(WsFilter.java:51) ~[tomcat-embed-websocket-10.1.20.jar:10.1.20]
	at org.apache.catalina.core.ApplicationFilterChain.internalDoFilter(ApplicationFilterChain.java:175) ~[tomcat-embed-core-10.1.20.jar:10.1.20]
	at org.apache.catalina.core.ApplicationFilterChain.doFilter(ApplicationFilterChain.java:150) ~[tomcat-embed-core-10.1.20.jar:10.1.20]
	at org.springframework.web.filter.RequestContextFilter.doFilterInternal(RequestContextFilter.java:100) ~[spring-web-6.1.6.jar:6.1.6]
	at org.springframework.web.filter.OncePerRequestFilter.doFilter(OncePerRequestFilter.java:116) ~[spring-web-6.1.6.jar:6.1.6]
	at org.apache.catalina.core.ApplicationFilterChain.internalDoFilter(ApplicationFilterChain.java:175) ~[tomcat-embed-core-10.1.20.jar:10.1.20]
	at org.apache.catalina.core.ApplicationFilterChain.doFilter(ApplicationFilterChain.java:150) ~[tomcat-embed-core-10.1.20.jar:10.1.20]
	at org.springframework.web.filter.FormContentFilter.doFilterInternal(FormContentFilter.java:93) ~[spring-web-6.1.6.jar:6.1.6]
	at org.springframework.web.filter.OncePerRequestFilter.doFilter(OncePerRequestFilter.java:116) ~[spring-web-6.1.6.jar:6.1.6]
	at org.apache.catalina.core.ApplicationFilterChain.internalDoFilter(ApplicationFilterChain.java:175) ~[tomcat-embed-core-10.1.20.jar:10.1.20]
	at org.apache.catalina.core.ApplicationFilterChain.doFilter(ApplicationFilterChain.java:150) ~[tomcat-embed-core-10.1.20.jar:10.1.20]
	at org.springframework.web.filter.CharacterEncodingFilter.doFilterInternal(CharacterEncodingFilter.java:201) ~[spring-web-6.1.6.jar:6.1.6]
	at org.springframework.web.filter.OncePerRequestFilter.doFilter(OncePerRequestFilter.java:116) ~[spring-web-6.1.6.jar:6.1.6]
	at org.apache.catalina.core.ApplicationFilterChain.internalDoFilter(ApplicationFilterChain.java:175) ~[tomcat-embed-core-10.1.20.jar:10.1.20]
	at org.apache.catalina.core.ApplicationFilterChain.doFilter(ApplicationFilterChain.java:150) ~[tomcat-embed-core-10.1.20.jar:10.1.20]
	at org.apache.catalina.core.StandardWrapperValve.invoke(StandardWrapperValve.java:167) ~[tomcat-embed-core-10.1.20.jar:10.1.20]
	at org.apache.catalina.core.StandardContextValve.invoke(StandardContextValve.java:90) ~[tomcat-embed-core-10.1.20.jar:10.1.20]
	at org.apache.catalina.authenticator.AuthenticatorBase.invoke(AuthenticatorBase.java:482) ~[tomcat-embed-core-10.1.20.jar:10.1.20]
	at org.apache.catalina.core.StandardHostValve.invoke(StandardHostValve.java:115) ~[tomcat-embed-core-10.1.20.jar:10.1.20]
	at org.apache.catalina.valves.ErrorReportValve.invoke(ErrorReportValve.java:93) ~[tomcat-embed-core-10.1.20.jar:10.1.20]
	at org.apache.catalina.core.StandardEngineValve.invoke(StandardEngineValve.java:74) ~[tomcat-embed-core-10.1.20.jar:10.1.20]
	at org.apache.catalina.connector.CoyoteAdapter.service(CoyoteAdapter.java:344) ~[tomcat-embed-core-10.1.20.jar:10.1.20]
	at org.apache.coyote.http11.Http11Processor.service(Http11Processor.java:391) ~[tomcat-embed-core-10.1.20.jar:10.1.20]
	at org.apache.coyote.AbstractProcessorLight.process(AbstractProcessorLight.java:63) ~[tomcat-embed-core-10.1.20.jar:10.1.20]
	at org.apache.coyote.AbstractProtocol$ConnectionHandler.process(AbstractProtocol.java:896) ~[tomcat-embed-core-10.1.20.jar:10.1.20]
	at org.apache.tomcat.util.net.NioEndpoint$SocketProcessor.doRun(NioEndpoint.java:1736) ~[tomcat-embed-core-10.1.20.jar:10.1.20]
	at org.apache.tomcat.util.net.SocketProcessorBase.run(SocketProcessorBase.java:52) ~[tomcat-embed-core-10.1.20.jar:10.1.20]
	at org.apache.tomcat.util.threads.ThreadPoolExecutor.runWorker(ThreadPoolExecutor.java:1191) ~[tomcat-embed-core-10.1.20.jar:10.1.20]
	at org.apache.tomcat.util.threads.ThreadPoolExecutor$Worker.run(ThreadPoolExecutor.java:659) ~[tomcat-embed-core-10.1.20.jar:10.1.20]
	at org.apache.tomcat.util.threads.TaskThread$WrappingRunnable.run(TaskThread.java:63) ~[tomcat-embed-core-10.1.20.jar:10.1.20]
	at java.base/java.lang.Thread.run(Thread.java:1583) ~[na:na]

2026-04-24T00:18:44.270+07:00  INFO 19748 --- [cv-service] [nio-8087-exec-3] i.fit.cvservice.controller.CVController  : Fetching CVs for user: d29e7734-49e1-4410-9884-c07206739e06
Hibernate: select c1_0.id,c1_0.address,c1_0.avatar_url,c1_0.dob,c1_0.email,c1_0.full_name,c1_0.job_title,c1_0.linkedin,c1_0.name,c1_0.phone,c1_0.status,c1_0.summary,c1_0.template_id,c1_0.updated_at,c1_0.user_id from cvs c1_0 where c1_0.user_id=?
Hibernate: select s1_0.cv_id,s1_0.id,s1_0.level,s1_0.name from cv_skills s1_0 where s1_0.cv_id=?
Hibernate: select p1_0.cv_id,p1_0.id,p1_0.description,p1_0.end_date,p1_0.link,p1_0.name,p1_0.start_date from cv_projects p1_0 where p1_0.cv_id=?
Hibernate: select e1_0.cv_id,e1_0.id,e1_0.company,e1_0.description,e1_0.end_date,e1_0.role,e1_0.start_date from cv_experiences e1_0 where e1_0.cv_id=?
Hibernate: select e1_0.cv_id,e1_0.id,e1_0.description,e1_0.end_date,e1_0.major,e1_0.school,e1_0.start_date from cv_educations e1_0 where e1_0.cv_id=?
Hibernate: select c1_0.cv_id,c1_0.id,c1_0.date,c1_0.name,c1_0.org from cv_certificates c1_0 where c1_0.cv_id=?
Hibernate: select s1_0.cv_id,s1_0.id,s1_0.level,s1_0.name from cv_skills s1_0 where s1_0.cv_id=?
Hibernate: select p1_0.cv_id,p1_0.id,p1_0.description,p1_0.end_date,p1_0.link,p1_0.name,p1_0.start_date from cv_projects p1_0 where p1_0.cv_id=?
Hibernate: select e1_0.cv_id,e1_0.id,e1_0.company,e1_0.description,e1_0.end_date,e1_0.role,e1_0.start_date from cv_experiences e1_0 where e1_0.cv_id=?
Hibernate: select e1_0.cv_id,e1_0.id,e1_0.description,e1_0.end_date,e1_0.major,e1_0.school,e1_0.start_date from cv_educations e1_0 where e1_0.cv_id=?
Hibernate: select c1_0.cv_id,c1_0.id,c1_0.date,c1_0.name,c1_0.org from cv_certificates c1_0 where c1_0.cv_id=?
Hibernate: select s1_0.cv_id,s1_0.id,s1_0.level,s1_0.name from cv_skills s1_0 where s1_0.cv_id=?
Hibernate: select p1_0.cv_id,p1_0.id,p1_0.description,p1_0.end_date,p1_0.link,p1_0.name,p1_0.start_date from cv_projects p1_0 where p1_0.cv_id=?
Hibernate: select e1_0.cv_id,e1_0.id,e1_0.company,e1_0.description,e1_0.end_date,e1_0.role,e1_0.start_date from cv_experiences e1_0 where e1_0.cv_id=?
Hibernate: select e1_0.cv_id,e1_0.id,e1_0.description,e1_0.end_date,e1_0.major,e1_0.school,e1_0.start_date from cv_educations e1_0 where e1_0.cv_id=?
Hibernate: select c1_0.cv_id,c1_0.id,c1_0.date,c1_0.name,c1_0.org from cv_certificates c1_0 where c1_0.cv_id=?
2026-04-24T00:18:44.323+07:00 ERROR 19748 --- [cv-service] [nio-8087-exec-3] o.a.c.c.C.[.[.[/].[dispatcherServlet]    : Servlet.service() for servlet [dispatcherServlet] in context with path [] threw exception [Request processing failed: java.lang.ClassCastException: Cannot cast java.lang.Long to java.util.UUID] with root cause

java.lang.ClassCastException: Cannot cast java.lang.Long to java.util.UUID
	at java.base/java.lang.Class.cast(Class.java:4069) ~[na:na]
	at org.postgresql.jdbc.PgResultSet.getObject(PgResultSet.java:3841) ~[postgresql-42.6.2.jar:42.6.2]
	at com.zaxxer.hikari.pool.HikariProxyResultSet.getObject(HikariProxyResultSet.java) ~[HikariCP-5.0.1.jar:na]
	at org.hibernate.type.descriptor.jdbc.UUIDJdbcType$2.doExtract(UUIDJdbcType.java:81) ~[hibernate-core-6.4.4.Final.jar:6.4.4.Final]
	at org.hibernate.type.descriptor.jdbc.BasicExtractor.extract(BasicExtractor.java:44) ~[hibernate-core-6.4.4.Final.jar:6.4.4.Final]
	at org.hibernate.sql.results.jdbc.internal.JdbcValuesResultSetImpl.getCurrentRowValue(JdbcValuesResultSetImpl.java:302) ~[hibernate-core-6.4.4.Final.jar:6.4.4.Final]
	at org.hibernate.sql.results.internal.RowProcessingStateStandardImpl.getJdbcValue(RowProcessingStateStandardImpl.java:119) ~[hibernate-core-6.4.4.Final.jar:6.4.4.Final]
	at org.hibernate.sql.results.graph.basic.BasicResultAssembler.extractRawValue(BasicResultAssembler.java:52) ~[hibernate-core-6.4.4.Final.jar:6.4.4.Final]
	at org.hibernate.sql.results.graph.basic.BasicResultAssembler.assemble(BasicResultAssembler.java:59) ~[hibernate-core-6.4.4.Final.jar:6.4.4.Final]
	at org.hibernate.sql.results.graph.entity.AbstractEntityInitializer.initializeIdentifier(AbstractEntityInitializer.java:374) ~[hibernate-core-6.4.4.Final.jar:6.4.4.Final]
	at org.hibernate.sql.results.graph.entity.AbstractEntityInitializer.resolveEntityKey(AbstractEntityInitializer.java:351) ~[hibernate-core-6.4.4.Final.jar:6.4.4.Final]
	at org.hibernate.sql.results.graph.entity.AbstractEntityInitializer.resolveKey(AbstractEntityInitializer.java:293) ~[hibernate-core-6.4.4.Final.jar:6.4.4.Final]
	at org.hibernate.sql.results.graph.entity.internal.EntityJoinedFetchInitializer.resolveKey(EntityJoinedFetchInitializer.java:67) ~[hibernate-core-6.4.4.Final.jar:6.4.4.Final]
	at org.hibernate.sql.results.internal.InitializersList.resolveKeys(InitializersList.java:82) ~[hibernate-core-6.4.4.Final.jar:6.4.4.Final]
	at org.hibernate.sql.results.internal.StandardRowReader.coordinateInitializers(StandardRowReader.java:107) ~[hibernate-core-6.4.4.Final.jar:6.4.4.Final]
	at org.hibernate.sql.results.internal.StandardRowReader.readRow(StandardRowReader.java:86) ~[hibernate-core-6.4.4.Final.jar:6.4.4.Final]
	at org.hibernate.sql.results.spi.ListResultsConsumer.consume(ListResultsConsumer.java:181) ~[hibernate-core-6.4.4.Final.jar:6.4.4.Final]
	at org.hibernate.sql.results.spi.ListResultsConsumer.consume(ListResultsConsumer.java:33) ~[hibernate-core-6.4.4.Final.jar:6.4.4.Final]
	at org.hibernate.sql.exec.internal.JdbcSelectExecutorStandardImpl.doExecuteQuery(JdbcSelectExecutorStandardImpl.java:209) ~[hibernate-core-6.4.4.Final.jar:6.4.4.Final]
	at org.hibernate.sql.exec.internal.JdbcSelectExecutorStandardImpl.executeQuery(JdbcSelectExecutorStandardImpl.java:83) ~[hibernate-core-6.4.4.Final.jar:6.4.4.Final]
	at org.hibernate.sql.exec.spi.JdbcSelectExecutor.list(JdbcSelectExecutor.java:76) ~[hibernate-core-6.4.4.Final.jar:6.4.4.Final]
	at org.hibernate.sql.exec.spi.JdbcSelectExecutor.list(JdbcSelectExecutor.java:65) ~[hibernate-core-6.4.4.Final.jar:6.4.4.Final]
	at org.hibernate.loader.ast.internal.CollectionLoaderSingleKey.load(CollectionLoaderSingleKey.java:120) ~[hibernate-core-6.4.4.Final.jar:6.4.4.Final]
	at org.hibernate.persister.collection.AbstractCollectionPersister.initialize(AbstractCollectionPersister.java:680) ~[hibernate-core-6.4.4.Final.jar:6.4.4.Final]
	at org.hibernate.event.internal.DefaultInitializeCollectionEventListener.onInitializeCollection(DefaultInitializeCollectionEventListener.java:67) ~[hibernate-core-6.4.4.Final.jar:6.4.4.Final]
	at org.hibernate.event.service.internal.EventListenerGroupImpl.fireEventOnEachListener(EventListenerGroupImpl.java:127) ~[hibernate-core-6.4.4.Final.jar:6.4.4.Final]
	at org.hibernate.internal.SessionImpl.initializeCollection(SessionImpl.java:1692) ~[hibernate-core-6.4.4.Final.jar:6.4.4.Final]
	at org.hibernate.collection.spi.AbstractPersistentCollection.lambda$initialize$3(AbstractPersistentCollection.java:615) ~[hibernate-core-6.4.4.Final.jar:6.4.4.Final]
	at org.hibernate.collection.spi.AbstractPersistentCollection.withTemporarySessionIfNeeded(AbstractPersistentCollection.java:264) ~[hibernate-core-6.4.4.Final.jar:6.4.4.Final]
	at org.hibernate.collection.spi.AbstractPersistentCollection.initialize(AbstractPersistentCollection.java:613) ~[hibernate-core-6.4.4.Final.jar:6.4.4.Final]
	at org.hibernate.collection.spi.AbstractPersistentCollection.forceInitialization(AbstractPersistentCollection.java:816) ~[hibernate-core-6.4.4.Final.jar:6.4.4.Final]
	at org.hibernate.engine.internal.StatefulPersistenceContext.initializeNonLazyCollections(StatefulPersistenceContext.java:1143) ~[hibernate-core-6.4.4.Final.jar:6.4.4.Final]
	at org.hibernate.engine.internal.StatefulPersistenceContext.initializeNonLazyCollections(StatefulPersistenceContext.java:1129) ~[hibernate-core-6.4.4.Final.jar:6.4.4.Final]
	at org.hibernate.sql.results.spi.ListResultsConsumer.consume(ListResultsConsumer.java:229) ~[hibernate-core-6.4.4.Final.jar:6.4.4.Final]
	at org.hibernate.sql.results.spi.ListResultsConsumer.consume(ListResultsConsumer.java:33) ~[hibernate-core-6.4.4.Final.jar:6.4.4.Final]
	at org.hibernate.sql.exec.internal.JdbcSelectExecutorStandardImpl.doExecuteQuery(JdbcSelectExecutorStandardImpl.java:209) ~[hibernate-core-6.4.4.Final.jar:6.4.4.Final]
	at org.hibernate.sql.exec.internal.JdbcSelectExecutorStandardImpl.executeQuery(JdbcSelectExecutorStandardImpl.java:83) ~[hibernate-core-6.4.4.Final.jar:6.4.4.Final]
	at org.hibernate.sql.exec.spi.JdbcSelectExecutor.list(JdbcSelectExecutor.java:76) ~[hibernate-core-6.4.4.Final.jar:6.4.4.Final]
	at org.hibernate.sql.exec.spi.JdbcSelectExecutor.list(JdbcSelectExecutor.java:65) ~[hibernate-core-6.4.4.Final.jar:6.4.4.Final]
	at org.hibernate.query.sqm.internal.ConcreteSqmSelectQueryPlan.lambda$new$2(ConcreteSqmSelectQueryPlan.java:137) ~[hibernate-core-6.4.4.Final.jar:6.4.4.Final]
	at org.hibernate.query.sqm.internal.ConcreteSqmSelectQueryPlan.withCacheableSqmInterpretation(ConcreteSqmSelectQueryPlan.java:362) ~[hibernate-core-6.4.4.Final.jar:6.4.4.Final]
	at org.hibernate.query.sqm.internal.ConcreteSqmSelectQueryPlan.performList(ConcreteSqmSelectQueryPlan.java:303) ~[hibernate-core-6.4.4.Final.jar:6.4.4.Final]
	at org.hibernate.query.sqm.internal.QuerySqmImpl.doList(QuerySqmImpl.java:509) ~[hibernate-core-6.4.4.Final.jar:6.4.4.Final]
	at org.hibernate.query.spi.AbstractSelectionQuery.list(AbstractSelectionQuery.java:427) ~[hibernate-core-6.4.4.Final.jar:6.4.4.Final]
	at org.hibernate.query.Query.getResultList(Query.java:120) ~[hibernate-core-6.4.4.Final.jar:6.4.4.Final]
	at org.springframework.data.jpa.repository.query.JpaQueryExecution$CollectionExecution.doExecute(JpaQueryExecution.java:129) ~[spring-data-jpa-3.2.5.jar:3.2.5]
	at org.springframework.data.jpa.repository.query.JpaQueryExecution.execute(JpaQueryExecution.java:92) ~[spring-data-jpa-3.2.5.jar:3.2.5]
	at org.springframework.data.jpa.repository.query.AbstractJpaQuery.doExecute(AbstractJpaQuery.java:149) ~[spring-data-jpa-3.2.5.jar:3.2.5]
	at org.springframework.data.jpa.repository.query.AbstractJpaQuery.execute(AbstractJpaQuery.java:137) ~[spring-data-jpa-3.2.5.jar:3.2.5]
	at org.springframework.data.repository.core.support.RepositoryMethodInvoker.doInvoke(RepositoryMethodInvoker.java:170) ~[spring-data-commons-3.2.5.jar:3.2.5]
	at org.springframework.data.repository.core.support.RepositoryMethodInvoker.invoke(RepositoryMethodInvoker.java:158) ~[spring-data-commons-3.2.5.jar:3.2.5]
	at org.springframework.data.repository.core.support.QueryExecutorMethodInterceptor.doInvoke(QueryExecutorMethodInterceptor.java:164) ~[spring-data-commons-3.2.5.jar:3.2.5]
	at org.springframework.data.repository.core.support.QueryExecutorMethodInterceptor.invoke(QueryExecutorMethodInterceptor.java:143) ~[spring-data-commons-3.2.5.jar:3.2.5]
	at org.springframework.aop.framework.ReflectiveMethodInvocation.proceed(ReflectiveMethodInvocation.java:184) ~[spring-aop-6.1.6.jar:6.1.6]
	at org.springframework.data.projection.DefaultMethodInvokingMethodInterceptor.invoke(DefaultMethodInvokingMethodInterceptor.java:70) ~[spring-data-commons-3.2.5.jar:3.2.5]
	at org.springframework.aop.framework.ReflectiveMethodInvocation.proceed(ReflectiveMethodInvocation.java:184) ~[spring-aop-6.1.6.jar:6.1.6]
	at org.springframework.transaction.interceptor.TransactionInterceptor$1.proceedWithInvocation(TransactionInterceptor.java:123) ~[spring-tx-6.1.6.jar:6.1.6]
	at org.springframework.transaction.interceptor.TransactionAspectSupport.invokeWithinTransaction(TransactionAspectSupport.java:392) ~[spring-tx-6.1.6.jar:6.1.6]
	at org.springframework.transaction.interceptor.TransactionInterceptor.invoke(TransactionInterceptor.java:119) ~[spring-tx-6.1.6.jar:6.1.6]
	at org.springframework.aop.framework.ReflectiveMethodInvocation.proceed(ReflectiveMethodInvocation.java:184) ~[spring-aop-6.1.6.jar:6.1.6]
	at org.springframework.dao.support.PersistenceExceptionTranslationInterceptor.invoke(PersistenceExceptionTranslationInterceptor.java:137) ~[spring-tx-6.1.6.jar:6.1.6]
	at org.springframework.aop.framework.ReflectiveMethodInvocation.proceed(ReflectiveMethodInvocation.java:184) ~[spring-aop-6.1.6.jar:6.1.6]
	at org.springframework.data.jpa.repository.support.CrudMethodMetadataPostProcessor$CrudMethodMetadataPopulatingMethodInterceptor.invoke(CrudMethodMetadataPostProcessor.java:135) ~[spring-data-jpa-3.2.5.jar:3.2.5]
	at org.springframework.aop.framework.ReflectiveMethodInvocation.proceed(ReflectiveMethodInvocation.java:184) ~[spring-aop-6.1.6.jar:6.1.6]
	at org.springframework.aop.interceptor.ExposeInvocationInterceptor.invoke(ExposeInvocationInterceptor.java:97) ~[spring-aop-6.1.6.jar:6.1.6]
	at org.springframework.aop.framework.ReflectiveMethodInvocation.proceed(ReflectiveMethodInvocation.java:184) ~[spring-aop-6.1.6.jar:6.1.6]
	at org.springframework.aop.framework.JdkDynamicAopProxy.invoke(JdkDynamicAopProxy.java:223) ~[spring-aop-6.1.6.jar:6.1.6]
	at jdk.proxy2/jdk.proxy2.$Proxy138.findByUserId(Unknown Source) ~[na:na]
	at iuh.fit.cvservice.service.CVService.getCVsByUserId(CVService.java:20) ~[classes/:na]
	at java.base/jdk.internal.reflect.DirectMethodHandleAccessor.invoke(DirectMethodHandleAccessor.java:103) ~[na:na]
	at java.base/java.lang.reflect.Method.invoke(Method.java:580) ~[na:na]
	at org.springframework.aop.support.AopUtils.invokeJoinpointUsingReflection(AopUtils.java:354) ~[spring-aop-6.1.6.jar:6.1.6]
	at org.springframework.aop.framework.CglibAopProxy$DynamicAdvisedInterceptor.intercept(CglibAopProxy.java:716) ~[spring-aop-6.1.6.jar:6.1.6]
	at iuh.fit.cvservice.service.CVService$$SpringCGLIB$$0.getCVsByUserId(<generated>) ~[classes/:na]
	at iuh.fit.cvservice.controller.CVController.getMyCVs(CVController.java:33) ~[classes/:na]
	at java.base/jdk.internal.reflect.DirectMethodHandleAccessor.invoke(DirectMethodHandleAccessor.java:103) ~[na:na]
	at java.base/java.lang.reflect.Method.invoke(Method.java:580) ~[na:na]
	at org.springframework.web.method.support.InvocableHandlerMethod.doInvoke(InvocableHandlerMethod.java:255) ~[spring-web-6.1.6.jar:6.1.6]
	at org.springframework.web.method.support.InvocableHandlerMethod.invokeForRequest(InvocableHandlerMethod.java:188) ~[spring-web-6.1.6.jar:6.1.6]
	at org.springframework.web.servlet.mvc.method.annotation.ServletInvocableHandlerMethod.invokeAndHandle(ServletInvocableHandlerMethod.java:118) ~[spring-webmvc-6.1.6.jar:6.1.6]
	at org.springframework.web.servlet.mvc.method.annotation.RequestMappingHandlerAdapter.invokeHandlerMethod(RequestMappingHandlerAdapter.java:926) ~[spring-webmvc-6.1.6.jar:6.1.6]
	at org.springframework.web.servlet.mvc.method.annotation.RequestMappingHandlerAdapter.handleInternal(RequestMappingHandlerAdapter.java:831) ~[spring-webmvc-6.1.6.jar:6.1.6]
	at org.springframework.web.servlet.mvc.method.AbstractHandlerMethodAdapter.handle(AbstractHandlerMethodAdapter.java:87) ~[spring-webmvc-6.1.6.jar:6.1.6]
	at org.springframework.web.servlet.DispatcherServlet.doDispatch(DispatcherServlet.java:1089) ~[spring-webmvc-6.1.6.jar:6.1.6]
	at org.springframework.web.servlet.DispatcherServlet.doService(DispatcherServlet.java:979) ~[spring-webmvc-6.1.6.jar:6.1.6]
	at org.springframework.web.servlet.FrameworkServlet.processRequest(FrameworkServlet.java:1014) ~[spring-webmvc-6.1.6.jar:6.1.6]
	at org.springframework.web.servlet.FrameworkServlet.doGet(FrameworkServlet.java:903) ~[spring-webmvc-6.1.6.jar:6.1.6]
	at jakarta.servlet.http.HttpServlet.service(HttpServlet.java:564) ~[tomcat-embed-core-10.1.20.jar:6.0]
	at org.springframework.web.servlet.FrameworkServlet.service(FrameworkServlet.java:885) ~[spring-webmvc-6.1.6.jar:6.1.6]
	at jakarta.servlet.http.HttpServlet.service(HttpServlet.java:658) ~[tomcat-embed-core-10.1.20.jar:6.0]
	at org.apache.catalina.core.ApplicationFilterChain.internalDoFilter(ApplicationFilterChain.java:206) ~[tomcat-embed-core-10.1.20.jar:10.1.20]
	at org.apache.catalina.core.ApplicationFilterChain.doFilter(ApplicationFilterChain.java:150) ~[tomcat-embed-core-10.1.20.jar:10.1.20]
	at org.apache.tomcat.websocket.server.WsFilter.doFilter(WsFilter.java:51) ~[tomcat-embed-websocket-10.1.20.jar:10.1.20]
	at org.apache.catalina.core.ApplicationFilterChain.internalDoFilter(ApplicationFilterChain.java:175) ~[tomcat-embed-core-10.1.20.jar:10.1.20]
	at org.apache.catalina.core.ApplicationFilterChain.doFilter(ApplicationFilterChain.java:150) ~[tomcat-embed-core-10.1.20.jar:10.1.20]
	at org.springframework.web.filter.RequestContextFilter.doFilterInternal(RequestContextFilter.java:100) ~[spring-web-6.1.6.jar:6.1.6]
	at org.springframework.web.filter.OncePerRequestFilter.doFilter(OncePerRequestFilter.java:116) ~[spring-web-6.1.6.jar:6.1.6]
	at org.apache.catalina.core.ApplicationFilterChain.internalDoFilter(ApplicationFilterChain.java:175) ~[tomcat-embed-core-10.1.20.jar:10.1.20]
	at org.apache.catalina.core.ApplicationFilterChain.doFilter(ApplicationFilterChain.java:150) ~[tomcat-embed-core-10.1.20.jar:10.1.20]
	at org.springframework.web.filter.FormContentFilter.doFilterInternal(FormContentFilter.java:93) ~[spring-web-6.1.6.jar:6.1.6]
	at org.springframework.web.filter.OncePerRequestFilter.doFilter(OncePerRequestFilter.java:116) ~[spring-web-6.1.6.jar:6.1.6]
	at org.apache.catalina.core.ApplicationFilterChain.internalDoFilter(ApplicationFilterChain.java:175) ~[tomcat-embed-core-10.1.20.jar:10.1.20]
	at org.apache.catalina.core.ApplicationFilterChain.doFilter(ApplicationFilterChain.java:150) ~[tomcat-embed-core-10.1.20.jar:10.1.20]
	at org.springframework.web.filter.CharacterEncodingFilter.doFilterInternal(CharacterEncodingFilter.java:201) ~[spring-web-6.1.6.jar:6.1.6]
	at org.springframework.web.filter.OncePerRequestFilter.doFilter(OncePerRequestFilter.java:116) ~[spring-web-6.1.6.jar:6.1.6]
	at org.apache.catalina.core.ApplicationFilterChain.internalDoFilter(ApplicationFilterChain.java:175) ~[tomcat-embed-core-10.1.20.jar:10.1.20]
	at org.apache.catalina.core.ApplicationFilterChain.doFilter(ApplicationFilterChain.java:150) ~[tomcat-embed-core-10.1.20.jar:10.1.20]
	at org.apache.catalina.core.StandardWrapperValve.invoke(StandardWrapperValve.java:167) ~[tomcat-embed-core-10.1.20.jar:10.1.20]
	at org.apache.catalina.core.StandardContextValve.invoke(StandardContextValve.java:90) ~[tomcat-embed-core-10.1.20.jar:10.1.20]
	at org.apache.catalina.authenticator.AuthenticatorBase.invoke(AuthenticatorBase.java:482) ~[tomcat-embed-core-10.1.20.jar:10.1.20]
	at org.apache.catalina.core.StandardHostValve.invoke(StandardHostValve.java:115) ~[tomcat-embed-core-10.1.20.jar:10.1.20]
	at org.apache.catalina.valves.ErrorReportValve.invoke(ErrorReportValve.java:93) ~[tomcat-embed-core-10.1.20.jar:10.1.20]
	at org.apache.catalina.core.StandardEngineValve.invoke(StandardEngineValve.java:74) ~[tomcat-embed-core-10.1.20.jar:10.1.20]
	at org.apache.catalina.connector.CoyoteAdapter.service(CoyoteAdapter.java:344) ~[tomcat-embed-core-10.1.20.jar:10.1.20]
	at org.apache.coyote.http11.Http11Processor.service(Http11Processor.java:391) ~[tomcat-embed-core-10.1.20.jar:10.1.20]
	at org.apache.coyote.AbstractProcessorLight.process(AbstractProcessorLight.java:63) ~[tomcat-embed-core-10.1.20.jar:10.1.20]
	at org.apache.coyote.AbstractProtocol$ConnectionHandler.process(AbstractProtocol.java:896) ~[tomcat-embed-core-10.1.20.jar:10.1.20]
	at org.apache.tomcat.util.net.NioEndpoint$SocketProcessor.doRun(NioEndpoint.java:1736) ~[tomcat-embed-core-10.1.20.jar:10.1.20]
	at org.apache.tomcat.util.net.SocketProcessorBase.run(SocketProcessorBase.java:52) ~[tomcat-embed-core-10.1.20.jar:10.1.20]
	at org.apache.tomcat.util.threads.ThreadPoolExecutor.runWorker(ThreadPoolExecutor.java:1191) ~[tomcat-embed-core-10.1.20.jar:10.1.20]
	at org.apache.tomcat.util.threads.ThreadPoolExecutor$Worker.run(ThreadPoolExecutor.java:659) ~[tomcat-embed-core-10.1.20.jar:10.1.20]
	at org.apache.tomcat.util.threads.TaskThread$WrappingRunnable.run(TaskThread.java:63) ~[tomcat-embed-core-10.1.20.jar:10.1.20]
	at java.base/java.lang.Thread.run(Thread.java:1583) ~[na:na]

2026-04-24T00:18:57.811+07:00  INFO 19748 --- [cv-service] [nio-8087-exec-6] i.fit.cvservice.controller.CVController  : Saving CV for user: d29e7734-49e1-4410-9884-c07206739e06
Hibernate: insert into cvs (address,avatar_url,dob,email,full_name,job_title,linkedin,name,phone,status,summary,template_id,updated_at,user_id,id) values (?,?,?,?,?,?,?,?,?,?,?,?,?,?,?)
2026-04-24T00:18:59.255+07:00  INFO 19748 --- [cv-service] [nio-8087-exec-2] i.fit.cvservice.controller.CVController  : Fetching CVs for user: d29e7734-49e1-4410-9884-c07206739e06
Hibernate: select c1_0.id,c1_0.address,c1_0.avatar_url,c1_0.dob,c1_0.email,c1_0.full_name,c1_0.job_title,c1_0.linkedin,c1_0.name,c1_0.phone,c1_0.status,c1_0.summary,c1_0.template_id,c1_0.updated_at,c1_0.user_id from cvs c1_0 where c1_0.user_id=?
Hibernate: select s1_0.cv_id,s1_0.id,s1_0.level,s1_0.name from cv_skills s1_0 where s1_0.cv_id=?
Hibernate: select p1_0.cv_id,p1_0.id,p1_0.description,p1_0.end_date,p1_0.link,p1_0.name,p1_0.start_date from cv_projects p1_0 where p1_0.cv_id=?
Hibernate: select e1_0.cv_id,e1_0.id,e1_0.company,e1_0.description,e1_0.end_date,e1_0.role,e1_0.start_date from cv_experiences e1_0 where e1_0.cv_id=?
Hibernate: select e1_0.cv_id,e1_0.id,e1_0.description,e1_0.end_date,e1_0.major,e1_0.school,e1_0.start_date from cv_educations e1_0 where e1_0.cv_id=?
Hibernate: select c1_0.cv_id,c1_0.id,c1_0.date,c1_0.name,c1_0.org from cv_certificates c1_0 where c1_0.cv_id=?
Hibernate: select s1_0.cv_id,s1_0.id,s1_0.level,s1_0.name from cv_skills s1_0 where s1_0.cv_id=?
Hibernate: select p1_0.cv_id,p1_0.id,p1_0.description,p1_0.end_date,p1_0.link,p1_0.name,p1_0.start_date from cv_projects p1_0 where p1_0.cv_id=?
Hibernate: select e1_0.cv_id,e1_0.id,e1_0.company,e1_0.description,e1_0.end_date,e1_0.role,e1_0.start_date from cv_experiences e1_0 where e1_0.cv_id=?
Hibernate: select e1_0.cv_id,e1_0.id,e1_0.description,e1_0.end_date,e1_0.major,e1_0.school,e1_0.start_date from cv_educations e1_0 where e1_0.cv_id=?
Hibernate: select c1_0.cv_id,c1_0.id,c1_0.date,c1_0.name,c1_0.org from cv_certificates c1_0 where c1_0.cv_id=?
Hibernate: select s1_0.cv_id,s1_0.id,s1_0.level,s1_0.name from cv_skills s1_0 where s1_0.cv_id=?
Hibernate: select p1_0.cv_id,p1_0.id,p1_0.description,p1_0.end_date,p1_0.link,p1_0.name,p1_0.start_date from cv_projects p1_0 where p1_0.cv_id=?
Hibernate: select e1_0.cv_id,e1_0.id,e1_0.company,e1_0.description,e1_0.end_date,e1_0.role,e1_0.start_date from cv_experiences e1_0 where e1_0.cv_id=?
Hibernate: select e1_0.cv_id,e1_0.id,e1_0.description,e1_0.end_date,e1_0.major,e1_0.school,e1_0.start_date from cv_educations e1_0 where e1_0.cv_id=?
Hibernate: select c1_0.cv_id,c1_0.id,c1_0.date,c1_0.name,c1_0.org from cv_certificates c1_0 where c1_0.cv_id=?
Hibernate: select s1_0.cv_id,s1_0.id,s1_0.level,s1_0.name from cv_skills s1_0 where s1_0.cv_id=?
Hibernate: select p1_0.cv_id,p1_0.id,p1_0.description,p1_0.end_date,p1_0.link,p1_0.name,p1_0.start_date from cv_projects p1_0 where p1_0.cv_id=?
Hibernate: select e1_0.cv_id,e1_0.id,e1_0.company,e1_0.description,e1_0.end_date,e1_0.role,e1_0.start_date from cv_experiences e1_0 where e1_0.cv_id=?
Hibernate: select e1_0.cv_id,e1_0.id,e1_0.description,e1_0.end_date,e1_0.major,e1_0.school,e1_0.start_date from cv_educations e1_0 where e1_0.cv_id=?
Hibernate: select c1_0.cv_id,c1_0.id,c1_0.date,c1_0.name,c1_0.org from cv_certificates c1_0 where c1_0.cv_id=?
2026-04-24T00:18:59.305+07:00 ERROR 19748 --- [cv-service] [nio-8087-exec-2] o.a.c.c.C.[.[.[/].[dispatcherServlet]    : Servlet.service() for servlet [dispatcherServlet] in context with path [] threw exception [Request processing failed: java.lang.ClassCastException: Cannot cast java.lang.Long to java.util.UUID] with root cause

java.lang.ClassCastException: Cannot cast java.lang.Long to java.util.UUID
	at java.base/java.lang.Class.cast(Class.java:4069) ~[na:na]
	at org.postgresql.jdbc.PgResultSet.getObject(PgResultSet.java:3841) ~[postgresql-42.6.2.jar:42.6.2]
	at com.zaxxer.hikari.pool.HikariProxyResultSet.getObject(HikariProxyResultSet.java) ~[HikariCP-5.0.1.jar:na]
	at org.hibernate.type.descriptor.jdbc.UUIDJdbcType$2.doExtract(UUIDJdbcType.java:81) ~[hibernate-core-6.4.4.Final.jar:6.4.4.Final]
	at org.hibernate.type.descriptor.jdbc.BasicExtractor.extract(BasicExtractor.java:44) ~[hibernate-core-6.4.4.Final.jar:6.4.4.Final]
	at org.hibernate.sql.results.jdbc.internal.JdbcValuesResultSetImpl.getCurrentRowValue(JdbcValuesResultSetImpl.java:302) ~[hibernate-core-6.4.4.Final.jar:6.4.4.Final]
	at org.hibernate.sql.results.internal.RowProcessingStateStandardImpl.getJdbcValue(RowProcessingStateStandardImpl.java:119) ~[hibernate-core-6.4.4.Final.jar:6.4.4.Final]
	at org.hibernate.sql.results.graph.basic.BasicResultAssembler.extractRawValue(BasicResultAssembler.java:52) ~[hibernate-core-6.4.4.Final.jar:6.4.4.Final]
	at org.hibernate.sql.results.graph.basic.BasicResultAssembler.assemble(BasicResultAssembler.java:59) ~[hibernate-core-6.4.4.Final.jar:6.4.4.Final]
	at org.hibernate.sql.results.graph.entity.AbstractEntityInitializer.initializeIdentifier(AbstractEntityInitializer.java:374) ~[hibernate-core-6.4.4.Final.jar:6.4.4.Final]
	at org.hibernate.sql.results.graph.entity.AbstractEntityInitializer.resolveEntityKey(AbstractEntityInitializer.java:351) ~[hibernate-core-6.4.4.Final.jar:6.4.4.Final]
	at org.hibernate.sql.results.graph.entity.AbstractEntityInitializer.resolveKey(AbstractEntityInitializer.java:293) ~[hibernate-core-6.4.4.Final.jar:6.4.4.Final]
	at org.hibernate.sql.results.graph.entity.internal.EntityJoinedFetchInitializer.resolveKey(EntityJoinedFetchInitializer.java:67) ~[hibernate-core-6.4.4.Final.jar:6.4.4.Final]
	at org.hibernate.sql.results.internal.InitializersList.resolveKeys(InitializersList.java:82) ~[hibernate-core-6.4.4.Final.jar:6.4.4.Final]
	at org.hibernate.sql.results.internal.StandardRowReader.coordinateInitializers(StandardRowReader.java:107) ~[hibernate-core-6.4.4.Final.jar:6.4.4.Final]
	at org.hibernate.sql.results.internal.StandardRowReader.readRow(StandardRowReader.java:86) ~[hibernate-core-6.4.4.Final.jar:6.4.4.Final]
	at org.hibernate.sql.results.spi.ListResultsConsumer.consume(ListResultsConsumer.java:181) ~[hibernate-core-6.4.4.Final.jar:6.4.4.Final]
	at org.hibernate.sql.results.spi.ListResultsConsumer.consume(ListResultsConsumer.java:33) ~[hibernate-core-6.4.4.Final.jar:6.4.4.Final]
	at org.hibernate.sql.exec.internal.JdbcSelectExecutorStandardImpl.doExecuteQuery(JdbcSelectExecutorStandardImpl.java:209) ~[hibernate-core-6.4.4.Final.jar:6.4.4.Final]
	at org.hibernate.sql.exec.internal.JdbcSelectExecutorStandardImpl.executeQuery(JdbcSelectExecutorStandardImpl.java:83) ~[hibernate-core-6.4.4.Final.jar:6.4.4.Final]
	at org.hibernate.sql.exec.spi.JdbcSelectExecutor.list(JdbcSelectExecutor.java:76) ~[hibernate-core-6.4.4.Final.jar:6.4.4.Final]
	at org.hibernate.sql.exec.spi.JdbcSelectExecutor.list(JdbcSelectExecutor.java:65) ~[hibernate-core-6.4.4.Final.jar:6.4.4.Final]
	at org.hibernate.loader.ast.internal.CollectionLoaderSingleKey.load(CollectionLoaderSingleKey.java:120) ~[hibernate-core-6.4.4.Final.jar:6.4.4.Final]
	at org.hibernate.persister.collection.AbstractCollectionPersister.initialize(AbstractCollectionPersister.java:680) ~[hibernate-core-6.4.4.Final.jar:6.4.4.Final]
	at org.hibernate.event.internal.DefaultInitializeCollectionEventListener.onInitializeCollection(DefaultInitializeCollectionEventListener.java:67) ~[hibernate-core-6.4.4.Final.jar:6.4.4.Final]
	at org.hibernate.event.service.internal.EventListenerGroupImpl.fireEventOnEachListener(EventListenerGroupImpl.java:127) ~[hibernate-core-6.4.4.Final.jar:6.4.4.Final]
	at org.hibernate.internal.SessionImpl.initializeCollection(SessionImpl.java:1692) ~[hibernate-core-6.4.4.Final.jar:6.4.4.Final]
	at org.hibernate.collection.spi.AbstractPersistentCollection.lambda$initialize$3(AbstractPersistentCollection.java:615) ~[hibernate-core-6.4.4.Final.jar:6.4.4.Final]
	at org.hibernate.collection.spi.AbstractPersistentCollection.withTemporarySessionIfNeeded(AbstractPersistentCollection.java:264) ~[hibernate-core-6.4.4.Final.jar:6.4.4.Final]
	at org.hibernate.collection.spi.AbstractPersistentCollection.initialize(AbstractPersistentCollection.java:613) ~[hibernate-core-6.4.4.Final.jar:6.4.4.Final]
	at org.hibernate.collection.spi.AbstractPersistentCollection.forceInitialization(AbstractPersistentCollection.java:816) ~[hibernate-core-6.4.4.Final.jar:6.4.4.Final]
	at org.hibernate.engine.internal.StatefulPersistenceContext.initializeNonLazyCollections(StatefulPersistenceContext.java:1143) ~[hibernate-core-6.4.4.Final.jar:6.4.4.Final]
	at org.hibernate.engine.internal.StatefulPersistenceContext.initializeNonLazyCollections(StatefulPersistenceContext.java:1129) ~[hibernate-core-6.4.4.Final.jar:6.4.4.Final]
	at org.hibernate.sql.results.spi.ListResultsConsumer.consume(ListResultsConsumer.java:229) ~[hibernate-core-6.4.4.Final.jar:6.4.4.Final]
	at org.hibernate.sql.results.spi.ListResultsConsumer.consume(ListResultsConsumer.java:33) ~[hibernate-core-6.4.4.Final.jar:6.4.4.Final]
	at org.hibernate.sql.exec.internal.JdbcSelectExecutorStandardImpl.doExecuteQuery(JdbcSelectExecutorStandardImpl.java:209) ~[hibernate-core-6.4.4.Final.jar:6.4.4.Final]
	at org.hibernate.sql.exec.internal.JdbcSelectExecutorStandardImpl.executeQuery(JdbcSelectExecutorStandardImpl.java:83) ~[hibernate-core-6.4.4.Final.jar:6.4.4.Final]
	at org.hibernate.sql.exec.spi.JdbcSelectExecutor.list(JdbcSelectExecutor.java:76) ~[hibernate-core-6.4.4.Final.jar:6.4.4.Final]
	at org.hibernate.sql.exec.spi.JdbcSelectExecutor.list(JdbcSelectExecutor.java:65) ~[hibernate-core-6.4.4.Final.jar:6.4.4.Final]
	at org.hibernate.query.sqm.internal.ConcreteSqmSelectQueryPlan.lambda$new$2(ConcreteSqmSelectQueryPlan.java:137) ~[hibernate-core-6.4.4.Final.jar:6.4.4.Final]
	at org.hibernate.query.sqm.internal.ConcreteSqmSelectQueryPlan.withCacheableSqmInterpretation(ConcreteSqmSelectQueryPlan.java:362) ~[hibernate-core-6.4.4.Final.jar:6.4.4.Final]
	at org.hibernate.query.sqm.internal.ConcreteSqmSelectQueryPlan.performList(ConcreteSqmSelectQueryPlan.java:303) ~[hibernate-core-6.4.4.Final.jar:6.4.4.Final]
	at org.hibernate.query.sqm.internal.QuerySqmImpl.doList(QuerySqmImpl.java:509) ~[hibernate-core-6.4.4.Final.jar:6.4.4.Final]
	at org.hibernate.query.spi.AbstractSelectionQuery.list(AbstractSelectionQuery.java:427) ~[hibernate-core-6.4.4.Final.jar:6.4.4.Final]
	at org.hibernate.query.Query.getResultList(Query.java:120) ~[hibernate-core-6.4.4.Final.jar:6.4.4.Final]
	at org.springframework.data.jpa.repository.query.JpaQueryExecution$CollectionExecution.doExecute(JpaQueryExecution.java:129) ~[spring-data-jpa-3.2.5.jar:3.2.5]
	at org.springframework.data.jpa.repository.query.JpaQueryExecution.execute(JpaQueryExecution.java:92) ~[spring-data-jpa-3.2.5.jar:3.2.5]
	at org.springframework.data.jpa.repository.query.AbstractJpaQuery.doExecute(AbstractJpaQuery.java:149) ~[spring-data-jpa-3.2.5.jar:3.2.5]
	at org.springframework.data.jpa.repository.query.AbstractJpaQuery.execute(AbstractJpaQuery.java:137) ~[spring-data-jpa-3.2.5.jar:3.2.5]
	at org.springframework.data.repository.core.support.RepositoryMethodInvoker.doInvoke(RepositoryMethodInvoker.java:170) ~[spring-data-commons-3.2.5.jar:3.2.5]
	at org.springframework.data.repository.core.support.RepositoryMethodInvoker.invoke(RepositoryMethodInvoker.java:158) ~[spring-data-commons-3.2.5.jar:3.2.5]
	at org.springframework.data.repository.core.support.QueryExecutorMethodInterceptor.doInvoke(QueryExecutorMethodInterceptor.java:164) ~[spring-data-commons-3.2.5.jar:3.2.5]
	at org.springframework.data.repository.core.support.QueryExecutorMethodInterceptor.invoke(QueryExecutorMethodInterceptor.java:143) ~[spring-data-commons-3.2.5.jar:3.2.5]
	at org.springframework.aop.framework.ReflectiveMethodInvocation.proceed(ReflectiveMethodInvocation.java:184) ~[spring-aop-6.1.6.jar:6.1.6]
	at org.springframework.data.projection.DefaultMethodInvokingMethodInterceptor.invoke(DefaultMethodInvokingMethodInterceptor.java:70) ~[spring-data-commons-3.2.5.jar:3.2.5]
	at org.springframework.aop.framework.ReflectiveMethodInvocation.proceed(ReflectiveMethodInvocation.java:184) ~[spring-aop-6.1.6.jar:6.1.6]
	at org.springframework.transaction.interceptor.TransactionInterceptor$1.proceedWithInvocation(TransactionInterceptor.java:123) ~[spring-tx-6.1.6.jar:6.1.6]
	at org.springframework.transaction.interceptor.TransactionAspectSupport.invokeWithinTransaction(TransactionAspectSupport.java:392) ~[spring-tx-6.1.6.jar:6.1.6]
	at org.springframework.transaction.interceptor.TransactionInterceptor.invoke(TransactionInterceptor.java:119) ~[spring-tx-6.1.6.jar:6.1.6]
	at org.springframework.aop.framework.ReflectiveMethodInvocation.proceed(ReflectiveMethodInvocation.java:184) ~[spring-aop-6.1.6.jar:6.1.6]
	at org.springframework.dao.support.PersistenceExceptionTranslationInterceptor.invoke(PersistenceExceptionTranslationInterceptor.java:137) ~[spring-tx-6.1.6.jar:6.1.6]
	at org.springframework.aop.framework.ReflectiveMethodInvocation.proceed(ReflectiveMethodInvocation.java:184) ~[spring-aop-6.1.6.jar:6.1.6]
	at org.springframework.data.jpa.repository.support.CrudMethodMetadataPostProcessor$CrudMethodMetadataPopulatingMethodInterceptor.invoke(CrudMethodMetadataPostProcessor.java:135) ~[spring-data-jpa-3.2.5.jar:3.2.5]
	at org.springframework.aop.framework.ReflectiveMethodInvocation.proceed(ReflectiveMethodInvocation.java:184) ~[spring-aop-6.1.6.jar:6.1.6]
	at org.springframework.aop.interceptor.ExposeInvocationInterceptor.invoke(ExposeInvocationInterceptor.java:97) ~[spring-aop-6.1.6.jar:6.1.6]
	at org.springframework.aop.framework.ReflectiveMethodInvocation.proceed(ReflectiveMethodInvocation.java:184) ~[spring-aop-6.1.6.jar:6.1.6]
	at org.springframework.aop.framework.JdkDynamicAopProxy.invoke(JdkDynamicAopProxy.java:223) ~[spring-aop-6.1.6.jar:6.1.6]
	at jdk.proxy2/jdk.proxy2.$Proxy138.findByUserId(Unknown Source) ~[na:na]
	at iuh.fit.cvservice.service.CVService.getCVsByUserId(CVService.java:20) ~[classes/:na]
	at java.base/jdk.internal.reflect.DirectMethodHandleAccessor.invoke(DirectMethodHandleAccessor.java:103) ~[na:na]
	at java.base/java.lang.reflect.Method.invoke(Method.java:580) ~[na:na]
	at org.springframework.aop.support.AopUtils.invokeJoinpointUsingReflection(AopUtils.java:354) ~[spring-aop-6.1.6.jar:6.1.6]
	at org.springframework.aop.framework.CglibAopProxy$DynamicAdvisedInterceptor.intercept(CglibAopProxy.java:716) ~[spring-aop-6.1.6.jar:6.1.6]
	at iuh.fit.cvservice.service.CVService$$SpringCGLIB$$0.getCVsByUserId(<generated>) ~[classes/:na]
	at iuh.fit.cvservice.controller.CVController.getMyCVs(CVController.java:33) ~[classes/:na]
	at java.base/jdk.internal.reflect.DirectMethodHandleAccessor.invoke(DirectMethodHandleAccessor.java:103) ~[na:na]
	at java.base/java.lang.reflect.Method.invoke(Method.java:580) ~[na:na]
	at org.springframework.web.method.support.InvocableHandlerMethod.doInvoke(InvocableHandlerMethod.java:255) ~[spring-web-6.1.6.jar:6.1.6]
	at org.springframework.web.method.support.InvocableHandlerMethod.invokeForRequest(InvocableHandlerMethod.java:188) ~[spring-web-6.1.6.jar:6.1.6]
	at org.springframework.web.servlet.mvc.method.annotation.ServletInvocableHandlerMethod.invokeAndHandle(ServletInvocableHandlerMethod.java:118) ~[spring-webmvc-6.1.6.jar:6.1.6]
	at org.springframework.web.servlet.mvc.method.annotation.RequestMappingHandlerAdapter.invokeHandlerMethod(RequestMappingHandlerAdapter.java:926) ~[spring-webmvc-6.1.6.jar:6.1.6]
	at org.springframework.web.servlet.mvc.method.annotation.RequestMappingHandlerAdapter.handleInternal(RequestMappingHandlerAdapter.java:831) ~[spring-webmvc-6.1.6.jar:6.1.6]
	at org.springframework.web.servlet.mvc.method.AbstractHandlerMethodAdapter.handle(AbstractHandlerMethodAdapter.java:87) ~[spring-webmvc-6.1.6.jar:6.1.6]
	at org.springframework.web.servlet.DispatcherServlet.doDispatch(DispatcherServlet.java:1089) ~[spring-webmvc-6.1.6.jar:6.1.6]
	at org.springframework.web.servlet.DispatcherServlet.doService(DispatcherServlet.java:979) ~[spring-webmvc-6.1.6.jar:6.1.6]
	at org.springframework.web.servlet.FrameworkServlet.processRequest(FrameworkServlet.java:1014) ~[spring-webmvc-6.1.6.jar:6.1.6]
	at org.springframework.web.servlet.FrameworkServlet.doGet(FrameworkServlet.java:903) ~[spring-webmvc-6.1.6.jar:6.1.6]
	at jakarta.servlet.http.HttpServlet.service(HttpServlet.java:564) ~[tomcat-embed-core-10.1.20.jar:6.0]
	at org.springframework.web.servlet.FrameworkServlet.service(FrameworkServlet.java:885) ~[spring-webmvc-6.1.6.jar:6.1.6]
	at jakarta.servlet.http.HttpServlet.service(HttpServlet.java:658) ~[tomcat-embed-core-10.1.20.jar:6.0]
	at org.apache.catalina.core.ApplicationFilterChain.internalDoFilter(ApplicationFilterChain.java:206) ~[tomcat-embed-core-10.1.20.jar:10.1.20]
	at org.apache.catalina.core.ApplicationFilterChain.doFilter(ApplicationFilterChain.java:150) ~[tomcat-embed-core-10.1.20.jar:10.1.20]
	at org.apache.tomcat.websocket.server.WsFilter.doFilter(WsFilter.java:51) ~[tomcat-embed-websocket-10.1.20.jar:10.1.20]
	at org.apache.catalina.core.ApplicationFilterChain.internalDoFilter(ApplicationFilterChain.java:175) ~[tomcat-embed-core-10.1.20.jar:10.1.20]
	at org.apache.catalina.core.ApplicationFilterChain.doFilter(ApplicationFilterChain.java:150) ~[tomcat-embed-core-10.1.20.jar:10.1.20]
	at org.springframework.web.filter.RequestContextFilter.doFilterInternal(RequestContextFilter.java:100) ~[spring-web-6.1.6.jar:6.1.6]
	at org.springframework.web.filter.OncePerRequestFilter.doFilter(OncePerRequestFilter.java:116) ~[spring-web-6.1.6.jar:6.1.6]
	at org.apache.catalina.core.ApplicationFilterChain.internalDoFilter(ApplicationFilterChain.java:175) ~[tomcat-embed-core-10.1.20.jar:10.1.20]
	at org.apache.catalina.core.ApplicationFilterChain.doFilter(ApplicationFilterChain.java:150) ~[tomcat-embed-core-10.1.20.jar:10.1.20]
	at org.springframework.web.filter.FormContentFilter.doFilterInternal(FormContentFilter.java:93) ~[spring-web-6.1.6.jar:6.1.6]
	at org.springframework.web.filter.OncePerRequestFilter.doFilter(OncePerRequestFilter.java:116) ~[spring-web-6.1.6.jar:6.1.6]
	at org.apache.catalina.core.ApplicationFilterChain.internalDoFilter(ApplicationFilterChain.java:175) ~[tomcat-embed-core-10.1.20.jar:10.1.20]
	at org.apache.catalina.core.ApplicationFilterChain.doFilter(ApplicationFilterChain.java:150) ~[tomcat-embed-core-10.1.20.jar:10.1.20]
	at org.springframework.web.filter.CharacterEncodingFilter.doFilterInternal(CharacterEncodingFilter.java:201) ~[spring-web-6.1.6.jar:6.1.6]
	at org.springframework.web.filter.OncePerRequestFilter.doFilter(OncePerRequestFilter.java:116) ~[spring-web-6.1.6.jar:6.1.6]
	at org.apache.catalina.core.ApplicationFilterChain.internalDoFilter(ApplicationFilterChain.java:175) ~[tomcat-embed-core-10.1.20.jar:10.1.20]
	at org.apache.catalina.core.ApplicationFilterChain.doFilter(ApplicationFilterChain.java:150) ~[tomcat-embed-core-10.1.20.jar:10.1.20]
	at org.apache.catalina.core.StandardWrapperValve.invoke(StandardWrapperValve.java:167) ~[tomcat-embed-core-10.1.20.jar:10.1.20]
	at org.apache.catalina.core.StandardContextValve.invoke(StandardContextValve.java:90) ~[tomcat-embed-core-10.1.20.jar:10.1.20]
	at org.apache.catalina.authenticator.AuthenticatorBase.invoke(AuthenticatorBase.java:482) ~[tomcat-embed-core-10.1.20.jar:10.1.20]
	at org.apache.catalina.core.StandardHostValve.invoke(StandardHostValve.java:115) ~[tomcat-embed-core-10.1.20.jar:10.1.20]
	at org.apache.catalina.valves.ErrorReportValve.invoke(ErrorReportValve.java:93) ~[tomcat-embed-core-10.1.20.jar:10.1.20]
	at org.apache.catalina.core.StandardEngineValve.invoke(StandardEngineValve.java:74) ~[tomcat-embed-core-10.1.20.jar:10.1.20]
	at org.apache.catalina.connector.CoyoteAdapter.service(CoyoteAdapter.java:344) ~[tomcat-embed-core-10.1.20.jar:10.1.20]
	at org.apache.coyote.http11.Http11Processor.service(Http11Processor.java:391) ~[tomcat-embed-core-10.1.20.jar:10.1.20]
	at org.apache.coyote.AbstractProcessorLight.process(AbstractProcessorLight.java:63) ~[tomcat-embed-core-10.1.20.jar:10.1.20]
	at org.apache.coyote.AbstractProtocol$ConnectionHandler.process(AbstractProtocol.java:896) ~[tomcat-embed-core-10.1.20.jar:10.1.20]
	at org.apache.tomcat.util.net.NioEndpoint$SocketProcessor.doRun(NioEndpoint.java:1736) ~[tomcat-embed-core-10.1.20.jar:10.1.20]
	at org.apache.tomcat.util.net.SocketProcessorBase.run(SocketProcessorBase.java:52) ~[tomcat-embed-core-10.1.20.jar:10.1.20]
	at org.apache.tomcat.util.threads.ThreadPoolExecutor.runWorker(ThreadPoolExecutor.java:1191) ~[tomcat-embed-core-10.1.20.jar:10.1.20]
	at org.apache.tomcat.util.threads.ThreadPoolExecutor$Worker.run(ThreadPoolExecutor.java:659) ~[tomcat-embed-core-10.1.20.jar:10.1.20]
	at org.apache.tomcat.util.threads.TaskThread$WrappingRunnable.run(TaskThread.java:63) ~[tomcat-embed-core-10.1.20.jar:10.1.20]
	at java.base/java.lang.Thread.run(Thread.java:1583) ~[na:na]

2026-04-24T00:18:59.343+07:00  INFO 19748 --- [cv-service] [nio-8087-exec-7] i.fit.cvservice.controller.CVController  : Fetching CVs for user: d29e7734-49e1-4410-9884-c07206739e06
Hibernate: select c1_0.id,c1_0.address,c1_0.avatar_url,c1_0.dob,c1_0.email,c1_0.full_name,c1_0.job_title,c1_0.linkedin,c1_0.name,c1_0.phone,c1_0.status,c1_0.summary,c1_0.template_id,c1_0.updated_at,c1_0.user_id from cvs c1_0 where c1_0.user_id=?
Hibernate: select s1_0.cv_id,s1_0.id,s1_0.level,s1_0.name from cv_skills s1_0 where s1_0.cv_id=?
Hibernate: select p1_0.cv_id,p1_0.id,p1_0.description,p1_0.end_date,p1_0.link,p1_0.name,p1_0.start_date from cv_projects p1_0 where p1_0.cv_id=?
Hibernate: select e1_0.cv_id,e1_0.id,e1_0.company,e1_0.description,e1_0.end_date,e1_0.role,e1_0.start_date from cv_experiences e1_0 where e1_0.cv_id=?
Hibernate: select e1_0.cv_id,e1_0.id,e1_0.description,e1_0.end_date,e1_0.major,e1_0.school,e1_0.start_date from cv_educations e1_0 where e1_0.cv_id=?
Hibernate: select c1_0.cv_id,c1_0.id,c1_0.date,c1_0.name,c1_0.org from cv_certificates c1_0 where c1_0.cv_id=?
Hibernate: select s1_0.cv_id,s1_0.id,s1_0.level,s1_0.name from cv_skills s1_0 where s1_0.cv_id=?
Hibernate: select p1_0.cv_id,p1_0.id,p1_0.description,p1_0.end_date,p1_0.link,p1_0.name,p1_0.start_date from cv_projects p1_0 where p1_0.cv_id=?
Hibernate: select e1_0.cv_id,e1_0.id,e1_0.company,e1_0.description,e1_0.end_date,e1_0.role,e1_0.start_date from cv_experiences e1_0 where e1_0.cv_id=?
Hibernate: select e1_0.cv_id,e1_0.id,e1_0.description,e1_0.end_date,e1_0.major,e1_0.school,e1_0.start_date from cv_educations e1_0 where e1_0.cv_id=?
Hibernate: select c1_0.cv_id,c1_0.id,c1_0.date,c1_0.name,c1_0.org from cv_certificates c1_0 where c1_0.cv_id=?
Hibernate: select s1_0.cv_id,s1_0.id,s1_0.level,s1_0.name from cv_skills s1_0 where s1_0.cv_id=?
Hibernate: select p1_0.cv_id,p1_0.id,p1_0.description,p1_0.end_date,p1_0.link,p1_0.name,p1_0.start_date from cv_projects p1_0 where p1_0.cv_id=?
Hibernate: select e1_0.cv_id,e1_0.id,e1_0.company,e1_0.description,e1_0.end_date,e1_0.role,e1_0.start_date from cv_experiences e1_0 where e1_0.cv_id=?
Hibernate: select e1_0.cv_id,e1_0.id,e1_0.description,e1_0.end_date,e1_0.major,e1_0.school,e1_0.start_date from cv_educations e1_0 where e1_0.cv_id=?
Hibernate: select c1_0.cv_id,c1_0.id,c1_0.date,c1_0.name,c1_0.org from cv_certificates c1_0 where c1_0.cv_id=?
Hibernate: select s1_0.cv_id,s1_0.id,s1_0.level,s1_0.name from cv_skills s1_0 where s1_0.cv_id=?
Hibernate: select p1_0.cv_id,p1_0.id,p1_0.description,p1_0.end_date,p1_0.link,p1_0.name,p1_0.start_date from cv_projects p1_0 where p1_0.cv_id=?
Hibernate: select e1_0.cv_id,e1_0.id,e1_0.company,e1_0.description,e1_0.end_date,e1_0.role,e1_0.start_date from cv_experiences e1_0 where e1_0.cv_id=?
Hibernate: select e1_0.cv_id,e1_0.id,e1_0.description,e1_0.end_date,e1_0.major,e1_0.school,e1_0.start_date from cv_educations e1_0 where e1_0.cv_id=?
Hibernate: select c1_0.cv_id,c1_0.id,c1_0.date,c1_0.name,c1_0.org from cv_certificates c1_0 where c1_0.cv_id=?
2026-04-24T00:18:59.383+07:00 ERROR 19748 --- [cv-service] [nio-8087-exec-7] o.a.c.c.C.[.[.[/].[dispatcherServlet]    : Servlet.service() for servlet [dispatcherServlet] in context with path [] threw exception [Request processing failed: java.lang.ClassCastException: Cannot cast java.lang.Long to java.util.UUID] with root cause

java.lang.ClassCastException: Cannot cast java.lang.Long to java.util.UUID
	at java.base/java.lang.Class.cast(Class.java:4069) ~[na:na]
	at org.postgresql.jdbc.PgResultSet.getObject(PgResultSet.java:3841) ~[postgresql-42.6.2.jar:42.6.2]
	at com.zaxxer.hikari.pool.HikariProxyResultSet.getObject(HikariProxyResultSet.java) ~[HikariCP-5.0.1.jar:na]
	at org.hibernate.type.descriptor.jdbc.UUIDJdbcType$2.doExtract(UUIDJdbcType.java:81) ~[hibernate-core-6.4.4.Final.jar:6.4.4.Final]
	at org.hibernate.type.descriptor.jdbc.BasicExtractor.extract(BasicExtractor.java:44) ~[hibernate-core-6.4.4.Final.jar:6.4.4.Final]
	at org.hibernate.sql.results.jdbc.internal.JdbcValuesResultSetImpl.getCurrentRowValue(JdbcValuesResultSetImpl.java:302) ~[hibernate-core-6.4.4.Final.jar:6.4.4.Final]
	at org.hibernate.sql.results.internal.RowProcessingStateStandardImpl.getJdbcValue(RowProcessingStateStandardImpl.java:119) ~[hibernate-core-6.4.4.Final.jar:6.4.4.Final]
	at org.hibernate.sql.results.graph.basic.BasicResultAssembler.extractRawValue(BasicResultAssembler.java:52) ~[hibernate-core-6.4.4.Final.jar:6.4.4.Final]
	at org.hibernate.sql.results.graph.basic.BasicResultAssembler.assemble(BasicResultAssembler.java:59) ~[hibernate-core-6.4.4.Final.jar:6.4.4.Final]
	at org.hibernate.sql.results.graph.entity.AbstractEntityInitializer.initializeIdentifier(AbstractEntityInitializer.java:374) ~[hibernate-core-6.4.4.Final.jar:6.4.4.Final]
	at org.hibernate.sql.results.graph.entity.AbstractEntityInitializer.resolveEntityKey(AbstractEntityInitializer.java:351) ~[hibernate-core-6.4.4.Final.jar:6.4.4.Final]
	at org.hibernate.sql.results.graph.entity.AbstractEntityInitializer.resolveKey(AbstractEntityInitializer.java:293) ~[hibernate-core-6.4.4.Final.jar:6.4.4.Final]
	at org.hibernate.sql.results.graph.entity.internal.EntityJoinedFetchInitializer.resolveKey(EntityJoinedFetchInitializer.java:67) ~[hibernate-core-6.4.4.Final.jar:6.4.4.Final]
	at org.hibernate.sql.results.internal.InitializersList.resolveKeys(InitializersList.java:82) ~[hibernate-core-6.4.4.Final.jar:6.4.4.Final]
	at org.hibernate.sql.results.internal.StandardRowReader.coordinateInitializers(StandardRowReader.java:107) ~[hibernate-core-6.4.4.Final.jar:6.4.4.Final]
	at org.hibernate.sql.results.internal.StandardRowReader.readRow(StandardRowReader.java:86) ~[hibernate-core-6.4.4.Final.jar:6.4.4.Final]
	at org.hibernate.sql.results.spi.ListResultsConsumer.consume(ListResultsConsumer.java:181) ~[hibernate-core-6.4.4.Final.jar:6.4.4.Final]
	at org.hibernate.sql.results.spi.ListResultsConsumer.consume(ListResultsConsumer.java:33) ~[hibernate-core-6.4.4.Final.jar:6.4.4.Final]
	at org.hibernate.sql.exec.internal.JdbcSelectExecutorStandardImpl.doExecuteQuery(JdbcSelectExecutorStandardImpl.java:209) ~[hibernate-core-6.4.4.Final.jar:6.4.4.Final]
	at org.hibernate.sql.exec.internal.JdbcSelectExecutorStandardImpl.executeQuery(JdbcSelectExecutorStandardImpl.java:83) ~[hibernate-core-6.4.4.Final.jar:6.4.4.Final]
	at org.hibernate.sql.exec.spi.JdbcSelectExecutor.list(JdbcSelectExecutor.java:76) ~[hibernate-core-6.4.4.Final.jar:6.4.4.Final]
	at org.hibernate.sql.exec.spi.JdbcSelectExecutor.list(JdbcSelectExecutor.java:65) ~[hibernate-core-6.4.4.Final.jar:6.4.4.Final]
	at org.hibernate.loader.ast.internal.CollectionLoaderSingleKey.load(CollectionLoaderSingleKey.java:120) ~[hibernate-core-6.4.4.Final.jar:6.4.4.Final]
	at org.hibernate.persister.collection.AbstractCollectionPersister.initialize(AbstractCollectionPersister.java:680) ~[hibernate-core-6.4.4.Final.jar:6.4.4.Final]
	at org.hibernate.event.internal.DefaultInitializeCollectionEventListener.onInitializeCollection(DefaultInitializeCollectionEventListener.java:67) ~[hibernate-core-6.4.4.Final.jar:6.4.4.Final]
	at org.hibernate.event.service.internal.EventListenerGroupImpl.fireEventOnEachListener(EventListenerGroupImpl.java:127) ~[hibernate-core-6.4.4.Final.jar:6.4.4.Final]
	at org.hibernate.internal.SessionImpl.initializeCollection(SessionImpl.java:1692) ~[hibernate-core-6.4.4.Final.jar:6.4.4.Final]
	at org.hibernate.collection.spi.AbstractPersistentCollection.lambda$initialize$3(AbstractPersistentCollection.java:615) ~[hibernate-core-6.4.4.Final.jar:6.4.4.Final]
	at org.hibernate.collection.spi.AbstractPersistentCollection.withTemporarySessionIfNeeded(AbstractPersistentCollection.java:264) ~[hibernate-core-6.4.4.Final.jar:6.4.4.Final]
	at org.hibernate.collection.spi.AbstractPersistentCollection.initialize(AbstractPersistentCollection.java:613) ~[hibernate-core-6.4.4.Final.jar:6.4.4.Final]
	at org.hibernate.collection.spi.AbstractPersistentCollection.forceInitialization(AbstractPersistentCollection.java:816) ~[hibernate-core-6.4.4.Final.jar:6.4.4.Final]
	at org.hibernate.engine.internal.StatefulPersistenceContext.initializeNonLazyCollections(StatefulPersistenceContext.java:1143) ~[hibernate-core-6.4.4.Final.jar:6.4.4.Final]
	at org.hibernate.engine.internal.StatefulPersistenceContext.initializeNonLazyCollections(StatefulPersistenceContext.java:1129) ~[hibernate-core-6.4.4.Final.jar:6.4.4.Final]
	at org.hibernate.sql.results.spi.ListResultsConsumer.consume(ListResultsConsumer.java:229) ~[hibernate-core-6.4.4.Final.jar:6.4.4.Final]
	at org.hibernate.sql.results.spi.ListResultsConsumer.consume(ListResultsConsumer.java:33) ~[hibernate-core-6.4.4.Final.jar:6.4.4.Final]
	at org.hibernate.sql.exec.internal.JdbcSelectExecutorStandardImpl.doExecuteQuery(JdbcSelectExecutorStandardImpl.java:209) ~[hibernate-core-6.4.4.Final.jar:6.4.4.Final]
	at org.hibernate.sql.exec.internal.JdbcSelectExecutorStandardImpl.executeQuery(JdbcSelectExecutorStandardImpl.java:83) ~[hibernate-core-6.4.4.Final.jar:6.4.4.Final]
	at org.hibernate.sql.exec.spi.JdbcSelectExecutor.list(JdbcSelectExecutor.java:76) ~[hibernate-core-6.4.4.Final.jar:6.4.4.Final]
	at org.hibernate.sql.exec.spi.JdbcSelectExecutor.list(JdbcSelectExecutor.java:65) ~[hibernate-core-6.4.4.Final.jar:6.4.4.Final]
	at org.hibernate.query.sqm.internal.ConcreteSqmSelectQueryPlan.lambda$new$2(ConcreteSqmSelectQueryPlan.java:137) ~[hibernate-core-6.4.4.Final.jar:6.4.4.Final]
	at org.hibernate.query.sqm.internal.ConcreteSqmSelectQueryPlan.withCacheableSqmInterpretation(ConcreteSqmSelectQueryPlan.java:362) ~[hibernate-core-6.4.4.Final.jar:6.4.4.Final]
	at org.hibernate.query.sqm.internal.ConcreteSqmSelectQueryPlan.performList(ConcreteSqmSelectQueryPlan.java:303) ~[hibernate-core-6.4.4.Final.jar:6.4.4.Final]
	at org.hibernate.query.sqm.internal.QuerySqmImpl.doList(QuerySqmImpl.java:509) ~[hibernate-core-6.4.4.Final.jar:6.4.4.Final]
	at org.hibernate.query.spi.AbstractSelectionQuery.list(AbstractSelectionQuery.java:427) ~[hibernate-core-6.4.4.Final.jar:6.4.4.Final]
	at org.hibernate.query.Query.getResultList(Query.java:120) ~[hibernate-core-6.4.4.Final.jar:6.4.4.Final]
	at org.springframework.data.jpa.repository.query.JpaQueryExecution$CollectionExecution.doExecute(JpaQueryExecution.java:129) ~[spring-data-jpa-3.2.5.jar:3.2.5]
	at org.springframework.data.jpa.repository.query.JpaQueryExecution.execute(JpaQueryExecution.java:92) ~[spring-data-jpa-3.2.5.jar:3.2.5]
	at org.springframework.data.jpa.repository.query.AbstractJpaQuery.doExecute(AbstractJpaQuery.java:149) ~[spring-data-jpa-3.2.5.jar:3.2.5]
	at org.springframework.data.jpa.repository.query.AbstractJpaQuery.execute(AbstractJpaQuery.java:137) ~[spring-data-jpa-3.2.5.jar:3.2.5]
	at org.springframework.data.repository.core.support.RepositoryMethodInvoker.doInvoke(RepositoryMethodInvoker.java:170) ~[spring-data-commons-3.2.5.jar:3.2.5]
	at org.springframework.data.repository.core.support.RepositoryMethodInvoker.invoke(RepositoryMethodInvoker.java:158) ~[spring-data-commons-3.2.5.jar:3.2.5]
	at org.springframework.data.repository.core.support.QueryExecutorMethodInterceptor.doInvoke(QueryExecutorMethodInterceptor.java:164) ~[spring-data-commons-3.2.5.jar:3.2.5]
	at org.springframework.data.repository.core.support.QueryExecutorMethodInterceptor.invoke(QueryExecutorMethodInterceptor.java:143) ~[spring-data-commons-3.2.5.jar:3.2.5]
	at org.springframework.aop.framework.ReflectiveMethodInvocation.proceed(ReflectiveMethodInvocation.java:184) ~[spring-aop-6.1.6.jar:6.1.6]
	at org.springframework.data.projection.DefaultMethodInvokingMethodInterceptor.invoke(DefaultMethodInvokingMethodInterceptor.java:70) ~[spring-data-commons-3.2.5.jar:3.2.5]
	at org.springframework.aop.framework.ReflectiveMethodInvocation.proceed(ReflectiveMethodInvocation.java:184) ~[spring-aop-6.1.6.jar:6.1.6]
	at org.springframework.transaction.interceptor.TransactionInterceptor$1.proceedWithInvocation(TransactionInterceptor.java:123) ~[spring-tx-6.1.6.jar:6.1.6]
	at org.springframework.transaction.interceptor.TransactionAspectSupport.invokeWithinTransaction(TransactionAspectSupport.java:392) ~[spring-tx-6.1.6.jar:6.1.6]
	at org.springframework.transaction.interceptor.TransactionInterceptor.invoke(TransactionInterceptor.java:119) ~[spring-tx-6.1.6.jar:6.1.6]
	at org.springframework.aop.framework.ReflectiveMethodInvocation.proceed(ReflectiveMethodInvocation.java:184) ~[spring-aop-6.1.6.jar:6.1.6]
	at org.springframework.dao.support.PersistenceExceptionTranslationInterceptor.invoke(PersistenceExceptionTranslationInterceptor.java:137) ~[spring-tx-6.1.6.jar:6.1.6]
	at org.springframework.aop.framework.ReflectiveMethodInvocation.proceed(ReflectiveMethodInvocation.java:184) ~[spring-aop-6.1.6.jar:6.1.6]
	at org.springframework.data.jpa.repository.support.CrudMethodMetadataPostProcessor$CrudMethodMetadataPopulatingMethodInterceptor.invoke(CrudMethodMetadataPostProcessor.java:135) ~[spring-data-jpa-3.2.5.jar:3.2.5]
	at org.springframework.aop.framework.ReflectiveMethodInvocation.proceed(ReflectiveMethodInvocation.java:184) ~[spring-aop-6.1.6.jar:6.1.6]
	at org.springframework.aop.interceptor.ExposeInvocationInterceptor.invoke(ExposeInvocationInterceptor.java:97) ~[spring-aop-6.1.6.jar:6.1.6]
	at org.springframework.aop.framework.ReflectiveMethodInvocation.proceed(ReflectiveMethodInvocation.java:184) ~[spring-aop-6.1.6.jar:6.1.6]
	at org.springframework.aop.framework.JdkDynamicAopProxy.invoke(JdkDynamicAopProxy.java:223) ~[spring-aop-6.1.6.jar:6.1.6]
	at jdk.proxy2/jdk.proxy2.$Proxy138.findByUserId(Unknown Source) ~[na:na]
	at iuh.fit.cvservice.service.CVService.getCVsByUserId(CVService.java:20) ~[classes/:na]
	at java.base/jdk.internal.reflect.DirectMethodHandleAccessor.invoke(DirectMethodHandleAccessor.java:103) ~[na:na]
	at java.base/java.lang.reflect.Method.invoke(Method.java:580) ~[na:na]
	at org.springframework.aop.support.AopUtils.invokeJoinpointUsingReflection(AopUtils.java:354) ~[spring-aop-6.1.6.jar:6.1.6]
	at org.springframework.aop.framework.CglibAopProxy$DynamicAdvisedInterceptor.intercept(CglibAopProxy.java:716) ~[spring-aop-6.1.6.jar:6.1.6]
	at iuh.fit.cvservice.service.CVService$$SpringCGLIB$$0.getCVsByUserId(<generated>) ~[classes/:na]
	at iuh.fit.cvservice.controller.CVController.getMyCVs(CVController.java:33) ~[classes/:na]
	at java.base/jdk.internal.reflect.DirectMethodHandleAccessor.invoke(DirectMethodHandleAccessor.java:103) ~[na:na]
	at java.base/java.lang.reflect.Method.invoke(Method.java:580) ~[na:na]
	at org.springframework.web.method.support.InvocableHandlerMethod.doInvoke(InvocableHandlerMethod.java:255) ~[spring-web-6.1.6.jar:6.1.6]
	at org.springframework.web.method.support.InvocableHandlerMethod.invokeForRequest(InvocableHandlerMethod.java:188) ~[spring-web-6.1.6.jar:6.1.6]
	at org.springframework.web.servlet.mvc.method.annotation.ServletInvocableHandlerMethod.invokeAndHandle(ServletInvocableHandlerMethod.java:118) ~[spring-webmvc-6.1.6.jar:6.1.6]
	at org.springframework.web.servlet.mvc.method.annotation.RequestMappingHandlerAdapter.invokeHandlerMethod(RequestMappingHandlerAdapter.java:926) ~[spring-webmvc-6.1.6.jar:6.1.6]
	at org.springframework.web.servlet.mvc.method.annotation.RequestMappingHandlerAdapter.handleInternal(RequestMappingHandlerAdapter.java:831) ~[spring-webmvc-6.1.6.jar:6.1.6]
	at org.springframework.web.servlet.mvc.method.AbstractHandlerMethodAdapter.handle(AbstractHandlerMethodAdapter.java:87) ~[spring-webmvc-6.1.6.jar:6.1.6]
	at org.springframework.web.servlet.DispatcherServlet.doDispatch(DispatcherServlet.java:1089) ~[spring-webmvc-6.1.6.jar:6.1.6]
	at org.springframework.web.servlet.DispatcherServlet.doService(DispatcherServlet.java:979) ~[spring-webmvc-6.1.6.jar:6.1.6]
	at org.springframework.web.servlet.FrameworkServlet.processRequest(FrameworkServlet.java:1014) ~[spring-webmvc-6.1.6.jar:6.1.6]
	at org.springframework.web.servlet.FrameworkServlet.doGet(FrameworkServlet.java:903) ~[spring-webmvc-6.1.6.jar:6.1.6]
	at jakarta.servlet.http.HttpServlet.service(HttpServlet.java:564) ~[tomcat-embed-core-10.1.20.jar:6.0]
	at org.springframework.web.servlet.FrameworkServlet.service(FrameworkServlet.java:885) ~[spring-webmvc-6.1.6.jar:6.1.6]
	at jakarta.servlet.http.HttpServlet.service(HttpServlet.java:658) ~[tomcat-embed-core-10.1.20.jar:6.0]
	at org.apache.catalina.core.ApplicationFilterChain.internalDoFilter(ApplicationFilterChain.java:206) ~[tomcat-embed-core-10.1.20.jar:10.1.20]
	at org.apache.catalina.core.ApplicationFilterChain.doFilter(ApplicationFilterChain.java:150) ~[tomcat-embed-core-10.1.20.jar:10.1.20]
	at org.apache.tomcat.websocket.server.WsFilter.doFilter(WsFilter.java:51) ~[tomcat-embed-websocket-10.1.20.jar:10.1.20]
	at org.apache.catalina.core.ApplicationFilterChain.internalDoFilter(ApplicationFilterChain.java:175) ~[tomcat-embed-core-10.1.20.jar:10.1.20]
	at org.apache.catalina.core.ApplicationFilterChain.doFilter(ApplicationFilterChain.java:150) ~[tomcat-embed-core-10.1.20.jar:10.1.20]
	at org.springframework.web.filter.RequestContextFilter.doFilterInternal(RequestContextFilter.java:100) ~[spring-web-6.1.6.jar:6.1.6]
	at org.springframework.web.filter.OncePerRequestFilter.doFilter(OncePerRequestFilter.java:116) ~[spring-web-6.1.6.jar:6.1.6]
	at org.apache.catalina.core.ApplicationFilterChain.internalDoFilter(ApplicationFilterChain.java:175) ~[tomcat-embed-core-10.1.20.jar:10.1.20]
	at org.apache.catalina.core.ApplicationFilterChain.doFilter(ApplicationFilterChain.java:150) ~[tomcat-embed-core-10.1.20.jar:10.1.20]
	at org.springframework.web.filter.FormContentFilter.doFilterInternal(FormContentFilter.java:93) ~[spring-web-6.1.6.jar:6.1.6]
	at org.springframework.web.filter.OncePerRequestFilter.doFilter(OncePerRequestFilter.java:116) ~[spring-web-6.1.6.jar:6.1.6]
	at org.apache.catalina.core.ApplicationFilterChain.internalDoFilter(ApplicationFilterChain.java:175) ~[tomcat-embed-core-10.1.20.jar:10.1.20]
	at org.apache.catalina.core.ApplicationFilterChain.doFilter(ApplicationFilterChain.java:150) ~[tomcat-embed-core-10.1.20.jar:10.1.20]
	at org.springframework.web.filter.CharacterEncodingFilter.doFilterInternal(CharacterEncodingFilter.java:201) ~[spring-web-6.1.6.jar:6.1.6]
	at org.springframework.web.filter.OncePerRequestFilter.doFilter(OncePerRequestFilter.java:116) ~[spring-web-6.1.6.jar:6.1.6]
	at org.apache.catalina.core.ApplicationFilterChain.internalDoFilter(ApplicationFilterChain.java:175) ~[tomcat-embed-core-10.1.20.jar:10.1.20]
	at org.apache.catalina.core.ApplicationFilterChain.doFilter(ApplicationFilterChain.java:150) ~[tomcat-embed-core-10.1.20.jar:10.1.20]
	at org.apache.catalina.core.StandardWrapperValve.invoke(StandardWrapperValve.java:167) ~[tomcat-embed-core-10.1.20.jar:10.1.20]
	at org.apache.catalina.core.StandardContextValve.invoke(StandardContextValve.java:90) ~[tomcat-embed-core-10.1.20.jar:10.1.20]
	at org.apache.catalina.authenticator.AuthenticatorBase.invoke(AuthenticatorBase.java:482) ~[tomcat-embed-core-10.1.20.jar:10.1.20]
	at org.apache.catalina.core.StandardHostValve.invoke(StandardHostValve.java:115) ~[tomcat-embed-core-10.1.20.jar:10.1.20]
	at org.apache.catalina.valves.ErrorReportValve.invoke(ErrorReportValve.java:93) ~[tomcat-embed-core-10.1.20.jar:10.1.20]
	at org.apache.catalina.core.StandardEngineValve.invoke(StandardEngineValve.java:74) ~[tomcat-embed-core-10.1.20.jar:10.1.20]
	at org.apache.catalina.connector.CoyoteAdapter.service(CoyoteAdapter.java:344) ~[tomcat-embed-core-10.1.20.jar:10.1.20]
	at org.apache.coyote.http11.Http11Processor.service(Http11Processor.java:391) ~[tomcat-embed-core-10.1.20.jar:10.1.20]
	at org.apache.coyote.AbstractProcessorLight.process(AbstractProcessorLight.java:63) ~[tomcat-embed-core-10.1.20.jar:10.1.20]
	at org.apache.coyote.AbstractProtocol$ConnectionHandler.process(AbstractProtocol.java:896) ~[tomcat-embed-core-10.1.20.jar:10.1.20]
	at org.apache.tomcat.util.net.NioEndpoint$SocketProcessor.doRun(NioEndpoint.java:1736) ~[tomcat-embed-core-10.1.20.jar:10.1.20]
	at org.apache.tomcat.util.net.SocketProcessorBase.run(SocketProcessorBase.java:52) ~[tomcat-embed-core-10.1.20.jar:10.1.20]
	at org.apache.tomcat.util.threads.ThreadPoolExecutor.runWorker(ThreadPoolExecutor.java:1191) ~[tomcat-embed-core-10.1.20.jar:10.1.20]
	at org.apache.tomcat.util.threads.ThreadPoolExecutor$Worker.run(ThreadPoolExecutor.java:659) ~[tomcat-embed-core-10.1.20.jar:10.1.20]
	at org.apache.tomcat.util.threads.TaskThread$WrappingRunnable.run(TaskThread.java:63) ~[tomcat-embed-core-10.1.20.jar:10.1.20]
	at java.base/java.lang.Thread.run(Thread.java:1583) ~[na:na]

[INFO] ------------------------------------------------------------------------
[INFO] BUILD FAILURE
[INFO] ------------------------------------------------------------------------
[INFO] Total time:  03:52 min
[INFO] Finished at: 2026-04-24T00:21:32+07:00
[INFO] ------------------------------------------------------------------------
[ERROR] Failed to execute goal org.springframework.boot:spring-boot-maven-plugin:3.2.5:run (default-cli) on project cv-service: Process terminated with exit code: -1 -> [Help 1]
[ERROR] 
[ERROR] To see the full stack trace of the errors, re-run Maven with the -e switch.
[ERROR] Re-run Maven using the -X switch to enable full debug logging.
[ERROR] 
[ERROR] For more information about the errors and possible solutions, please read the following articles:
[ERROR] [Help 1] http://cwiki.apache.org/confluence/display/MAVEN/MojoExecutionException
