#
# There is insufficient memory for the Java Runtime Environment to continue.
# Native memory allocation (mmap) failed to map 65536 bytes for Failed to commit metaspace.
# Possible reasons:
#   The system is out of physical RAM or swap space
#   The process is running with CompressedOops enabled, and the Java Heap may be blocking the growth of the native heap
# Possible solutions:
#   Reduce memory load on the system
#   Increase physical memory or swap space
#   Check if swap backing store is full
#   Decrease Java heap size (-Xmx/-Xms)
#   Decrease number of Java threads
#   Decrease Java thread stack sizes (-Xss)
#   Set larger code cache with -XX:ReservedCodeCacheSize=
#   JVM is running with Unscaled Compressed Oops mode in which the Java heap is
#     placed in the first 4GB address space. The Java Heap base address is the
#     maximum limit for the native heap growth. Please use -XX:HeapBaseMinAddress
#     to set the Java Heap base and to place the Java Heap above 4GB virtual address.
# This output file may be truncated or incomplete.
#
#  Out of Memory Error (virtualSpaceNode.cpp:112), pid=20764, tid=23564
#
# JRE version: Java(TM) SE Runtime Environment (21.0.7+8) (build 21.0.7+8-LTS-245)
# Java VM: Java HotSpot(TM) 64-Bit Server VM (21.0.7+8-LTS-245, mixed mode, emulated-client, sharing, tiered, compressed oops, compressed class ptrs, g1 gc, windows-amd64)
# No core dump will be written. Minidumps are not enabled by default on client versions of Windows
#

---------------  S U M M A R Y ------------

Command Line: -XX:TieredStopAtLevel=1 -Dspring.output.ansi.enabled=always -Dcom.sun.management.jmxremote -Dspring.jmx.enabled=true -Dspring.liveBeansView.mbeanDomain -Dspring.application.admin.enabled=true -Dmanagement.endpoints.jmx.exposure.include=* -javaagent:C:\Program Files\JetBrains\IntelliJ IDEA 2024.3.5\lib\idea_rt.jar=59851 -Dfile.encoding=UTF-8 -Dsun.stdout.encoding=UTF-8 -Dsun.stderr.encoding=UTF-8 iuh.fit.companyservice.CompanyServiceApplication

Host: 11th Gen Intel(R) Core(TM) i5-11400H @ 2.70GHz, 12 cores, 7G,  Windows 11 , 64 bit Build 26100 (10.0.26100.7920)
Time: Sat Mar 28 00:19:09 2026 SE Asia Standard Time elapsed time: 2.311941 seconds (0d 0h 0m 2s)

---------------  T H R E A D  ---------------

Current thread (0x00000281de29d530):  JavaThread "background-preinit"        [_thread_in_vm, id=23564, stack(0x000000a427900000,0x000000a427a00000) (1024K)]

Stack: [0x000000a427900000,0x000000a427a00000]
Native frames: (J=compiled Java code, j=interpreted, Vv=VM code, C=native code)
V  [jvm.dll+0x6cae19]
V  [jvm.dll+0x855741]
V  [jvm.dll+0x857c6e]
V  [jvm.dll+0x858343]
V  [jvm.dll+0x27e0b6]
V  [jvm.dll+0x85135e]
V  [jvm.dll+0x66ea55]
V  [jvm.dll+0x1e410c]
V  [jvm.dll+0x1e3ede]
V  [jvm.dll+0x671383]
V  [jvm.dll+0x6711a2]
V  [jvm.dll+0x66f42e]
V  [jvm.dll+0x269830]
V  [jvm.dll+0x215897]
V  [jvm.dll+0x20b1ee]
V  [jvm.dll+0x5ad9cc]
V  [jvm.dll+0x7cf846]
V  [jvm.dll+0x471336]
V  [jvm.dll+0x4771b8]
C  [java.dll+0x17ec]

Java frames: (J=compiled Java code, j=interpreted, Vv=VM code)
J 1436  java.lang.ClassLoader.defineClass1(Ljava/lang/ClassLoader;Ljava/lang/String;[BIILjava/security/ProtectionDomain;Ljava/lang/String;)Ljava/lang/Class; java.base@21.0.7 (0 bytes) @ 0x000002818f8d1111 [0x000002818f8d1040+0x00000000000000d1]
J 1561 c1 java.lang.ClassLoader.defineClass(Ljava/lang/String;[BIILjava/security/ProtectionDomain;)Ljava/lang/Class; java.base@21.0.7 (43 bytes) @ 0x000002818f90b07c [0x000002818f90af60+0x000000000000011c]
J 1563 c1 jdk.internal.loader.BuiltinClassLoader.defineClass(Ljava/lang/String;Ljdk/internal/loader/Resource;)Ljava/lang/Class; java.base@21.0.7 (121 bytes) @ 0x000002818f90d994 [0x000002818f90d440+0x0000000000000554]
J 1556 c1 jdk.internal.loader.BuiltinClassLoader.findClassOnClassPathOrNull(Ljava/lang/String;)Ljava/lang/Class; java.base@21.0.7 (64 bytes) @ 0x000002818f9091b4 [0x000002818f908ee0+0x00000000000002d4]
J 1353 c1 jdk.internal.loader.BuiltinClassLoader.loadClassOrNull(Ljava/lang/String;Z)Ljava/lang/Class; java.base@21.0.7 (143 bytes) @ 0x000002818f8abbfc [0x000002818f8ab800+0x00000000000003fc]
J 1485 c1 jdk.internal.loader.ClassLoaders$AppClassLoader.loadClass(Ljava/lang/String;Z)Ljava/lang/Class; java.base@21.0.7 (40 bytes) @ 0x000002818f8ef18c [0x000002818f8ef140+0x000000000000004c]
J 1482 c1 java.lang.ClassLoader.loadClass(Ljava/lang/String;)Ljava/lang/Class; java.base@21.0.7 (7 bytes) @ 0x000002818f8ee694 [0x000002818f8ee640+0x0000000000000054]
v  ~StubRoutines::call_stub 0x000002818f3d10e7
j  com.fasterxml.jackson.databind.ObjectMapper.<init>(Lcom/fasterxml/jackson/core/JsonFactory;Lcom/fasterxml/jackson/databind/ser/DefaultSerializerProvider;Lcom/fasterxml/jackson/databind/deser/DefaultDeserializationContext;)V+274
j  com.fasterxml.jackson.databind.ObjectMapper.<init>()V+4
j  org.springframework.http.converter.json.Jackson2ObjectMapperBuilder.build()Lcom/fasterxml/jackson/databind/ObjectMapper;+81
j  org.springframework.http.converter.json.MappingJackson2HttpMessageConverter.<init>()V+4
j  org.springframework.http.converter.support.AllEncompassingFormHttpMessageConverter.<init>()V+55
j  org.springframework.boot.autoconfigure.BackgroundPreinitializer$MessageConverterInitializer.run()V+4
j  org.springframework.boot.autoconfigure.BackgroundPreinitializer$1.runSafely(Ljava/lang/Runnable;)Z+1
j  org.springframework.boot.autoconfigure.BackgroundPreinitializer$1.run()V+32
j  java.lang.Thread.runWith(Ljava/lang/Object;Ljava/lang/Runnable;)V+5 java.base@21.0.7
j  java.lang.Thread.run()V+19 java.base@21.0.7
v  ~StubRoutines::call_stub 0x000002818f3d10e7

Compiled method (n/a)    2331 1436     n 0       java.lang.ClassLoader::defineClass1 (native)
 total in heap  [0x000002818f8d0e90,0x000002818f8d15f0] = 1888
 relocation     [0x000002818f8d0ff0,0x000002818f8d1030] = 64
 main code      [0x000002818f8d1040,0x000002818f8d15ef] = 1455
 stub code      [0x000002818f8d15ef,0x000002818f8d15f0] = 1

[Constant Pool (empty)]

[MachCode]
[Entry Point]
  # {method} {0x0000028198439a30} 'defineClass1' '(Ljava/lang/ClassLoader;Ljava/lang/String;[BIILjava/security/ProtectionDomain;Ljava/lang/String;)Ljava/lang/Class;' in 'java/lang/ClassLoader'
  # parm0:    rdx:rdx   = 'java/lang/ClassLoader'
  # parm1:    r8:r8     = 'java/lang/String'
  # parm2:    r9:r9     = '[B'
  # parm3:    rdi       = int
  # parm4:    rsi       = int
  # parm5:    rcx:rcx   = 'java/security/ProtectionDomain'
  # parm6:    [sp+0xa0]   = 'java/lang/String'  (sp of caller)
  0x000002818f8d1040: 448b 5208 | 49bb 0000 | 0098 8102 | 0000 4d03 | d349 3bc2 | 0f84 0600 

  0x000002818f8d1058: ;   {runtime_call ic_miss_stub}
  0x000002818f8d1058: 0000 e921 | d9b4 ff90 
[Verified Entry Point]
  0x000002818f8d1060: 8984 2400 | 80ff ff55 | 488b ec48 | 81ec 9000 | 0000 6690 | 4181 7f20 | 0100 0000 

  0x000002818f8d107c: ;   {runtime_call StubRoutines (final stubs)}
  0x000002818f8d107c: 7405 e8fd | 4cb3 ff48 | 837d 1000 | 488d 4510 | 480f 4445 | 1048 8944 | 2440 4889 | 4c24 7048 
  0x000002818f8d109c: 83f9 0048 | 8d44 2470 | 480f 4444 | 2470 4889 | 4424 3848 | 8974 2430 | 4889 7c24 | 284c 894c 
  0x000002818f8d10bc: 2458 4983 | f900 488d | 4424 5848 | 0f44 4424 | 5848 8944 | 2420 4c89 | 4424 5049 | 83f8 004c 
  0x000002818f8d10dc: 8d4c 2450 | 4c0f 444c | 2450 4889 | 5424 4848 | 83fa 004c | 8d44 2448 | 4c0f 4444 

  0x000002818f8d10f8: ;   {oop(a 'java/lang/Class'{0x00000000838283f8} = 'java/lang/ClassLoader')}
  0x000002818f8d10f8: 2448 49be | f883 8283 | 0000 0000 | 4c89 7424 | 784c 8d74 | 2478 498b | d6c5 f877 

  0x000002818f8d1114: ;   {internal_word}
  0x000002818f8d1114: 49ba 1111 | 8d8f 8102 | 0000 4d89 | 97a0 0300 | 0049 89a7 | 9803 0000 

  0x000002818f8d112c: ;   {external_word}
  0x000002818f8d112c: 49ba 2058 | d51a f97f | 0000 4180 | 3a00 0f84 | 4e00 0000 | 5241 5041 

  0x000002818f8d1144: ;   {metadata({method} {0x0000028198439a30} 'defineClass1' '(Ljava/lang/ClassLoader;Ljava/lang/String;[BIILjava/security/ProtectionDomain;Ljava/lang/String;)Ljava/lang/Class;' in 'java/lang/ClassLoader')}
  0x000002818f8d1144: 5148 ba28 | 9a43 9881 | 0200 0049 | 8bcf 4883 | ec20 40f6 | c40f 0f84 | 1900 0000 | 4883 ec08 
  0x000002818f8d1164: ;   {runtime_call}
  0x000002818f8d1164: 48b8 500d | 861a f97f | 0000 ffd0 | 4883 c408 | e90c 0000 

  0x000002818f8d1178: ;   {runtime_call}
  0x000002818f8d1178: 0048 b850 | 0d86 1af9 | 7f00 00ff | d048 83c4 | 2041 5941 | 585a 498d | 8fb8 0300 | 0041 c787 
  0x000002818f8d1198: 4404 0000 | 0400 0000 

  0x000002818f8d11a0: ;   {runtime_call}
  0x000002818f8d11a0: 48b8 ac16 | 35d9 f97f | 0000 ffd0 | c5f8 7741 | c787 4404 | 0000 0500 | 0000 f083 | 4424 c000 
  0x000002818f8d11c0: 493b af48 | 0400 000f | 870e 0000 | 0041 83bf | 4004 0000 | 000f 842b | 0000 00c5 | f877 4889 
  0x000002818f8d11e0: 45f8 498b | cf4c 8be4 | 4883 ec20 | 4883 e4f0 

  0x000002818f8d11f0: ;   {runtime_call}
  0x000002818f8d11f0: 48b8 30b9 | 511a f97f | 0000 ffd0 | 498b e44d | 33e4 488b | 45f8 41c7 | 8744 0400 | 0008 0000 
  0x000002818f8d1210: 0041 83bf | c004 0000 | 020f 84a3 

  0x000002818f8d121c: ;   {external_word}
  0x000002818f8d121c: 0300 0049 | ba20 58d5 | 1af9 7f00 | 0041 803a | 000f 844c | 0000 0048 

  0x000002818f8d1234: ;   {metadata({method} {0x0000028198439a30} 'defineClass1' '(Ljava/lang/ClassLoader;Ljava/lang/String;[BIILjava/security/ProtectionDomain;Ljava/lang/String;)Ljava/lang/Class;' in 'java/lang/ClassLoader')}
  0x000002818f8d1234: 8945 f848 | ba28 9a43 | 9881 0200 | 0049 8bcf | 4883 ec20 | 40f6 c40f | 0f84 1900 | 0000 4883 
  0x000002818f8d1254: ;   {runtime_call}
  0x000002818f8d1254: ec08 48b8 | 500d 861a | f97f 0000 | ffd0 4883 | c408 e90c 

  0x000002818f8d1268: ;   {runtime_call}
  0x000002818f8d1268: 0000 0048 | b850 0d86 | 1af9 7f00 | 00ff d048 | 83c4 2048 | 8b45 f849 | c787 9803 | 0000 0000 
  0x000002818f8d1288: 0000 49c7 | 87a0 0300 | 0000 0000 | 00c5 f877 | 4885 c00f | 84fe 0200 | 00a8 030f | 8508 0000 
  0x000002818f8d12a8: 0048 8b00 | e9ee 0200 | 00a8 010f | 8509 0000 | 0048 8b40 | fee9 dd02 | 0000 488b | 40ff 4180 
  0x000002818f8d12c8: 7f40 000f | 84ce 0200 | 0048 83f8 | 000f 84c4 | 0200 0049 | 8b4f 2848 | 83f9 000f | 8414 0000 
  0x000002818f8d12e8: 0048 83e9 | 0849 894f | 2849 034f | 3848 8901 | e9a2 0200 | 0048 81ec | 5001 0000 | 4889 0424 
  0x000002818f8d1308: 4889 4c24 | 0848 8954 | 2410 4889 | 7424 1848 | 897c 2420 | 4c89 4424 | 284c 894c | 2430 4c89 
  0x000002818f8d1328: 5424 384c | 895c 2440 | c5fb 1144 | 2450 c5fb | 114c 2458 | c5fb 1154 | 2460 c5fb | 115c 2468 
  0x000002818f8d1348: c5fb 1164 | 2470 c5fb | 116c 2478 | c5fb 11b4 | 2480 0000 | 00c5 fb11 | bc24 8800 | 0000 c57b 
  0x000002818f8d1368: ;   {no_reloc}
  0x000002818f8d1368: 1184 2490 | 0000 00c5 | 7b11 8c24 | 9800 0000 | c57b 1194 | 24a0 0000 | 00c5 7b11 | 9c24 a800 
  0x000002818f8d1388: 0000 c57b | 11a4 24b0 | 0000 00c5 | 7b11 ac24 | b800 0000 | c57b 11b4 | 24c0 0000 | 00c5 7b11 
  0x000002818f8d13a8: bc24 c800 | 0000 62e1 | ff08 1144 | 241a 62e1 | ff08 114c | 241b 62e1 | ff08 1154 | 241c 62e1 
  0x000002818f8d13c8: ff08 115c | 241d 62e1 | ff08 1164 | 241e 62e1 | ff08 116c | 241f 62e1 | ff08 1174 | 2420 62e1 
  0x000002818f8d13e8: ff08 117c | 2421 6261 | ff08 1144 | 2422 6261 | ff08 114c | 2423 6261 | ff08 1154 | 2424 6261 
  0x000002818f8d1408: ff08 115c | 2425 6261 | ff08 1164 | 2426 6261 | ff08 116c | 2427 6261 | ff08 1174 | 2428 6261 
  0x000002818f8d1428: ff08 117c | 2429 498b | d748 8bc8 | 4883 ec20 | 40f6 c40f | 0f84 1900 | 0000 4883 

  0x000002818f8d1444: ;   {runtime_call}
  0x000002818f8d1444: ec08 48b8 | 90f6 441a | f97f 0000 | ffd0 4883 | c408 e90c 

  0x000002818f8d1458: ;   {runtime_call}
  0x000002818f8d1458: 0000 0048 | b890 f644 | 1af9 7f00 | 00ff d048 | 83c4 2062 | 61ff 0810 | 7c24 2962 | 61ff 0810 
  0x000002818f8d1478: 7424 2862 | 61ff 0810 | 6c24 2762 | 61ff 0810 | 6424 2662 | 61ff 0810 | 5c24 2562 | 61ff 0810 
  0x000002818f8d1498: 5424 2462 | 61ff 0810 | 4c24 2362 | 61ff 0810 | 4424 2262 | e1ff 0810 | 7c24 2162 | e1ff 0810 
  0x000002818f8d14b8: 7424 2062 | e1ff 0810 | 6c24 1f62 | e1ff 0810 | 6424 1e62 | e1ff 0810 | 5c24 1d62 | e1ff 0810 
  0x000002818f8d14d8: 5424 1c62 | e1ff 0810 | 4c24 1b62 | e1ff 0810 | 4424 1ac5 | 7b10 bc24 | c800 0000 | c57b 10b4 
  0x000002818f8d14f8: 24c0 0000 | 00c5 7b10 | ac24 b800 | 0000 c57b | 10a4 24b0 | 0000 00c5 | 7b10 9c24 | a800 0000 
  0x000002818f8d1518: c57b 1094 | 24a0 0000 | 00c5 7b10 | 8c24 9800 | 0000 c57b | 1084 2490 | 0000 00c5 | fb10 bc24 
  0x000002818f8d1538: 8800 0000 | c5fb 10b4 | 2480 0000 | 00c5 fb10 | 6c24 78c5 | fb10 6424 | 70c5 fb10 | 5c24 68c5 
  0x000002818f8d1558: ;   {no_reloc}
  0x000002818f8d1558: fb10 5424 | 60c5 fb10 | 4c24 58c5 | fb10 4424 | 504c 8b5c | 2440 4c8b | 5424 384c | 8b4c 2430 
  0x000002818f8d1578: 4c8b 4424 | 2848 8b7c | 2420 488b | 7424 1848 | 8b54 2410 | 488b 4c24 | 0848 8b04 | 2448 81c4 
  0x000002818f8d1598: 5001 0000 | c5f8 7749 | 8b8f 2804 | 0000 c781 | 0001 0000 | 0000 0000 | c949 837f | 0800 0f85 
  0x000002818f8d15b8: 0100 0000 

  0x000002818f8d15bc: ;   {runtime_call StubRoutines (initial stubs)}
  0x000002818f8d15bc: c3e9 3ef9 | afff c5f8 | 7748 8945 | f84c 8be4 | 4883 ec20 | 4883 e4f0 

  0x000002818f8d15d4: ;   {runtime_call}
  0x000002818f8d15d4: 48b8 4045 | 861a f97f | 0000 ffd0 | 498b e44d | 33e4 488b | 45f8 e930 | fcff fff4 
[/MachCode]


Compiled method (c1)    2337 1561       1       java.lang.ClassLoader::defineClass (43 bytes)
 total in heap  [0x000002818f90ad90,0x000002818f90b350] = 1472
 relocation     [0x000002818f90aef0,0x000002818f90af60] = 112
 main code      [0x000002818f90af60,0x000002818f90b120] = 448
 stub code      [0x000002818f90b120,0x000002818f90b198] = 120
 metadata       [0x000002818f90b198,0x000002818f90b1c8] = 48
 scopes data    [0x000002818f90b1c8,0x000002818f90b280] = 184
 scopes pcs     [0x000002818f90b280,0x000002818f90b320] = 160
 dependencies   [0x000002818f90b320,0x000002818f90b328] = 8
 nul chk table  [0x000002818f90b328,0x000002818f90b350] = 40

[Constant Pool (empty)]

[MachCode]
[Entry Point]
  # {method} {0x0000028198439db0} 'defineClass' '(Ljava/lang/String;[BIILjava/security/ProtectionDomain;)Ljava/lang/Class;' in 'java/lang/ClassLoader'
  # this:     rdx:rdx   = 'java/lang/ClassLoader'
  # parm0:    r8:r8     = 'java/lang/String'
  # parm1:    r9:r9     = '[B'
  # parm2:    rdi       = int
  # parm3:    rsi       = int
  # parm4:    rcx:rcx   = 'java/security/ProtectionDomain'
  #           [sp+0xc0]  (sp of caller)
  0x000002818f90af60: 448b 5208 | 49bb 0000 | 0098 8102 | 0000 4d03 | d34c 3bd0 

  0x000002818f90af74: ;   {runtime_call ic_miss_stub}
  0x000002818f90af74: 0f85 063a | b1ff 660f | 1f44 0000 
[Verified Entry Point]
  0x000002818f90af80: 8984 2400 | 80ff ff55 | 4881 ecb0 | 0000 0090 | 4181 7f20 | 0100 0000 

  0x000002818f90af98: ;   {runtime_call StubRoutines (final stubs)}
  0x000002818f90af98: 7405 e8e1 | adaf ff48 | 8954 2478 | 89b4 2494 | 0000 0089 | bc24 9000 | 0000 4c89 | 8c24 8800 
  0x000002818f90afb8: 0000 498b | d84c 8bc3 | 4c8b c948 | 8bca 488b | d148 899c | 2480 0000 | 0066 0f1f 

  0x000002818f90afd4: ;   {optimized virtual_call}
  0x000002818f90afd4: 4400 00e8 

  0x000002818f90afd8: ; ImmutableOopMap {[120]=Oop [128]=Oop [136]=Oop }
                      ;*invokevirtual preDefineClass {reexecute=0 rethrow=0 return_oop=0}
                      ; - java.lang.ClassLoader::defineClass@4 (line 1025)
  0x000002818f90afd8: e4c5 ffff 

  0x000002818f90afdc: ;   {other}
  0x000002818f90afdc: 0f1f 8400 | 4c02 0000 | 4889 8424 | 9800 0000 

  0x000002818f90afec: ; implicit exception: dispatches to 0x000002818f90b0ca
  0x000002818f90afec: 448b 4010 | 4d85 c00f | 850f 0000 

  0x000002818f90aff8: ;   {oop(nullptr)}
  0x000002818f90aff8: 0048 bb00 | 0000 0000 | 0000 00e9 | 3f00 0000 

  0x000002818f90b008: ; implicit exception: dispatches to 0x000002818f90b0cf
  0x000002818f90b008: 458b 400c | 4d85 c00f | 850f 0000 

  0x000002818f90b014: ;   {oop(nullptr)}
  0x000002818f90b014: 0048 bb00 | 0000 0000 | 0000 00e9 | 2300 0000 

  0x000002818f90b024: ; implicit exception: dispatches to 0x000002818f90b0d4
  0x000002818f90b024: 418b 5038 

  0x000002818f90b028: ; implicit exception: dispatches to 0x000002818f90b0d9
  0x000002818f90b028: 483b 020f 

  0x000002818f90b02c: ;   {optimized virtual_call}
  0x000002818f90b02c: 1f40 00e8 

  0x000002818f90b030: ; ImmutableOopMap {[120]=Oop [128]=Oop [136]=Oop [152]=Oop }
                      ;*invokevirtual toExternalForm {reexecute=0 rethrow=0 return_oop=0}
                      ; - java.net.URL::toExternalForm@5 (line 1203)
                      ; - java.net.URL::toString@1 (line 1189)
                      ; - java.lang.ClassLoader::defineClassSourceLocation@22 (line 927)
                      ; - java.lang.ClassLoader::defineClass@12 (line 1026)
  0x000002818f90b030: 4c1d feff 

  0x000002818f90b034: ;   {other}
  0x000002818f90b034: 0f1f 8400 | a402 0001 | 488b d848 | 8b84 2498 | 0000 008b | b424 9400 | 0000 8bbc | 2490 0000 
  0x000002818f90b054: 004c 8b8c | 2488 0000 | 004c 8b84 | 2480 0000 | 0048 8b54 | 2478 4c8b | da49 8bd3 | 488b c848 
  0x000002818f90b074: ;   {static_call}
  0x000002818f90b074: 891c 24e8 

  0x000002818f90b078: ; ImmutableOopMap {[120]=Oop [152]=Oop }
                      ;*invokestatic defineClass1 {reexecute=0 rethrow=0 return_oop=0}
                      ; - java.lang.ClassLoader::defineClass@27 (line 1027)
  0x000002818f90b078: e45f fcff 

  0x000002818f90b07c: ;   {other}
  0x000002818f90b07c: 0f1f 8400 | ec02 0002 | 4c8b c04c | 8b8c 2498 | 0000 0048 | 8b54 2478 | 4889 8424 | a000 0000 
  0x000002818f90b09c: ;   {optimized virtual_call}
  0x000002818f90b09c: 6666 90e8 

  0x000002818f90b0a0: ; ImmutableOopMap {[160]=Oop }
                      ;*invokevirtual postDefineClass {reexecute=0 rethrow=0 return_oop=0}
                      ; - java.lang.ClassLoader::defineClass@37 (line 1028)
  0x000002818f90b0a0: 5cf0 ffff 

  0x000002818f90b0a4: ;   {other}
  0x000002818f90b0a4: 0f1f 8400 | 1403 0003 | 488b 8424 | a000 0000 | 4881 c4b0 | 0000 005d 

  0x000002818f90b0bc: ;   {poll_return}
  0x000002818f90b0bc: 493b a748 | 0400 000f | 8715 0000 

  0x000002818f90b0c8: ;   {runtime_call throw_null_pointer_exception Runtime1 stub}
  0x000002818f90b0c8: 00c3 e8d1 

  0x000002818f90b0cc: ; ImmutableOopMap {rax=Oop [120]=Oop [128]=Oop [136]=Oop [152]=Oop }
                      ;*invokevirtual getCodeSource {reexecute=0 rethrow=0 return_oop=0}
                      ; - java.lang.ClassLoader::defineClassSourceLocation@1 (line 924)
                      ; - java.lang.ClassLoader::defineClass@12 (line 1026)
                      ;   {runtime_call throw_null_pointer_exception Runtime1 stub}
  0x000002818f90b0cc: 6dbd ffe8 

  0x000002818f90b0d0: ; ImmutableOopMap {rax=Oop [120]=Oop [128]=Oop [136]=Oop [152]=Oop }
                      ;*invokevirtual getLocation {reexecute=0 rethrow=0 return_oop=0}
                      ; - java.lang.ClassLoader::defineClassSourceLocation@12 (line 926)
                      ; - java.lang.ClassLoader::defineClass@12 (line 1026)
  0x000002818f90b0d0: cc6d bdff 

  0x000002818f90b0d4: ;   {runtime_call throw_null_pointer_exception Runtime1 stub}
  0x000002818f90b0d4: e8c7 6dbd 

  0x000002818f90b0d8: ; ImmutableOopMap {r8=Oop [120]=Oop [128]=Oop [136]=Oop [152]=Oop }
                      ;*invokevirtual toString {reexecute=0 rethrow=0 return_oop=0}
                      ; - java.lang.ClassLoader::defineClassSourceLocation@22 (line 927)
                      ; - java.lang.ClassLoader::defineClass@12 (line 1026)
                      ;   {runtime_call throw_null_pointer_exception Runtime1 stub}
  0x000002818f90b0d8: ffe8 c26d 

  0x000002818f90b0dc: ; ImmutableOopMap {r8=Oop rdx=Oop [120]=Oop [128]=Oop [136]=Oop [152]=Oop }
                      ;*invokevirtual toExternalForm {reexecute=0 rethrow=0 return_oop=0}
                      ; - java.net.URL::toExternalForm@5 (line 1203)
                      ; - java.net.URL::toString@1 (line 1189)
                      ; - java.lang.ClassLoader::defineClassSourceLocation@22 (line 927)
                      ; - java.lang.ClassLoader::defineClass@12 (line 1026)
                      ;   {internal_word}
  0x000002818f90b0dc: bdff 49ba | bcb0 908f | 8102 0000 | 4d89 9760 

  0x000002818f90b0ec: ;   {runtime_call SafepointBlob}
  0x000002818f90b0ec: 0400 00e9 | 8cba b1ff | 498b 87f8 | 0400 0049 | c787 f804 | 0000 0000 | 0000 49c7 | 8700 0500 
  0x000002818f90b10c: 0000 0000 | 0048 81c4 | b000 0000 

  0x000002818f90b118: ;   {runtime_call unwind_exception Runtime1 stub}
  0x000002818f90b118: 5de9 e24c | bdff f4f4 
[Stub Code]
  0x000002818f90b120: ;   {no_reloc}
  0x000002818f90b120: 0f1f 4400 

  0x000002818f90b124: ;   {static_stub}
  0x000002818f90b124: 0048 bb00 | 0000 0000 

  0x000002818f90b12c: ;   {runtime_call}
  0x000002818f90b12c: 0000 00e9 | fbff ffff 

  0x000002818f90b134: ;   {static_stub}
  0x000002818f90b134: 48bb 0000 | 0000 0000 

  0x000002818f90b13c: ;   {runtime_call}
  0x000002818f90b13c: 0000 e9fb 

  0x000002818f90b140: ;   {static_stub}
  0x000002818f90b140: ffff ff48 | bb00 0000 | 0000 0000 

  0x000002818f90b14c: ;   {runtime_call}
  0x000002818f90b14c: 00e9 fbff 

  0x000002818f90b150: ;   {static_stub}
  0x000002818f90b150: ffff 48bb | 0000 0000 | 0000 0000 

  0x000002818f90b15c: ;   {runtime_call}
  0x000002818f90b15c: e9fb ffff 

  0x000002818f90b160: ;   {runtime_call handle_exception_from_callee Runtime1 stub}
  0x000002818f90b160: ffe8 1aa5 

  0x000002818f90b164: ;   {external_word}
  0x000002818f90b164: bdff 48b9 | b048 ad1a | f97f 0000 | 4883 e4f0 

  0x000002818f90b174: ;   {runtime_call}
  0x000002818f90b174: 48b8 202f | 751a f97f | 0000 ffd0 

  0x000002818f90b180: ;   {section_word}
  0x000002818f90b180: f449 ba81 | b190 8f81 | 0200 0041 

  0x000002818f90b18c: ;   {runtime_call DeoptimizationBlob}
  0x000002818f90b18c: 52e9 8ece | b1ff f4f4 | f4f4 f4f4 
[/MachCode]


Compiled method (c1)    2342 1563       1       jdk.internal.loader.BuiltinClassLoader::defineClass (121 bytes)
 total in heap  [0x000002818f90d190,0x000002818f90e0a0] = 3856
 relocation     [0x000002818f90d2f0,0x000002818f90d438] = 328
 main code      [0x000002818f90d440,0x000002818f90db00] = 1728
 stub code      [0x000002818f90db00,0x000002818f90dc20] = 288
 metadata       [0x000002818f90dc20,0x000002818f90dc68] = 72
 scopes data    [0x000002818f90dc68,0x000002818f90dec0] = 600
 scopes pcs     [0x000002818f90dec0,0x000002818f90e060] = 416
 dependencies   [0x000002818f90e060,0x000002818f90e068] = 8
 handler table  [0x000002818f90e068,0x000002818f90e080] = 24
 nul chk table  [0x000002818f90e080,0x000002818f90e0a0] = 32

[Constant Pool (empty)]

[MachCode]
[Entry Point]
  # {method} {0x0000028198069b80} 'defineClass' '(Ljava/lang/String;Ljdk/internal/loader/Resource;)Ljava/lang/Class;' in 'jdk/internal/loader/BuiltinClassLoader'
  # this:     rdx:rdx   = 'jdk/internal/loader/BuiltinClassLoader'
  # parm0:    r8:r8     = 'java/lang/String'
  # parm1:    r9:r9     = 'jdk/internal/loader/Resource'
  #           [sp+0x110]  (sp of caller)
  0x000002818f90d440: 448b 5208 | 49bb 0000 | 0098 8102 | 0000 4d03 | d34c 3bd0 

  0x000002818f90d454: ;   {runtime_call ic_miss_stub}
  0x000002818f90d454: 0f85 2615 | b1ff 660f | 1f44 0000 
[Verified Entry Point]
  0x000002818f90d460: 8984 2400 | 80ff ff55 | 4881 ec00 | 0100 0090 | 4181 7f20 | 0100 0000 

  0x000002818f90d478: ;   {runtime_call StubRoutines (final stubs)}
  0x000002818f90d478: 7405 e801 | 89af ff48 | 8994 24a0 | 0000 004c | 8984 2490 | 0000 004c | 898c 2498 | 0000 0049 
  0x000002818f90d498: 8bd1 6666 | 9048 b8d0 | 4221 9881 

  0x000002818f90d4a4: ;   {virtual_call}
  0x000002818f90d4a4: 0200 00e8 

  0x000002818f90d4a8: ; ImmutableOopMap {[144]=Oop [152]=Oop [160]=Oop }
                      ;*invokevirtual getCodeSourceURL {reexecute=0 rethrow=0 return_oop=0}
                      ; - jdk.internal.loader.BuiltinClassLoader::defineClass@1 (line 842)
  0x000002818f90d4a8: 7420 0000 

  0x000002818f90d4ac: ;   {other}
  0x000002818f90d4ac: 0f1f 8400 | 1c03 0000 | 4889 8424 | a800 0000 | 4c8b 8424 | 9000 0000 

  0x000002818f90d4c4: ; implicit exception: dispatches to 0x000002818f90da02
  0x000002818f90d4c4: 418b 7014 

  0x000002818f90d4c8: ; implicit exception: dispatches to 0x000002818f90da07
  0x000002818f90d4c8: 8b56 0c45 | 0fbe 4810 | 498b c9c1 | e118 c1f9 | 18d3 fa48 | 8bfa ffcf | 4585 c9ba | 0000 0000 
  0x000002818f90d4e8: 7505 ba01 | 0000 0083 | e201 85d2 | 488b d641 | b82e 0000 | 004c 8bcf | 0f84 1300 

  0x000002818f90d504: ;   {static_call}
  0x000002818f90d504: 0000 90e8 

  0x000002818f90d508: ; ImmutableOopMap {[144]=Oop [152]=Oop [160]=Oop [168]=Oop }
                      ;*invokestatic lastIndexOf {reexecute=0 rethrow=0 return_oop=0}
                      ; - java.lang.String::lastIndexOf@13 (line 2573)
                      ; - java.lang.String::lastIndexOf@8 (line 2535)
                      ; - jdk.internal.loader.BuiltinClassLoader::defineClass@8 (line 845)
  0x000002818f90d508: b43f bfff 

  0x000002818f90d50c: ;   {other}
  0x000002818f90d50c: 0f1f 8400 | 7c03 0001 | e913 0000 | 0066 0f1f 

  0x000002818f90d51c: ;   {static_call}
  0x000002818f90d51c: 4400 00e8 

  0x000002818f90d520: ; ImmutableOopMap {[144]=Oop [152]=Oop [160]=Oop [168]=Oop }
                      ;*invokestatic lastIndexOf {reexecute=0 rethrow=0 return_oop=0}
                      ; - java.lang.String::lastIndexOf@25 (line 2574)
                      ; - java.lang.String::lastIndexOf@8 (line 2535)
                      ; - jdk.internal.loader.BuiltinClassLoader::defineClass@8 (line 845)
  0x000002818f90d520: 5c23 b1ff 

  0x000002818f90d524: ;   {other}
  0x000002818f90d524: 0f1f 8400 | 9403 0002 | 83f8 ff0f | 847f 0000 | 0041 b800 | 0000 004c | 8bc8 488b | 9424 9000 
  0x000002818f90d544: ;   {optimized virtual_call}
  0x000002818f90d544: 0000 90e8 

  0x000002818f90d548: ; ImmutableOopMap {[144]=Oop [152]=Oop [160]=Oop [168]=Oop }
                      ;*invokevirtual substring {reexecute=0 rethrow=0 return_oop=0}
                      ; - jdk.internal.loader.BuiltinClassLoader::defineClass@23 (line 847)
  0x000002818f90d548: 3424 ddff 

  0x000002818f90d54c: ;   {other}
  0x000002818f90d54c: 0f1f 8400 | bc03 0003 | 488b 9424 | 9800 0000 | 4889 8424 | b000 0000 | 9048 b8d0 | 4221 9881 
  0x000002818f90d56c: ;   {virtual_call}
  0x000002818f90d56c: 0200 00e8 

  0x000002818f90d570: ; ImmutableOopMap {[144]=Oop [152]=Oop [160]=Oop [168]=Oop [176]=Oop }
                      ;*invokevirtual getManifest {reexecute=0 rethrow=0 return_oop=0}
                      ; - jdk.internal.loader.BuiltinClassLoader::defineClass@29 (line 848)
  0x000002818f90d570: ac42 0000 

  0x000002818f90d574: ;   {other}
  0x000002818f90d574: 0f1f 8400 | e403 0004 | 4c8b 8424 | b000 0000 | 4c8b c848 | 8bbc 24a8 | 0000 0048 | 8b94 24a0 
  0x000002818f90d594: 0000 0066 | 0f1f 4400 | 0048 b8c0 | a106 9881 

  0x000002818f90d5a4: ;   {virtual_call}
  0x000002818f90d5a4: 0200 00e8 

  0x000002818f90d5a8: ; ImmutableOopMap {[144]=Oop [152]=Oop [160]=Oop [168]=Oop }
                      ;*invokevirtual defineOrCheckPackage {reexecute=0 rethrow=0 return_oop=0}
                      ; - jdk.internal.loader.BuiltinClassLoader::defineClass@40 (line 849)
  0x000002818f90d5a8: 94e3 ffff 

  0x000002818f90d5ac: ;   {other}
  0x000002818f90d5ac: 0f1f 8400 | 1c04 0005 | 4c8b 8c24 | 9800 0000 | 488d 9424 | e000 0000 | 4c89 4a08 | 498b 0148 
  0x000002818f90d5cc: 83c8 0148 | 8902 f049 | 0fb1 110f | 8412 0000 | 0048 2bc4 | 4825 07f0 | ffff 4889 | 020f 851d 
  0x000002818f90d5ec: 0400 0049 | ff87 4805 | 0000 418b | 510c 4885 | d20f 8551 | 0000 0049 | 8bd1 0f1f | 8000 0000 
  0x000002818f90d60c: 0048 b8d0 | 4221 9881 

  0x000002818f90d614: ;   {virtual_call}
  0x000002818f90d614: 0200 00e8 

  0x000002818f90d618: ; ImmutableOopMap {[144]=Oop [152]=Oop [160]=Oop [168]=Oop [232]=Oop }
                      ;*invokevirtual getInputStream {reexecute=0 rethrow=0 return_oop=0}
                      ; - jdk.internal.loader.Resource::cachedInputStream@9 (line 77)
                      ; - jdk.internal.loader.Resource::getByteBuffer@1 (line 163)
                      ; - jdk.internal.loader.BuiltinClassLoader::defineClass@45 (line 853)
  0x000002818f90d618: a45e 0000 

  0x000002818f90d61c: ;   {other}
  0x000002818f90d61c: 0f1f 8400 | 8c04 0006 | 410f be57 | 4085 d24c | 8b8c 2498 | 0000 000f | 85e6 0300 | 004c 8bd0 
  0x000002818f90d63c: 4589 510c | 498b d148 | 33d0 48c1 | ea14 4883 | fa00 0f85 | e703 0000 | 418b 510c | 488d 8424 
  0x000002818f90d65c: e000 0000 | 488b 3048 | 85f6 0f84 | 0f00 0000 | 488b 7808 | f048 0fb1 | 370f 85d8 | 0300 0049 
  0x000002818f90d67c: ff8f 4805 | 0000 4885 | d20f 8443 

  0x000002818f90d688: ;   {metadata('sun/nio/ByteBuffered')}
  0x000002818f90d688: 0000 0048 | b860 b636 | 9881 0200 | 008b 5a08 | 49ba 0000 | 0098 8102 | 0000 4903 | da48 3b43 
  0x000002818f90d6a8: 200f 8424 | 0000 0048 | 3bd8 0f84 | 1b00 0000 

  0x000002818f90d6b8: ;   {runtime_call slow_subtype_check Runtime1 stub}
  0x000002818f90d6b8: 5350 e8c1 | 97bd ff5b | 5b85 db0f | 8405 0000 | 00e9 0500 | 0000 4833 | f6eb 0a48 | be01 0000 
  0x000002818f90d6d8: 0000 0000 | 0085 f60f | 846c 0000 | 0048 85d2 | 0f84 4300 

  0x000002818f90d6ec: ;   {metadata('sun/nio/ByteBuffered')}
  0x000002818f90d6ec: 0000 48bb | 60b6 3698 | 8102 0000 | 8b7a 0849 | ba00 0000 | 9881 0200 | 0049 03fa | 483b 5f20 
  0x000002818f90d70c: 0f84 1f00 | 0000 483b | fb0f 8416 | 0000 0057 

  0x000002818f90d71c: ;   {runtime_call slow_subtype_check Runtime1 stub}
  0x000002818f90d71c: 53e8 5e97 | bdff 5f5f | 85ff 0f84 | 3d03 0000 | e900 0000 | 000f 1f40 | 0048 b8ff | ffff ffff 
  0x000002818f90d73c: ;   {virtual_call}
  0x000002818f90d73c: ffff ffe8 

  0x000002818f90d740: ; ImmutableOopMap {[144]=Oop [152]=Oop [160]=Oop [168]=Oop }
                      ;*invokeinterface getByteBuffer {reexecute=0 rethrow=0 return_oop=0}
                      ; - jdk.internal.loader.Resource::getByteBuffer@16 (line 165)
                      ; - jdk.internal.loader.BuiltinClassLoader::defineClass@45 (line 853)
  0x000002818f90d740: 3c1c b1ff 

  0x000002818f90d744: ;   {other}
  0x000002818f90d744: 0f1f 8400 | b405 0007 | e90a 0000 

  0x000002818f90d750: ;   {oop(nullptr)}
  0x000002818f90d750: 0048 b800 | 0000 0000 | 0000 0048 | 85c0 0f84 | 0601 0000 | 4889 8424 | b800 0000 | 488b 9424 
  0x000002818f90d770: 9800 0000 | 9048 b8ff | ffff ffff 

  0x000002818f90d77c: ;   {virtual_call}
  0x000002818f90d77c: ffff ffe8 

  0x000002818f90d780: ; ImmutableOopMap {[144]=Oop [160]=Oop [168]=Oop [184]=Oop }
                      ;*invokevirtual getCodeSigners {reexecute=0 rethrow=0 return_oop=0}
                      ; - jdk.internal.loader.BuiltinClassLoader::defineClass@56 (line 855)
  0x000002818f90d780: fc1b b1ff 

  0x000002818f90d784: ;   {other}
  0x000002818f90d784: 0f1f 8400 | f405 0008 

  0x000002818f90d78c: ;   {metadata('java/security/CodeSource')}
  0x000002818f90d78c: 4c8b c848 | bac0 5c00 | 9881 0200 | 0049 8b87 | b801 0000 | 488d 7828 | 493b bfc8 | 0100 000f 
  0x000002818f90d7ac: 87c1 0200 | 0049 89bf | b801 0000 | 48c7 0001 | 0000 0048 | 8bca 49ba | 0000 0098 | 8102 0000 
  0x000002818f90d7cc: 492b ca89 | 4808 4833 | c989 480c | 4833 c948 | 8948 1048 | 8948 1848 | 8948 204c | 8b84 24a8 
  0x000002818f90d7ec: 0000 0048 | 8bd0 4889 | 8424 c000 | 0000 0f1f 

  0x000002818f90d7fc: ;   {optimized virtual_call}
  0x000002818f90d7fc: 4400 00e8 

  0x000002818f90d800: ; ImmutableOopMap {[144]=Oop [160]=Oop [184]=Oop [192]=Oop }
                      ;*invokespecial <init> {reexecute=0 rethrow=0 return_oop=0}
                      ; - jdk.internal.loader.BuiltinClassLoader::defineClass@68 (line 856)
  0x000002818f90d800: 7c16 b1ff 

  0x000002818f90d804: ;   {other}
  0x000002818f90d804: 0f1f 8400 | 7406 0009 | 4c8b 8424 | c000 0000 | 488b 9424 | a000 0000 

  0x000002818f90d81c: ;   {optimized virtual_call}
  0x000002818f90d81c: 6666 90e8 

  0x000002818f90d820: ; ImmutableOopMap {[144]=Oop [160]=Oop [184]=Oop }
                      ;*invokevirtual getProtectionDomain {reexecute=0 rethrow=0 return_oop=0}
                      ; - java.security.SecureClassLoader::defineClass@5 (line 182)
                      ; - jdk.internal.loader.BuiltinClassLoader::defineClass@79 (line 857)
  0x000002818f90d820: 5c16 b1ff 

  0x000002818f90d824: ;   {other}
  0x000002818f90d824: 0f1f 8400 | 9406 000a | 4c8b 8424 | 9000 0000 | 4c8b 8c24 | b800 0000 | 488b f848 | 8b94 24a0 
  0x000002818f90d844: ;   {optimized virtual_call}
  0x000002818f90d844: 0000 00e8 

  0x000002818f90d848: ; ImmutableOopMap {}
                      ;*invokevirtual defineClass {reexecute=0 rethrow=0 return_oop=0}
                      ; - java.security.SecureClassLoader::defineClass@8 (line 182)
                      ; - jdk.internal.loader.BuiltinClassLoader::defineClass@79 (line 857)
  0x000002818f90d848: 3416 b1ff 

  0x000002818f90d84c: ;   {other}
  0x000002818f90d84c: 0f1f 8400 | bc06 000b | 4881 c400 | 0100 005d 

  0x000002818f90d85c: ;   {poll_return}
  0x000002818f90d85c: 493b a748 | 0400 000f | 8716 0200 | 00c3 4c8b | 8c24 9800 | 0000 498b | d148 b8d0 | 4221 9881 
  0x000002818f90d87c: ;   {virtual_call}
  0x000002818f90d87c: 0200 00e8 

  0x000002818f90d880: ; ImmutableOopMap {[144]=Oop [152]=Oop [160]=Oop [168]=Oop }
                      ;*invokevirtual getBytes {reexecute=0 rethrow=0 return_oop=0}
                      ; - jdk.internal.loader.BuiltinClassLoader::defineClass@84 (line 859)
  0x000002818f90d880: 5cf6 0200 

  0x000002818f90d884: ;   {other}
  0x000002818f90d884: 0f1f 8400 | f406 000c | 4889 8424 | c800 0000 | 488b 9424 | 9800 0000 | 9048 b8d0 | 4221 9881 
  0x000002818f90d8a4: ;   {virtual_call}
  0x000002818f90d8a4: 0200 00e8 

  0x000002818f90d8a8: ; ImmutableOopMap {[144]=Oop [160]=Oop [168]=Oop [200]=Oop }
                      ;*invokevirtual getCodeSigners {reexecute=0 rethrow=0 return_oop=0}
                      ; - jdk.internal.loader.BuiltinClassLoader::defineClass@90 (line 860)
  0x000002818f90d8a8: 9458 0000 

  0x000002818f90d8ac: ;   {other}
  0x000002818f90d8ac: 0f1f 8400 | 1c07 000d 

  0x000002818f90d8b4: ;   {metadata('java/security/CodeSource')}
  0x000002818f90d8b4: 4c8b c848 | bac0 5c00 | 9881 0200 | 0049 8b87 | b801 0000 | 488d 7828 | 493b bfc8 | 0100 000f 
  0x000002818f90d8d4: 87bc 0100 | 0049 89bf | b801 0000 | 48c7 0001 | 0000 0048 | 8bca 49ba | 0000 0098 | 8102 0000 
  0x000002818f90d8f4: 492b ca89 | 4808 4833 | c989 480c | 4833 c948 | 8948 1048 | 8948 1848 | 8948 204c | 8b84 24a8 
  0x000002818f90d914: 0000 0048 | 8bd0 4889 | 8424 d000 | 0000 0f1f 

  0x000002818f90d924: ;   {optimized virtual_call}
  0x000002818f90d924: 4400 00e8 

  0x000002818f90d928: ; ImmutableOopMap {[144]=Oop [160]=Oop [200]=Oop [208]=Oop }
                      ;*invokespecial <init> {reexecute=0 rethrow=0 return_oop=0}
                      ; - jdk.internal.loader.BuiltinClassLoader::defineClass@102 (line 861)
  0x000002818f90d928: d4c1 ffff 

  0x000002818f90d92c: ;   {other}
  0x000002818f90d92c: 0f1f 8400 | 9c07 000e | 488b 8424 | c800 0000 

  0x000002818f90d93c: ; implicit exception: dispatches to 0x000002818f90daa2
  0x000002818f90d93c: 8b70 0c4c | 8b84 24d0 | 0000 0048 | 8b94 24a0 | 0000 0089 | b424 d800 

  0x000002818f90d954: ;   {optimized virtual_call}
  0x000002818f90d954: 0000 90e8 

  0x000002818f90d958: ; ImmutableOopMap {[144]=Oop [160]=Oop [200]=Oop }
                      ;*invokevirtual getProtectionDomain {reexecute=0 rethrow=0 return_oop=0}
                      ; - java.security.SecureClassLoader::defineClass@9 (line 150)
                      ; - jdk.internal.loader.BuiltinClassLoader::defineClass@117 (line 862)
  0x000002818f90d958: 2492 ffff 

  0x000002818f90d95c: ;   {other}
  0x000002818f90d95c: 0f1f 8400 | cc07 000f | 4c8b 8424 | 9000 0000 | 4c8b 8c24 | c800 0000 | bf00 0000 | 008b b424 
  0x000002818f90d97c: d800 0000 | 488b c848 | 8b94 24a0 | 0000 000f 

  0x000002818f90d98c: ;   {optimized virtual_call}
  0x000002818f90d98c: 1f40 00e8 

  0x000002818f90d990: ; ImmutableOopMap {}
                      ;*invokevirtual defineClass {reexecute=0 rethrow=0 return_oop=0}
                      ; - java.security.SecureClassLoader::defineClass@12 (line 150)
                      ; - jdk.internal.loader.BuiltinClassLoader::defineClass@117 (line 862)
  0x000002818f90d990: ecd5 ffff 

  0x000002818f90d994: ;   {other}
  0x000002818f90d994: 0f1f 8400 | 0408 0010 | 4881 c400 | 0100 005d 

  0x000002818f90d9a4: ;   {poll_return}
  0x000002818f90d9a4: 493b a748 | 0400 000f | 87f6 0000 | 00c3 498b | 87f8 0400 | 004d 33d2 | 4d89 97f8 | 0400 004d 
  0x000002818f90d9c4: 33d2 4d89 | 9700 0500 | 0048 8bf0 | 488d 8424 | e000 0000 | 488b 3848 | 85ff 0f84 | 0f00 0000 
  0x000002818f90d9e4: 488b 5808 | f048 0fb1 | 3b0f 85ca | 0000 0049 | ff8f 4805 | 0000 488b | c6e9 ee00 

  0x000002818f90da00: ;   {runtime_call throw_null_pointer_exception Runtime1 stub}
  0x000002818f90da00: 0000 e899 

  0x000002818f90da04: ; ImmutableOopMap {rax=Oop r8=Oop [144]=Oop [152]=Oop [160]=Oop [168]=Oop }
                      ;*invokevirtual lastIndexOf {reexecute=0 rethrow=0 return_oop=0}
                      ; - jdk.internal.loader.BuiltinClassLoader::defineClass@8 (line 845)
                      ;   {runtime_call throw_null_pointer_exception Runtime1 stub}
  0x000002818f90da04: 44bd ffe8 

  0x000002818f90da08: ; ImmutableOopMap {rax=Oop r8=Oop rsi=Oop [144]=Oop [152]=Oop [160]=Oop [168]=Oop }
                      ;*arraylength {reexecute=0 rethrow=0 return_oop=0}
                      ; - java.lang.String::length@4 (line 1519)
                      ; - java.lang.String::lastIndexOf@3 (line 2535)
                      ; - jdk.internal.loader.BuiltinClassLoader::defineClass@8 (line 845)
  0x000002818f90da08: 9444 bdff | 4c89 4c24 | 0848 8914 

  0x000002818f90da14: ;   {runtime_call monitorenter_nofpu Runtime1 stub}
  0x000002818f90da14: 24e8 e69a 

  0x000002818f90da18: ; ImmutableOopMap {r9=Oop [144]=Oop [152]=Oop [160]=Oop [168]=Oop [232]=Oop }
                      ;*synchronization entry
                      ; - jdk.internal.loader.Resource::cachedInputStream@-1 (line 76)
                      ; - jdk.internal.loader.Resource::getByteBuffer@1 (line 163)
                      ; - jdk.internal.loader.BuiltinClassLoader::defineClass@45 (line 853)
  0x000002818f90da18: bdff e9d7 | fbff ff41 | 8b51 0c48 | 83fa 000f | 840c fcff | ff48 8914 

  0x000002818f90da30: ;   {runtime_call g1_pre_barrier_slow}
  0x000002818f90da30: 24e8 cad1 | bdff e9fe | fbff ff48 | 83f8 000f | 840f fcff | ff4c 890c 

  0x000002818f90da48: ;   {runtime_call g1_post_barrier_slow}
  0x000002818f90da48: 24e8 32d5 | bdff e901 | fcff ff48 | 8d84 24e0 | 0000 0048 

  0x000002818f90da5c: ;   {runtime_call monitorexit_nofpu Runtime1 stub}
  0x000002818f90da5c: 8904 24e8 | 1ca1 bdff | e919 fcff | ff48 8914 

  0x000002818f90da6c: ;   {runtime_call throw_class_cast_exception Runtime1 stub}
  0x000002818f90da6c: 24e8 2e8e 

  0x000002818f90da70: ; ImmutableOopMap {[144]=Oop [152]=Oop [160]=Oop [168]=Oop }
                      ;*checkcast {reexecute=0 rethrow=0 return_oop=0}
                      ; - jdk.internal.loader.Resource::getByteBuffer@13 (line 165)
                      ; - jdk.internal.loader.BuiltinClassLoader::defineClass@45 (line 853)
  0x000002818f90da70: bdff 488b 

  0x000002818f90da74: ;   {runtime_call fast_new_instance Runtime1 stub}
  0x000002818f90da74: d2e8 0655 

  0x000002818f90da78: ; ImmutableOopMap {r9=Oop [144]=Oop [160]=Oop [168]=Oop [184]=Oop }
                      ;*new {reexecute=0 rethrow=0 return_oop=0}
                      ; - jdk.internal.loader.BuiltinClassLoader::defineClass@61 (line 856)
  0x000002818f90da78: bdff e968 

  0x000002818f90da7c: ;   {internal_word}
  0x000002818f90da7c: fdff ff49 | ba5c d890 | 8f81 0200 | 004d 8997 | 6004 0000 

  0x000002818f90da90: ;   {runtime_call SafepointBlob}
  0x000002818f90da90: e9eb 90b1 | ff48 8bd2 

  0x000002818f90da98: ;   {runtime_call fast_new_instance Runtime1 stub}
  0x000002818f90da98: e8e3 54bd 

  0x000002818f90da9c: ; ImmutableOopMap {r9=Oop [144]=Oop [160]=Oop [168]=Oop [200]=Oop }
                      ;*new {reexecute=0 rethrow=0 return_oop=0}
                      ; - jdk.internal.loader.BuiltinClassLoader::defineClass@95 (line 861)
  0x000002818f90da9c: ffe9 6dfe 

  0x000002818f90daa0: ;   {runtime_call throw_null_pointer_exception Runtime1 stub}
  0x000002818f90daa0: ffff e8f9 

  0x000002818f90daa4: ; ImmutableOopMap {rax=Oop [144]=Oop [160]=Oop [200]=Oop [208]=Oop }
                      ;*arraylength {reexecute=0 rethrow=0 return_oop=0}
                      ; - jdk.internal.loader.BuiltinClassLoader::defineClass@114 (line 862)
                      ;   {internal_word}
  0x000002818f90daa4: 43bd ff49 | baa4 d990 | 8f81 0200 | 004d 8997 | 6004 0000 

  0x000002818f90dab8: ;   {runtime_call SafepointBlob}
  0x000002818f90dab8: e9c3 90b1 | ff48 8d84 | 24e0 0000 | 0048 8904 

  0x000002818f90dac8: ;   {runtime_call monitorexit_nofpu Runtime1 stub}
  0x000002818f90dac8: 24e8 b2a0 | bdff e927 | ffff ff49 | 8b87 f804 | 0000 49c7 | 87f8 0400 | 0000 0000 | 0049 c787 
  0x000002818f90dae8: 0005 0000 | 0000 0000 | 4881 c400 | 0100 005d 

  0x000002818f90daf8: ;   {runtime_call unwind_exception Runtime1 stub}
  0x000002818f90daf8: e903 23bd | fff4 f4f4 
[Stub Code]
  0x000002818f90db00: ;   {no_reloc}
  0x000002818f90db00: 0f1f 4400 

  0x000002818f90db04: ;   {static_stub}
  0x000002818f90db04: 0048 bb00 | 0000 0000 

  0x000002818f90db0c: ;   {runtime_call}
  0x000002818f90db0c: 0000 00e9 | fbff ffff 

  0x000002818f90db14: ;   {static_stub}
  0x000002818f90db14: 9048 bb00 | 0000 0000 

  0x000002818f90db1c: ;   {runtime_call}
  0x000002818f90db1c: 0000 00e9 | fbff ffff 

  0x000002818f90db24: ;   {static_stub}
  0x000002818f90db24: 9048 bb00 | 0000 0000 

  0x000002818f90db2c: ;   {runtime_call}
  0x000002818f90db2c: 0000 00e9 | fbff ffff 

  0x000002818f90db34: ;   {static_stub}
  0x000002818f90db34: 9048 bb00 | 0000 0000 

  0x000002818f90db3c: ;   {runtime_call}
  0x000002818f90db3c: 0000 00e9 | fbff ffff 

  0x000002818f90db44: ;   {static_stub}
  0x000002818f90db44: 9048 bb00 | 0000 0000 

  0x000002818f90db4c: ;   {runtime_call}
  0x000002818f90db4c: 0000 00e9 | fbff ffff 

  0x000002818f90db54: ;   {static_stub}
  0x000002818f90db54: 9048 bb00 | 0000 0000 

  0x000002818f90db5c: ;   {runtime_call}
  0x000002818f90db5c: 0000 00e9 | fbff ffff 

  0x000002818f90db64: ;   {static_stub}
  0x000002818f90db64: 9048 bb00 | 0000 0000 

  0x000002818f90db6c: ;   {runtime_call}
  0x000002818f90db6c: 0000 00e9 | fbff ffff 

  0x000002818f90db74: ;   {static_stub}
  0x000002818f90db74: 9048 bb00 | 0000 0000 

  0x000002818f90db7c: ;   {runtime_call}
  0x000002818f90db7c: 0000 00e9 | fbff ffff 

  0x000002818f90db84: ;   {static_stub}
  0x000002818f90db84: 48bb 0000 | 0000 0000 

  0x000002818f90db8c: ;   {runtime_call}
  0x000002818f90db8c: 0000 e9fb 

  0x000002818f90db90: ;   {static_stub}
  0x000002818f90db90: ffff ff48 | bb00 0000 | 0000 0000 

  0x000002818f90db9c: ;   {runtime_call}
  0x000002818f90db9c: 00e9 fbff 

  0x000002818f90dba0: ;   {static_stub}
  0x000002818f90dba0: ffff 48bb | 0000 0000 | 0000 0000 

  0x000002818f90dbac: ;   {runtime_call}
  0x000002818f90dbac: e9fb ffff 

  0x000002818f90dbb0: ;   {static_stub}
  0x000002818f90dbb0: ff48 bb00 | 0000 0000 

  0x000002818f90dbb8: ;   {runtime_call}
  0x000002818f90dbb8: 0000 00e9 | fbff ffff 

  0x000002818f90dbc0: ;   {static_stub}
  0x000002818f90dbc0: 48bb 0000 | 0000 0000 

  0x000002818f90dbc8: ;   {runtime_call}
  0x000002818f90dbc8: 0000 e9fb 

  0x000002818f90dbcc: ;   {static_stub}
  0x000002818f90dbcc: ffff ff48 | bb00 0000 | 0000 0000 

  0x000002818f90dbd8: ;   {runtime_call}
  0x000002818f90dbd8: 00e9 fbff 

  0x000002818f90dbdc: ;   {static_stub}
  0x000002818f90dbdc: ffff 48bb | 0000 0000 | 0000 0000 

  0x000002818f90dbe8: ;   {runtime_call}
  0x000002818f90dbe8: e9fb ffff 

  0x000002818f90dbec: ;   {runtime_call handle_exception_from_callee Runtime1 stub}
  0x000002818f90dbec: ffe8 8e7a 

  0x000002818f90dbf0: ;   {external_word}
  0x000002818f90dbf0: bdff 48b9 | b048 ad1a | f97f 0000 | 4883 e4f0 

  0x000002818f90dc00: ;   {runtime_call}
  0x000002818f90dc00: 48b8 202f | 751a f97f | 0000 ffd0 

  0x000002818f90dc0c: ;   {section_word}
  0x000002818f90dc0c: f449 ba0d | dc90 8f81 | 0200 0041 

  0x000002818f90dc18: ;   {runtime_call DeoptimizationBlob}
  0x000002818f90dc18: 52e9 02a4 | b1ff f4f4 
[/MachCode]


---------------  P R O C E S S  ---------------

Threads class SMR info:
_java_thread_list=0x00000281de21d1b0, length=20, elements={
0x0000028184cd24c0, 0x00000281dd0054c0, 0x0000028197a3b150, 0x0000028197a3bba0,
0x0000028197a3c850, 0x0000028197a3d110, 0x00000281dd0086c0, 0x00000281dd00b120,
0x0000028197a125a0, 0x00000281dd0d34d0, 0x00000281dd3fdf70, 0x00000281dd73cfc0,
0x00000281dd98db70, 0x00000281dd9abdc0, 0x00000281dd9c8410, 0x00000281dd9d9360,
0x00000281de29f600, 0x00000281de29d530, 0x00000281de21a850, 0x00000281de20efe0
}

Java Threads: ( => current thread )
  0x0000028184cd24c0 JavaThread "main"                              [_thread_in_vm, id=12704, stack(0x000000a426800000,0x000000a426900000) (1024K)]
  0x00000281dd0054c0 JavaThread "Reference Handler"          daemon [_thread_blocked, id=17228, stack(0x000000a427000000,0x000000a427100000) (1024K)]
  0x0000028197a3b150 JavaThread "Finalizer"                  daemon [_thread_blocked, id=27252, stack(0x000000a427100000,0x000000a427200000) (1024K)]
  0x0000028197a3bba0 JavaThread "Signal Dispatcher"          daemon [_thread_blocked, id=24224, stack(0x000000a427200000,0x000000a427300000) (1024K)]
  0x0000028197a3c850 JavaThread "Attach Listener"            daemon [_thread_blocked, id=8744, stack(0x000000a427300000,0x000000a427400000) (1024K)]
  0x0000028197a3d110 JavaThread "Service Thread"             daemon [_thread_blocked, id=24572, stack(0x000000a427400000,0x000000a427500000) (1024K)]
  0x00000281dd0086c0 JavaThread "Monitor Deflation Thread"   daemon [_thread_blocked, id=25552, stack(0x000000a427500000,0x000000a427600000) (1024K)]
  0x00000281dd00b120 JavaThread "C1 CompilerThread0"         daemon [_thread_blocked, id=23152, stack(0x000000a427600000,0x000000a427700000) (1024K)]
  0x0000028197a125a0 JavaThread "Common-Cleaner"             daemon [_thread_blocked, id=9980, stack(0x000000a427700000,0x000000a427800000) (1024K)]
  0x00000281dd0d34d0 JavaThread "C1 CompilerThread1"         daemon [_thread_blocked, id=22880, stack(0x000000a427800000,0x000000a427900000) (1024K)]
  0x00000281dd3fdf70 JavaThread "Monitor Ctrl-Break"         daemon [_thread_in_native, id=4568, stack(0x000000a427b00000,0x000000a427c00000) (1024K)]
  0x00000281dd73cfc0 JavaThread "Notification Thread"        daemon [_thread_blocked, id=22816, stack(0x000000a427c00000,0x000000a427d00000) (1024K)]
  0x00000281dd98db70 JavaThread "RMI TCP Accept-0"           daemon [_thread_in_native, id=23748, stack(0x000000a427d00000,0x000000a427e00000) (1024K)]
  0x00000281dd9abdc0 JavaThread "RMI TCP Connection(1)-169.254.34.74" daemon [_thread_in_native, id=18176, stack(0x000000a427e00000,0x000000a427f00000) (1024K)]
  0x00000281dd9c8410 JavaThread "RMI Scheduler(0)"           daemon [_thread_blocked, id=5468, stack(0x000000a427f00000,0x000000a428000000) (1024K)]
  0x00000281dd9d9360 JavaThread "JMX server connection timeout 26" daemon [_thread_blocked, id=24004, stack(0x000000a428000000,0x000000a428100000) (1024K)]
  0x00000281de29f600 JavaThread "spring.cloud.inetutils"     daemon [_thread_in_native, id=1636, stack(0x000000a428a00000,0x000000a428b00000) (1024K)]
=>0x00000281de29d530 JavaThread "background-preinit"                [_thread_in_vm, id=23564, stack(0x000000a427900000,0x000000a427a00000) (1024K)]
  0x00000281de21a850 JavaThread "C1 CompilerThread2"         daemon [_thread_blocked, id=23984, stack(0x000000a427a00000,0x000000a427b00000) (1024K)]
  0x00000281de20efe0 JavaThread "C1 CompilerThread3"         daemon [_thread_blocked, id=21328, stack(0x000000a428b00000,0x000000a428c00000) (1024K)]
Total: 20

Other Threads:
  0x0000028197a20700 VMThread "VM Thread"                           [id=16576, stack(0x000000a426f00000,0x000000a427000000) (1024K)]
  0x0000028197a11d10 WatcherThread "VM Periodic Task Thread"        [id=17508, stack(0x000000a426e00000,0x000000a426f00000) (1024K)]
  0x0000028186fa22d0 WorkerThread "GC Thread#0"                     [id=15852, stack(0x000000a426900000,0x000000a426a00000) (1024K)]
  0x00000281dda10c60 WorkerThread "GC Thread#1"                     [id=26596, stack(0x000000a428100000,0x000000a428200000) (1024K)]
  0x00000281dda11000 WorkerThread "GC Thread#2"                     [id=19672, stack(0x000000a428200000,0x000000a428300000) (1024K)]
  0x00000281dda65d30 WorkerThread "GC Thread#3"                     [id=3696, stack(0x000000a428300000,0x000000a428400000) (1024K)]
  0x00000281dda66cf0 WorkerThread "GC Thread#4"                     [id=24980, stack(0x000000a428400000,0x000000a428500000) (1024K)]
  0x00000281dda67090 WorkerThread "GC Thread#5"                     [id=23684, stack(0x000000a428500000,0x000000a428600000) (1024K)]
  0x00000281dda67430 WorkerThread "GC Thread#6"                     [id=25616, stack(0x000000a428600000,0x000000a428700000) (1024K)]
  0x00000281dda677d0 WorkerThread "GC Thread#7"                     [id=16244, stack(0x000000a428700000,0x000000a428800000) (1024K)]
  0x00000281dda68180 WorkerThread "GC Thread#8"                     [id=26900, stack(0x000000a428800000,0x000000a428900000) (1024K)]
  0x00000281dda68520 WorkerThread "GC Thread#9"                     [id=18664, stack(0x000000a428900000,0x000000a428a00000) (1024K)]
  0x0000028186fb2c60 ConcurrentGCThread "G1 Main Marker"            [id=18340, stack(0x000000a426a00000,0x000000a426b00000) (1024K)]
  0x0000028186fb5240 WorkerThread "G1 Conc#0"                       [id=472, stack(0x000000a426b00000,0x000000a426c00000) (1024K)]
  0x0000028186ffe560 ConcurrentGCThread "G1 Refine#0"               [id=10164, stack(0x000000a426c00000,0x000000a426d00000) (1024K)]
  0x00000281978e1100 ConcurrentGCThread "G1 Service"                [id=19092, stack(0x000000a426d00000,0x000000a426e00000) (1024K)]
Total: 16

Threads with active compile tasks:
Total: 0

VM state: not at safepoint (normal execution)

VM Mutex/Monitor currently owned by a thread:  ([mutex/lock_event])
[0x00007ff91ad6be50] Metaspace_lock - owner thread: 0x00000281de29d530

Heap address: 0x0000000083600000, size: 1994 MB, Compressed Oops mode: 32-bit

CDS archive(s) mapped at: [0x0000028198000000-0x0000028198c90000-0x0000028198c90000), size 13172736, SharedBaseAddress: 0x0000028198000000, ArchiveRelocationMode: 1.
Compressed class space mapped at: 0x0000028199000000-0x00000281d9000000, reserved size: 1073741824
Narrow klass base: 0x0000028198000000, Narrow klass shift: 0, Narrow klass range: 0x100000000

GC Precious Log:
 CardTable entry size: 512
 Card Set container configuration: InlinePtr #cards 5 size 8 Array Of Cards #cards 12 size 40 Howl #buckets 4 coarsen threshold 1843 Howl Bitmap #cards 512 size 80 coarsen threshold 460 Card regions per heap region 1 cards per card region 2048
 CPUs: 12 total, 12 available
 Memory: 7971M
 Large Page Support: Disabled
 NUMA Support: Disabled
 Compressed Oops: Enabled (32-bit)
 Heap Region Size: 1M
 Heap Min Capacity: 8M
 Heap Initial Capacity: 126M
 Heap Max Capacity: 1994M
 Pre-touch: Disabled
 Parallel Workers: 10
 Concurrent Workers: 3
 Concurrent Refinement Workers: 10
 Periodic GC: Disabled

Heap:
 garbage-first heap   total 129024K, used 35033K [0x0000000083600000, 0x0000000100000000)
  region size 1024K, 27 young (27648K), 3 survivors (3072K)
 Metaspace       used 17533K, committed 17856K, reserved 1114112K
  class space    used 2263K, committed 2432K, reserved 1048576K

Heap Regions: E=young(eden), S=young(survivor), O=old, HS=humongous(starts), HC=humongous(continues), CS=collection set, F=free, TAMS=top-at-mark-start, PB=parsable bottom
|   0|0x0000000083600000, 0x0000000083700000, 0x0000000083700000|100%|HS|  |TAMS 0x0000000083600000| PB 0x0000000083600000| Complete 
|   1|0x0000000083700000, 0x0000000083800000, 0x0000000083800000|100%|HS|  |TAMS 0x0000000083700000| PB 0x0000000083700000| Complete 
|   2|0x0000000083800000, 0x0000000083900000, 0x0000000083900000|100%| O|  |TAMS 0x0000000083800000| PB 0x0000000083800000| Untracked 
|   3|0x0000000083900000, 0x0000000083a00000, 0x0000000083a00000|100%| O|  |TAMS 0x0000000083900000| PB 0x0000000083900000| Untracked 
|   4|0x0000000083a00000, 0x0000000083b00000, 0x0000000083b00000|100%| O|  |TAMS 0x0000000083a00000| PB 0x0000000083a00000| Untracked 
|   5|0x0000000083b00000, 0x0000000083c00000, 0x0000000083c00000|100%| O|  |TAMS 0x0000000083b00000| PB 0x0000000083b00000| Untracked 
|   6|0x0000000083c00000, 0x0000000083d00000, 0x0000000083d00000|100%| O|  |TAMS 0x0000000083c00000| PB 0x0000000083c00000| Untracked 
|   7|0x0000000083d00000, 0x0000000083e00000, 0x0000000083e00000|100%| O|  |TAMS 0x0000000083d00000| PB 0x0000000083d00000| Untracked 
|   8|0x0000000083e00000, 0x0000000083f00000, 0x0000000083f00000|100%| O|  |TAMS 0x0000000083e00000| PB 0x0000000083e00000| Untracked 
|   9|0x0000000083f00000, 0x0000000084000000, 0x0000000084000000|100%| O|  |TAMS 0x0000000083f00000| PB 0x0000000083f00000| Untracked 
|  10|0x0000000084000000, 0x0000000084000000, 0x0000000084100000|  0%| F|  |TAMS 0x0000000084000000| PB 0x0000000084000000| Untracked 
|  11|0x0000000084100000, 0x0000000084100000, 0x0000000084200000|  0%| F|  |TAMS 0x0000000084100000| PB 0x0000000084100000| Untracked 
|  12|0x0000000084200000, 0x0000000084200000, 0x0000000084300000|  0%| F|  |TAMS 0x0000000084200000| PB 0x0000000084200000| Untracked 
|  13|0x0000000084300000, 0x0000000084300000, 0x0000000084400000|  0%| F|  |TAMS 0x0000000084300000| PB 0x0000000084300000| Untracked 
|  14|0x0000000084400000, 0x0000000084400000, 0x0000000084500000|  0%| F|  |TAMS 0x0000000084400000| PB 0x0000000084400000| Untracked 
|  15|0x0000000084500000, 0x0000000084500000, 0x0000000084600000|  0%| F|  |TAMS 0x0000000084500000| PB 0x0000000084500000| Untracked 
|  16|0x0000000084600000, 0x0000000084600000, 0x0000000084700000|  0%| F|  |TAMS 0x0000000084600000| PB 0x0000000084600000| Untracked 
|  17|0x0000000084700000, 0x0000000084700000, 0x0000000084800000|  0%| F|  |TAMS 0x0000000084700000| PB 0x0000000084700000| Untracked 
|  18|0x0000000084800000, 0x0000000084800000, 0x0000000084900000|  0%| F|  |TAMS 0x0000000084800000| PB 0x0000000084800000| Untracked 
|  19|0x0000000084900000, 0x0000000084900000, 0x0000000084a00000|  0%| F|  |TAMS 0x0000000084900000| PB 0x0000000084900000| Untracked 
|  20|0x0000000084a00000, 0x0000000084a00000, 0x0000000084b00000|  0%| F|  |TAMS 0x0000000084a00000| PB 0x0000000084a00000| Untracked 
|  21|0x0000000084b00000, 0x0000000084b00000, 0x0000000084c00000|  0%| F|  |TAMS 0x0000000084b00000| PB 0x0000000084b00000| Untracked 
|  22|0x0000000084c00000, 0x0000000084c00000, 0x0000000084d00000|  0%| F|  |TAMS 0x0000000084c00000| PB 0x0000000084c00000| Untracked 
|  23|0x0000000084d00000, 0x0000000084d00000, 0x0000000084e00000|  0%| F|  |TAMS 0x0000000084d00000| PB 0x0000000084d00000| Untracked 
|  24|0x0000000084e00000, 0x0000000084e00000, 0x0000000084f00000|  0%| F|  |TAMS 0x0000000084e00000| PB 0x0000000084e00000| Untracked 
|  25|0x0000000084f00000, 0x0000000084f00000, 0x0000000085000000|  0%| F|  |TAMS 0x0000000084f00000| PB 0x0000000084f00000| Untracked 
|  26|0x0000000085000000, 0x0000000085000000, 0x0000000085100000|  0%| F|  |TAMS 0x0000000085000000| PB 0x0000000085000000| Untracked 
|  27|0x0000000085100000, 0x0000000085100000, 0x0000000085200000|  0%| F|  |TAMS 0x0000000085100000| PB 0x0000000085100000| Untracked 
|  28|0x0000000085200000, 0x0000000085200000, 0x0000000085300000|  0%| F|  |TAMS 0x0000000085200000| PB 0x0000000085200000| Untracked 
|  29|0x0000000085300000, 0x0000000085300000, 0x0000000085400000|  0%| F|  |TAMS 0x0000000085300000| PB 0x0000000085300000| Untracked 
|  30|0x0000000085400000, 0x0000000085400000, 0x0000000085500000|  0%| F|  |TAMS 0x0000000085400000| PB 0x0000000085400000| Untracked 
|  31|0x0000000085500000, 0x0000000085500000, 0x0000000085600000|  0%| F|  |TAMS 0x0000000085500000| PB 0x0000000085500000| Untracked 
|  32|0x0000000085600000, 0x0000000085600000, 0x0000000085700000|  0%| F|  |TAMS 0x0000000085600000| PB 0x0000000085600000| Untracked 
|  33|0x0000000085700000, 0x0000000085700000, 0x0000000085800000|  0%| F|  |TAMS 0x0000000085700000| PB 0x0000000085700000| Untracked 
|  34|0x0000000085800000, 0x0000000085800000, 0x0000000085900000|  0%| F|  |TAMS 0x0000000085800000| PB 0x0000000085800000| Untracked 
|  35|0x0000000085900000, 0x0000000085900000, 0x0000000085a00000|  0%| F|  |TAMS 0x0000000085900000| PB 0x0000000085900000| Untracked 
|  36|0x0000000085a00000, 0x0000000085a00000, 0x0000000085b00000|  0%| F|  |TAMS 0x0000000085a00000| PB 0x0000000085a00000| Untracked 
|  37|0x0000000085b00000, 0x0000000085b00000, 0x0000000085c00000|  0%| F|  |TAMS 0x0000000085b00000| PB 0x0000000085b00000| Untracked 
|  38|0x0000000085c00000, 0x0000000085c00000, 0x0000000085d00000|  0%| F|  |TAMS 0x0000000085c00000| PB 0x0000000085c00000| Untracked 
|  39|0x0000000085d00000, 0x0000000085d00000, 0x0000000085e00000|  0%| F|  |TAMS 0x0000000085d00000| PB 0x0000000085d00000| Untracked 
|  40|0x0000000085e00000, 0x0000000085e00000, 0x0000000085f00000|  0%| F|  |TAMS 0x0000000085e00000| PB 0x0000000085e00000| Untracked 
|  41|0x0000000085f00000, 0x0000000085f00000, 0x0000000086000000|  0%| F|  |TAMS 0x0000000085f00000| PB 0x0000000085f00000| Untracked 
|  42|0x0000000086000000, 0x0000000086000000, 0x0000000086100000|  0%| F|  |TAMS 0x0000000086000000| PB 0x0000000086000000| Untracked 
|  43|0x0000000086100000, 0x0000000086100000, 0x0000000086200000|  0%| F|  |TAMS 0x0000000086100000| PB 0x0000000086100000| Untracked 
|  44|0x0000000086200000, 0x0000000086200000, 0x0000000086300000|  0%| F|  |TAMS 0x0000000086200000| PB 0x0000000086200000| Untracked 
|  45|0x0000000086300000, 0x0000000086300000, 0x0000000086400000|  0%| F|  |TAMS 0x0000000086300000| PB 0x0000000086300000| Untracked 
|  46|0x0000000086400000, 0x0000000086400000, 0x0000000086500000|  0%| F|  |TAMS 0x0000000086400000| PB 0x0000000086400000| Untracked 
|  47|0x0000000086500000, 0x0000000086500000, 0x0000000086600000|  0%| F|  |TAMS 0x0000000086500000| PB 0x0000000086500000| Untracked 
|  48|0x0000000086600000, 0x0000000086600000, 0x0000000086700000|  0%| F|  |TAMS 0x0000000086600000| PB 0x0000000086600000| Untracked 
|  49|0x0000000086700000, 0x0000000086700000, 0x0000000086800000|  0%| F|  |TAMS 0x0000000086700000| PB 0x0000000086700000| Untracked 
|  50|0x0000000086800000, 0x0000000086800000, 0x0000000086900000|  0%| F|  |TAMS 0x0000000086800000| PB 0x0000000086800000| Untracked 
|  51|0x0000000086900000, 0x0000000086900000, 0x0000000086a00000|  0%| F|  |TAMS 0x0000000086900000| PB 0x0000000086900000| Untracked 
|  52|0x0000000086a00000, 0x0000000086a00000, 0x0000000086b00000|  0%| F|  |TAMS 0x0000000086a00000| PB 0x0000000086a00000| Untracked 
|  53|0x0000000086b00000, 0x0000000086b00000, 0x0000000086c00000|  0%| F|  |TAMS 0x0000000086b00000| PB 0x0000000086b00000| Untracked 
|  54|0x0000000086c00000, 0x0000000086c00000, 0x0000000086d00000|  0%| F|  |TAMS 0x0000000086c00000| PB 0x0000000086c00000| Untracked 
|  55|0x0000000086d00000, 0x0000000086d00000, 0x0000000086e00000|  0%| F|  |TAMS 0x0000000086d00000| PB 0x0000000086d00000| Untracked 
|  56|0x0000000086e00000, 0x0000000086e00000, 0x0000000086f00000|  0%| F|  |TAMS 0x0000000086e00000| PB 0x0000000086e00000| Untracked 
|  57|0x0000000086f00000, 0x0000000086f00000, 0x0000000087000000|  0%| F|  |TAMS 0x0000000086f00000| PB 0x0000000086f00000| Untracked 
|  58|0x0000000087000000, 0x0000000087000000, 0x0000000087100000|  0%| F|  |TAMS 0x0000000087000000| PB 0x0000000087000000| Untracked 
|  59|0x0000000087100000, 0x0000000087100000, 0x0000000087200000|  0%| F|  |TAMS 0x0000000087100000| PB 0x0000000087100000| Untracked 
|  60|0x0000000087200000, 0x0000000087200000, 0x0000000087300000|  0%| F|  |TAMS 0x0000000087200000| PB 0x0000000087200000| Untracked 
|  61|0x0000000087300000, 0x0000000087300000, 0x0000000087400000|  0%| F|  |TAMS 0x0000000087300000| PB 0x0000000087300000| Untracked 
|  62|0x0000000087400000, 0x0000000087400000, 0x0000000087500000|  0%| F|  |TAMS 0x0000000087400000| PB 0x0000000087400000| Untracked 
|  63|0x0000000087500000, 0x0000000087500000, 0x0000000087600000|  0%| F|  |TAMS 0x0000000087500000| PB 0x0000000087500000| Untracked 
|  64|0x0000000087600000, 0x0000000087600000, 0x0000000087700000|  0%| F|  |TAMS 0x0000000087600000| PB 0x0000000087600000| Untracked 
|  65|0x0000000087700000, 0x0000000087700000, 0x0000000087800000|  0%| F|  |TAMS 0x0000000087700000| PB 0x0000000087700000| Untracked 
|  66|0x0000000087800000, 0x0000000087800000, 0x0000000087900000|  0%| F|  |TAMS 0x0000000087800000| PB 0x0000000087800000| Untracked 
|  67|0x0000000087900000, 0x0000000087900000, 0x0000000087a00000|  0%| F|  |TAMS 0x0000000087900000| PB 0x0000000087900000| Untracked 
|  68|0x0000000087a00000, 0x0000000087a00000, 0x0000000087b00000|  0%| F|  |TAMS 0x0000000087a00000| PB 0x0000000087a00000| Untracked 
|  69|0x0000000087b00000, 0x0000000087b00000, 0x0000000087c00000|  0%| F|  |TAMS 0x0000000087b00000| PB 0x0000000087b00000| Untracked 
|  70|0x0000000087c00000, 0x0000000087c00000, 0x0000000087d00000|  0%| F|  |TAMS 0x0000000087c00000| PB 0x0000000087c00000| Untracked 
|  71|0x0000000087d00000, 0x0000000087d00000, 0x0000000087e00000|  0%| F|  |TAMS 0x0000000087d00000| PB 0x0000000087d00000| Untracked 
|  72|0x0000000087e00000, 0x0000000087e00000, 0x0000000087f00000|  0%| F|  |TAMS 0x0000000087e00000| PB 0x0000000087e00000| Untracked 
|  73|0x0000000087f00000, 0x0000000087f00000, 0x0000000088000000|  0%| F|  |TAMS 0x0000000087f00000| PB 0x0000000087f00000| Untracked 
|  74|0x0000000088000000, 0x0000000088000000, 0x0000000088100000|  0%| F|  |TAMS 0x0000000088000000| PB 0x0000000088000000| Untracked 
|  75|0x0000000088100000, 0x0000000088100000, 0x0000000088200000|  0%| F|  |TAMS 0x0000000088100000| PB 0x0000000088100000| Untracked 
|  76|0x0000000088200000, 0x0000000088200000, 0x0000000088300000|  0%| F|  |TAMS 0x0000000088200000| PB 0x0000000088200000| Untracked 
|  77|0x0000000088300000, 0x0000000088300000, 0x0000000088400000|  0%| F|  |TAMS 0x0000000088300000| PB 0x0000000088300000| Untracked 
|  78|0x0000000088400000, 0x0000000088400000, 0x0000000088500000|  0%| F|  |TAMS 0x0000000088400000| PB 0x0000000088400000| Untracked 
|  79|0x0000000088500000, 0x0000000088500000, 0x0000000088600000|  0%| F|  |TAMS 0x0000000088500000| PB 0x0000000088500000| Untracked 
|  80|0x0000000088600000, 0x0000000088600000, 0x0000000088700000|  0%| F|  |TAMS 0x0000000088600000| PB 0x0000000088600000| Untracked 
|  81|0x0000000088700000, 0x0000000088700000, 0x0000000088800000|  0%| F|  |TAMS 0x0000000088700000| PB 0x0000000088700000| Untracked 
|  82|0x0000000088800000, 0x0000000088800000, 0x0000000088900000|  0%| F|  |TAMS 0x0000000088800000| PB 0x0000000088800000| Untracked 
|  83|0x0000000088900000, 0x0000000088900000, 0x0000000088a00000|  0%| F|  |TAMS 0x0000000088900000| PB 0x0000000088900000| Untracked 
|  84|0x0000000088a00000, 0x0000000088a00000, 0x0000000088b00000|  0%| F|  |TAMS 0x0000000088a00000| PB 0x0000000088a00000| Untracked 
|  85|0x0000000088b00000, 0x0000000088b00000, 0x0000000088c00000|  0%| F|  |TAMS 0x0000000088b00000| PB 0x0000000088b00000| Untracked 
|  86|0x0000000088c00000, 0x0000000088c00000, 0x0000000088d00000|  0%| F|  |TAMS 0x0000000088c00000| PB 0x0000000088c00000| Untracked 
|  87|0x0000000088d00000, 0x0000000088d00000, 0x0000000088e00000|  0%| F|  |TAMS 0x0000000088d00000| PB 0x0000000088d00000| Untracked 
|  88|0x0000000088e00000, 0x0000000088e00000, 0x0000000088f00000|  0%| F|  |TAMS 0x0000000088e00000| PB 0x0000000088e00000| Untracked 
|  89|0x0000000088f00000, 0x0000000088f00000, 0x0000000089000000|  0%| F|  |TAMS 0x0000000088f00000| PB 0x0000000088f00000| Untracked 
|  90|0x0000000089000000, 0x0000000089000000, 0x0000000089100000|  0%| F|  |TAMS 0x0000000089000000| PB 0x0000000089000000| Untracked 
|  91|0x0000000089100000, 0x0000000089100000, 0x0000000089200000|  0%| F|  |TAMS 0x0000000089100000| PB 0x0000000089100000| Untracked 
|  92|0x0000000089200000, 0x0000000089200000, 0x0000000089300000|  0%| F|  |TAMS 0x0000000089200000| PB 0x0000000089200000| Untracked 
|  93|0x0000000089300000, 0x0000000089300000, 0x0000000089400000|  0%| F|  |TAMS 0x0000000089300000| PB 0x0000000089300000| Untracked 
|  94|0x0000000089400000, 0x0000000089436450, 0x0000000089500000| 21%| S|CS|TAMS 0x0000000089400000| PB 0x0000000089400000| Complete 
|  95|0x0000000089500000, 0x0000000089600000, 0x0000000089600000|100%| S|CS|TAMS 0x0000000089500000| PB 0x0000000089500000| Complete 
|  96|0x0000000089600000, 0x0000000089700000, 0x0000000089700000|100%| S|CS|TAMS 0x0000000089600000| PB 0x0000000089600000| Complete 
|  97|0x0000000089700000, 0x0000000089700000, 0x0000000089800000|  0%| F|  |TAMS 0x0000000089700000| PB 0x0000000089700000| Untracked 
|  98|0x0000000089800000, 0x0000000089800000, 0x0000000089900000|  0%| F|  |TAMS 0x0000000089800000| PB 0x0000000089800000| Untracked 
|  99|0x0000000089900000, 0x0000000089900000, 0x0000000089a00000|  0%| F|  |TAMS 0x0000000089900000| PB 0x0000000089900000| Untracked 
| 100|0x0000000089a00000, 0x0000000089a00000, 0x0000000089b00000|  0%| F|  |TAMS 0x0000000089a00000| PB 0x0000000089a00000| Untracked 
| 101|0x0000000089b00000, 0x0000000089b00000, 0x0000000089c00000|  0%| F|  |TAMS 0x0000000089b00000| PB 0x0000000089b00000| Untracked 
| 102|0x0000000089c00000, 0x0000000089c2ece8, 0x0000000089d00000| 18%| E|  |TAMS 0x0000000089c00000| PB 0x0000000089c00000| Complete 
| 103|0x0000000089d00000, 0x0000000089e00000, 0x0000000089e00000|100%| E|CS|TAMS 0x0000000089d00000| PB 0x0000000089d00000| Complete 
| 104|0x0000000089e00000, 0x0000000089f00000, 0x0000000089f00000|100%| E|CS|TAMS 0x0000000089e00000| PB 0x0000000089e00000| Complete 
| 105|0x0000000089f00000, 0x000000008a000000, 0x000000008a000000|100%| E|CS|TAMS 0x0000000089f00000| PB 0x0000000089f00000| Complete 
| 106|0x000000008a000000, 0x000000008a100000, 0x000000008a100000|100%| E|CS|TAMS 0x000000008a000000| PB 0x000000008a000000| Complete 
| 107|0x000000008a100000, 0x000000008a200000, 0x000000008a200000|100%| E|CS|TAMS 0x000000008a100000| PB 0x000000008a100000| Complete 
| 108|0x000000008a200000, 0x000000008a300000, 0x000000008a300000|100%| E|CS|TAMS 0x000000008a200000| PB 0x000000008a200000| Complete 
| 109|0x000000008a300000, 0x000000008a400000, 0x000000008a400000|100%| E|CS|TAMS 0x000000008a300000| PB 0x000000008a300000| Complete 
| 110|0x000000008a400000, 0x000000008a500000, 0x000000008a500000|100%| E|CS|TAMS 0x000000008a400000| PB 0x000000008a400000| Complete 
| 111|0x000000008a500000, 0x000000008a600000, 0x000000008a600000|100%| E|CS|TAMS 0x000000008a500000| PB 0x000000008a500000| Complete 
| 112|0x000000008a600000, 0x000000008a700000, 0x000000008a700000|100%| E|CS|TAMS 0x000000008a600000| PB 0x000000008a600000| Complete 
| 113|0x000000008a700000, 0x000000008a800000, 0x000000008a800000|100%| E|CS|TAMS 0x000000008a700000| PB 0x000000008a700000| Complete 
| 114|0x000000008a800000, 0x000000008a900000, 0x000000008a900000|100%| E|CS|TAMS 0x000000008a800000| PB 0x000000008a800000| Complete 
| 115|0x000000008a900000, 0x000000008aa00000, 0x000000008aa00000|100%| E|CS|TAMS 0x000000008a900000| PB 0x000000008a900000| Complete 
| 116|0x000000008aa00000, 0x000000008ab00000, 0x000000008ab00000|100%| E|CS|TAMS 0x000000008aa00000| PB 0x000000008aa00000| Complete 
| 117|0x000000008ab00000, 0x000000008ac00000, 0x000000008ac00000|100%| E|CS|TAMS 0x000000008ab00000| PB 0x000000008ab00000| Complete 
| 118|0x000000008ac00000, 0x000000008ad00000, 0x000000008ad00000|100%| E|  |TAMS 0x000000008ac00000| PB 0x000000008ac00000| Complete 
| 119|0x000000008ad00000, 0x000000008ae00000, 0x000000008ae00000|100%| E|CS|TAMS 0x000000008ad00000| PB 0x000000008ad00000| Complete 
| 120|0x000000008ae00000, 0x000000008af00000, 0x000000008af00000|100%| E|CS|TAMS 0x000000008ae00000| PB 0x000000008ae00000| Complete 
| 121|0x000000008af00000, 0x000000008b000000, 0x000000008b000000|100%| E|CS|TAMS 0x000000008af00000| PB 0x000000008af00000| Complete 
| 122|0x000000008b000000, 0x000000008b100000, 0x000000008b100000|100%| E|CS|TAMS 0x000000008b000000| PB 0x000000008b000000| Complete 
| 123|0x000000008b100000, 0x000000008b200000, 0x000000008b200000|100%| E|CS|TAMS 0x000000008b100000| PB 0x000000008b100000| Complete 
| 124|0x000000008b200000, 0x000000008b300000, 0x000000008b300000|100%| E|CS|TAMS 0x000000008b200000| PB 0x000000008b200000| Complete 
| 125|0x000000008b300000, 0x000000008b400000, 0x000000008b400000|100%| E|CS|TAMS 0x000000008b300000| PB 0x000000008b300000| Complete 

Card table byte_map: [0x0000028192af0000,0x0000028192ee0000] _byte_map_base: 0x00000281926d5000

Marking Bits: (CMBitMap*) 0x0000028186fa28e0
 Bits: [0x0000028192ee0000, 0x0000028194e08000)

Polling page: 0x0000028184f10000

Metaspace:

Usage:
  Non-class:     14.91 MB used.
      Class:      2.21 MB used.
       Both:     17.12 MB used.

Virtual space:
  Non-class space:       64.00 MB reserved,      15.06 MB ( 24%) committed,  1 nodes.
      Class space:        1.00 GB reserved,       2.38 MB ( <1%) committed,  1 nodes.
             Both:        1.06 GB reserved,      17.44 MB (  2%) committed. 

Chunk freelists:
   Non-Class:  944.00 KB
       Class:  13.55 MB
        Both:  14.47 MB

MaxMetaspaceSize: unlimited
CompressedClassSpaceSize: 1.00 GB
Initial GC threshold: 21.00 MB
Current GC threshold: 21.00 MB
CDS: on
 - commit_granule_bytes: 65536.
 - commit_granule_words: 8192.
 - virtual_space_node_default_size: 8388608.
 - enlarge_chunks_in_place: 1.
 - use_allocation_guard: 0.


Internal statistics:

num_allocs_failed_limit: 0.
num_arena_births: 462.
num_arena_deaths: 0.
num_vsnodes_births: 2.
num_vsnodes_deaths: 0.
num_space_committed: 279.
num_space_uncommitted: 0.
num_chunks_returned_to_freelist: 0.
num_chunks_taken_from_freelist: 1021.
num_chunk_merges: 0.
num_chunk_splits: 648.
num_chunks_enlarged: 385.
num_inconsistent_stats: 0.

CodeCache: size=49152Kb used=6942Kb max_used=6942Kb free=42210Kb
 bounds [0x000002818f3d0000, 0x000002818faa0000, 0x00000281923d0000]
 total_blobs=3065 nmethods=2551 adapters=435
 compilation: enabled
              stopped_count=0, restarted_count=0
 full_count=0

Compilation events (20 events):
Event: 2.266 Thread 0x00000281dd0d34d0 nmethod 2543 0x000002818fa8c810 code [0x000002818fa8c9e0, 0x000002818fa8cca8]
Event: 2.267 Thread 0x00000281dd00b120 nmethod 2539 0x000002818fa8ce10 code [0x000002818fa8d100, 0x000002818fa8d8e0]
Event: 2.267 Thread 0x00000281dd00b120 2544   !   1       java.util.concurrent.ConcurrentHashMap::transfer (849 bytes)
Event: 2.269 Thread 0x00000281dd00b120 nmethod 2544 0x000002818fa8e190 code [0x000002818fa8e4a0, 0x000002818fa8fee8]
Event: 2.287 Thread 0x00000281dd00b120 2545       1       java.util.concurrent.ConcurrentHashMap::containsKey (14 bytes)
Event: 2.287 Thread 0x00000281dd00b120 nmethod 2545 0x000002818fa91d10 code [0x000002818fa91ec0, 0x000002818fa91fb8]
Event: 2.293 Thread 0x00000281dd00b120 2546       1       java.util.zip.ZipEntry::setExtra0 (493 bytes)
Event: 2.295 Thread 0x00000281dd00b120 nmethod 2546 0x000002818fa92090 code [0x000002818fa92300, 0x000002818fa93b38]
Event: 2.295 Thread 0x00000281dd00b120 2547       1       sun.reflect.generics.repository.AbstractRepository::getTree (5 bytes)
Event: 2.296 Thread 0x00000281dd00b120 nmethod 2547 0x000002818fa94310 code [0x000002818fa944a0, 0x000002818fa94568]
Event: 2.299 Thread 0x00000281dd00b120 2548       1       java.lang.invoke.ClassSpecializer$SpeciesData::getterFunction (78 bytes)
Event: 2.299 Thread 0x00000281dd00b120 nmethod 2548 0x000002818fa94610 code [0x000002818fa947c0, 0x000002818fa94900]
Event: 2.299 Thread 0x00000281dd00b120 2549       1       java.lang.invoke.LambdaFormBuffer::insertName (106 bytes)
Event: 2.299 Thread 0x00000281dd0d34d0 2550       1       java.lang.invoke.LambdaFormBuffer::growNames (281 bytes)
Event: 2.300 Thread 0x00000281dd00b120 nmethod 2549 0x000002818fa94990 code [0x000002818fa94b40, 0x000002818fa94c98]
Event: 2.300 Thread 0x00000281dd0d34d0 nmethod 2550 0x000002818fa94d90 code [0x000002818fa94fa0, 0x000002818fa956a8]
Event: 2.301 Thread 0x00000281dd0d34d0 2551       1       java.lang.Class::isAnnotation (17 bytes)
Event: 2.301 Thread 0x00000281dd0d34d0 nmethod 2551 0x000002818fa95a90 code [0x000002818fa95c20, 0x000002818fa95d18]
Event: 2.305 Thread 0x00000281de21a850 2552  s!   1       jdk.internal.loader.URLClassPath::getLoader (194 bytes)
Event: 2.305 Thread 0x00000281de21a850 nmethod 2552 0x000002818fa95d90 code [0x000002818fa96080, 0x000002818fa96dc8]

GC Heap History (4 events):
Event: 0.554 GC heap before
{Heap before GC invocations=0 (full 0):
 garbage-first heap   total 129024K, used 25600K [0x0000000083600000, 0x0000000100000000)
  region size 1024K, 23 young (23552K), 0 survivors (0K)
 Metaspace       used 6425K, committed 6784K, reserved 1114112K
  class space    used 768K, committed 960K, reserved 1048576K
}
Event: 0.558 GC heap after
{Heap after GC invocations=1 (full 0):
 garbage-first heap   total 129024K, used 10069K [0x0000000083600000, 0x0000000100000000)
  region size 1024K, 3 young (3072K), 3 survivors (3072K)
 Metaspace       used 6425K, committed 6784K, reserved 1114112K
  class space    used 768K, committed 960K, reserved 1048576K
}
Event: 2.085 GC heap before
{Heap before GC invocations=1 (full 0):
 garbage-first heap   total 129024K, used 35669K [0x0000000083600000, 0x0000000100000000)
  region size 1024K, 29 young (29696K), 3 survivors (3072K)
 Metaspace       used 12148K, committed 12608K, reserved 1114112K
  class space    used 1639K, committed 1856K, reserved 1048576K
}
Event: 2.091 GC heap after
{Heap after GC invocations=2 (full 0):
 garbage-first heap   total 129024K, used 12505K [0x0000000083600000, 0x0000000100000000)
  region size 1024K, 3 young (3072K), 3 survivors (3072K)
 Metaspace       used 12148K, committed 12608K, reserved 1114112K
  class space    used 1639K, committed 1856K, reserved 1048576K
}

Dll operation events (10 events):
Event: 0.007 Loaded shared library C:\Program Files\Java\jdk-21.0.7\bin\java.dll
Event: 0.126 Loaded shared library C:\Program Files\Java\jdk-21.0.7\bin\zip.dll
Event: 0.129 Loaded shared library C:\Program Files\Java\jdk-21.0.7\bin\instrument.dll
Event: 0.136 Loaded shared library C:\Program Files\Java\jdk-21.0.7\bin\net.dll
Event: 0.138 Loaded shared library C:\Program Files\Java\jdk-21.0.7\bin\nio.dll
Event: 0.143 Loaded shared library C:\Program Files\Java\jdk-21.0.7\bin\zip.dll
Event: 0.165 Loaded shared library C:\Program Files\Java\jdk-21.0.7\bin\jimage.dll
Event: 0.280 Loaded shared library C:\Program Files\Java\jdk-21.0.7\bin\extnet.dll
Event: 0.297 Loaded shared library C:\Program Files\Java\jdk-21.0.7\bin\management.dll
Event: 0.312 Loaded shared library C:\Program Files\Java\jdk-21.0.7\bin\management_ext.dll

Deoptimization events (0 events):
No events

Classes loaded (20 events):
Event: 2.215 Loading class java/io/CharArrayReader done
Event: 2.286 Loading class java/util/concurrent/ExecutionException
Event: 2.286 Loading class java/util/concurrent/ExecutionException done
Event: 2.288 Loading class java/beans/IntrospectionException
Event: 2.288 Loading class java/beans/IntrospectionException done
Event: 2.288 Loading class java/beans/PropertyDescriptor
Event: 2.288 Loading class java/beans/PropertyDescriptor done
Event: 2.289 Loading class java/beans/BeanInfo
Event: 2.290 Loading class java/beans/BeanInfo done
Event: 2.293 Loading class java/beans/MethodRef
Event: 2.293 Loading class java/beans/MethodRef done
Event: 2.294 Loading class java/beans/SimpleBeanInfo
Event: 2.294 Loading class java/beans/SimpleBeanInfo done
Event: 2.294 Loading class com/sun/beans/TypeResolver
Event: 2.295 Loading class com/sun/beans/TypeResolver done
Event: 2.295 Loading class com/sun/beans/WeakCache
Event: 2.295 Loading class com/sun/beans/WeakCache done
Event: 2.296 Loading class com/sun/beans/WildcardTypeImpl
Event: 2.296 Loading class com/sun/beans/WildcardTypeImpl done
Event: 2.311 Loading class java/util/Collections$ReverseComparator

Classes unloaded (0 events):
No events

Classes redefined (0 events):
No events

Internal exceptions (20 events):
Event: 0.931 Thread 0x0000028184cd24c0 Exception <a 'java/lang/NoSuchMethodError'{0x000000008a2dd558}: 'java.lang.Object java.lang.invoke.DirectMethodHandle$Holder.newInvokeSpecial(java.lang.Object, int, java.lang.Object)'> (0x000000008a2dd558) 
thrown [s\open\src\hotspot\share\interpreter\linkResolver.cpp, line 773]
Event: 0.931 Thread 0x0000028184cd24c0 Exception <a 'java/lang/NoSuchMethodError'{0x000000008a2e14b8}: 'int java.lang.invoke.DirectMethodHandle$Holder.invokeSpecialIFC(java.lang.Object, java.lang.Object, java.lang.Object, java.lang.Object)'> (0x000000008a2e14b8) 
thrown [s\open\src\hotspot\share\interpreter\linkResolver.cpp, line 773]
Event: 0.942 Thread 0x0000028184cd24c0 Exception <a 'java/lang/NoSuchMethodError'{0x000000008a1b5a98}: 'void java.lang.invoke.DirectMethodHandle$Holder.invokeInterface(java.lang.Object, java.lang.Object, java.lang.Object)'> (0x000000008a1b5a98) 
thrown [s\open\src\hotspot\share\interpreter\linkResolver.cpp, line 773]
Event: 0.953 Thread 0x0000028184cd24c0 Exception <a 'java/lang/NoSuchMethodError'{0x000000008a051c50}: 'java.lang.reflect.Field[] java.lang.Class.getDeclaredFields(java.lang.Class)'> (0x000000008a051c50) 
thrown [s\open\src\hotspot\share\interpreter\linkResolver.cpp, line 773]
Event: 0.954 Thread 0x0000028184cd24c0 Exception <a 'java/lang/NoSuchMethodError'{0x000000008a056520}: 'java.lang.Object java.lang.invoke.DirectMethodHandle$Holder.invokeStatic(java.lang.Object, java.lang.Object, int)'> (0x000000008a056520) 
thrown [s\open\src\hotspot\share\interpreter\linkResolver.cpp, line 773]
Event: 0.954 Thread 0x0000028184cd24c0 Exception <a 'java/lang/NoSuchMethodError'{0x000000008a0616d0}: 'void java.lang.invoke.DelegatingMethodHandle$Holder.delegate(java.lang.Object, java.lang.Object, int, java.lang.Object)'> (0x000000008a0616d0) 
thrown [s\open\src\hotspot\share\interpreter\linkResolver.cpp, line 773]
Event: 1.047 Thread 0x00000281dd9abdc0 Exception <a 'java/lang/NoSuchMethodError'{0x000000008b3286a0}: 'long java.lang.invoke.DirectMethodHandle$Holder.invokeVirtual(java.lang.Object, java.lang.Object)'> (0x000000008b3286a0) 
thrown [s\open\src\hotspot\share\interpreter\linkResolver.cpp, line 773]
Event: 1.047 Thread 0x00000281dd9abdc0 Exception <a 'java/lang/NoSuchMethodError'{0x000000008b32bc30}: 'long java.lang.invoke.DelegatingMethodHandle$Holder.reinvoke_L(java.lang.Object, java.lang.Object)'> (0x000000008b32bc30) 
thrown [s\open\src\hotspot\share\interpreter\linkResolver.cpp, line 773]
Event: 1.111 Thread 0x00000281dd9abdc0 Exception <a 'java/lang/NoSuchMethodError'{0x0000000089e12820}: static [Ljava/lang/StackTraceElement;.<clinit>()V> (0x0000000089e12820) 
thrown [s\open\src\hotspot\share\prims\jni.cpp, line 1111]
Event: 1.114 Thread 0x00000281dd9abdc0 Exception <a 'java/lang/NoSuchMethodError'{0x0000000089e25fa0}: 'void java.lang.invoke.DirectMethodHandle$Holder.invokeInterface(java.lang.Object, java.lang.Object)'> (0x0000000089e25fa0) 
thrown [s\open\src\hotspot\share\interpreter\linkResolver.cpp, line 773]
Event: 1.985 Thread 0x0000028184cd24c0 Exception <a 'java/lang/NoSuchMethodError'{0x0000000089f43998}: 'java.lang.Object java.lang.invoke.DirectMethodHandle$Holder.invokeVirtual(java.lang.Object, java.lang.Object, java.lang.Object)'> (0x0000000089f43998) 
thrown [s\open\src\hotspot\share\interpreter\linkResolver.cpp, line 773]
Event: 2.005 Thread 0x0000028184cd24c0 Exception <a 'java/lang/NoSuchMethodError'{0x0000000089d40248}: 'void java.lang.invoke.DirectMethodHandle$Holder.invokeStatic(java.lang.Object, java.lang.Object, int)'> (0x0000000089d40248) 
thrown [s\open\src\hotspot\share\interpreter\linkResolver.cpp, line 773]
Event: 2.010 Thread 0x0000028184cd24c0 Exception <a 'java/lang/NoSuchMethodError'{0x0000000089d54cf8}: 'void java.lang.invoke.DirectMethodHandle$Holder.invokeStaticInit(java.lang.Object, java.lang.Object, java.lang.Object)'> (0x0000000089d54cf8) 
thrown [s\open\src\hotspot\share\interpreter\linkResolver.cpp, line 773]
Event: 2.017 Thread 0x0000028184cd24c0 Exception <a 'java/lang/NoSuchMethodError'{0x0000000089d9e658}: 'java.lang.Object java.lang.invoke.DirectMethodHandle$Holder.invokeStatic(java.lang.Object, long, java.lang.Object)'> (0x0000000089d9e658) 
thrown [s\open\src\hotspot\share\interpreter\linkResolver.cpp, line 773]
Event: 2.017 Thread 0x0000028184cd24c0 Exception <a 'java/lang/NoSuchMethodError'{0x0000000089da1cc0}: 'java.lang.Object java.lang.invoke.DirectMethodHandle$Holder.invokeStaticInit(java.lang.Object, long, java.lang.Object)'> (0x0000000089da1cc0) 
thrown [s\open\src\hotspot\share\interpreter\linkResolver.cpp, line 773]
Event: 2.018 Thread 0x0000028184cd24c0 Exception <a 'java/lang/NoSuchMethodError'{0x0000000089da7168}: 'java.lang.Object java.lang.invoke.DirectMethodHandle$Holder.newInvokeSpecial(java.lang.Object, long)'> (0x0000000089da7168) 
thrown [s\open\src\hotspot\share\interpreter\linkResolver.cpp, line 773]
Event: 2.031 Thread 0x0000028184cd24c0 Exception <a 'java/lang/NoSuchMethodError'{0x0000000089902cf0}: 'void java.lang.invoke.DirectMethodHandle$Holder.invokeSpecial(java.lang.Object, java.lang.Object, java.lang.Object, java.lang.Object, java.lang.Object)'> (0x0000000089902cf0) 
thrown [s\open\src\hotspot\share\interpreter\linkResolver.cpp, line 773]
Event: 2.032 Thread 0x0000028184cd24c0 Exception <a 'java/lang/NoSuchMethodError'{0x000000008990a4f0}: 'void java.lang.invoke.DirectMethodHandle$Holder.invokeVirtual(java.lang.Object, java.lang.Object, java.lang.Object, java.lang.Object)'> (0x000000008990a4f0) 
thrown [s\open\src\hotspot\share\interpreter\linkResolver.cpp, line 773]
Event: 2.073 Thread 0x0000028184cd24c0 Exception <a 'java/lang/IncompatibleClassChangeError'{0x0000000089881d28}: Found class java.lang.Object, but interface was expected> (0x0000000089881d28) 
thrown [s\open\src\hotspot\share\interpreter\linkResolver.cpp, line 840]
Event: 2.074 Thread 0x00000281de29d530 Exception <a 'java/lang/NoClassDefFoundError'{0x00000000898b3e70}: jakarta/validation/Validation> (0x00000000898b3e70) 
thrown [s\open\src\hotspot\share\classfile\systemDictionary.cpp, line 301]

ZGC Phase Switch (0 events):
No events

VM Operations (20 events):
Event: 0.916 Executing VM operation: HandshakeAllThreads (Deoptimize)
Event: 0.916 Executing VM operation: HandshakeAllThreads (Deoptimize) done
Event: 0.942 Executing VM operation: ICBufferFull
Event: 0.942 Executing VM operation: ICBufferFull done
Event: 1.945 Executing VM operation: Cleanup
Event: 1.945 Executing VM operation: Cleanup done
Event: 2.004 Executing VM operation: HandshakeAllThreads (Deoptimize)
Event: 2.004 Executing VM operation: HandshakeAllThreads (Deoptimize) done
Event: 2.006 Executing VM operation: HandshakeAllThreads (Deoptimize)
Event: 2.006 Executing VM operation: HandshakeAllThreads (Deoptimize) done
Event: 2.063 Executing VM operation: HandshakeAllThreads (Deoptimize)
Event: 2.063 Executing VM operation: HandshakeAllThreads (Deoptimize) done
Event: 2.067 Executing VM operation: HandshakeAllThreads (Deoptimize)
Event: 2.067 Executing VM operation: HandshakeAllThreads (Deoptimize) done
Event: 2.085 Executing VM operation: G1CollectForAllocation (G1 Evacuation Pause)
Event: 2.091 Executing VM operation: G1CollectForAllocation (G1 Evacuation Pause) done
Event: 2.264 Executing VM operation: HandshakeAllThreads (Deoptimize)
Event: 2.264 Executing VM operation: HandshakeAllThreads (Deoptimize) done
Event: 2.304 Executing VM operation: HandshakeAllThreads (Deoptimize)
Event: 2.304 Executing VM operation: HandshakeAllThreads (Deoptimize) done

Events (20 events):
Event: 0.118 Thread 0x00000281dd137130 Thread added: 0x00000281dd137130
Event: 0.118 Thread 0x00000281dd1377d0 Thread added: 0x00000281dd1377d0
Event: 0.272 Thread 0x00000281dd3fdf70 Thread added: 0x00000281dd3fdf70
Event: 0.272 Thread 0x00000281dd73cfc0 Thread added: 0x00000281dd73cfc0
Event: 0.491 Thread 0x00000281dd98db70 Thread added: 0x00000281dd98db70
Event: 0.514 Thread 0x00000281dd9abdc0 Thread added: 0x00000281dd9abdc0
Event: 0.529 Thread 0x00000281dd9c8410 Thread added: 0x00000281dd9c8410
Event: 0.536 Thread 0x00000281dd9d9360 Thread added: 0x00000281dd9d9360
Event: 0.977 Thread 0x00000281de29f600 Thread added: 0x00000281de29f600
Event: 1.105 Thread 0x00000281de29dbc0 Thread added: 0x00000281de29dbc0
Event: 1.114 Thread 0x00000281de29dbc0 Thread exited: 0x00000281de29dbc0
Event: 1.616 Thread 0x00000281dd137130 Thread exited: 0x00000281dd137130
Event: 1.616 Thread 0x00000281dd1377d0 Thread exited: 0x00000281dd1377d0
Event: 1.616 Thread 0x00000281de29d530 Thread added: 0x00000281de29d530
Event: 1.622 Thread 0x00000281de29d530 Thread exited: 0x00000281de29d530
Event: 2.072 Thread 0x00000281de29d530 Thread added: 0x00000281de29d530
Event: 2.125 Thread 0x00000281de29e8e0 Thread added: 0x00000281de29e8e0
Event: 2.132 Thread 0x00000281de29e8e0 Thread exited: 0x00000281de29e8e0
Event: 2.197 Thread 0x00000281de21a850 Thread added: 0x00000281de21a850
Event: 2.197 Thread 0x00000281de20efe0 Thread added: 0x00000281de20efe0


Dynamic libraries:
0x00007ff7d7960000 - 0x00007ff7d7970000 	C:\Program Files\Java\jdk-21.0.7\bin\java.exe
0x00007ff9f7fe0000 - 0x00007ff9f8247000 	C:\WINDOWS\SYSTEM32\ntdll.dll
0x00007ff9f7080000 - 0x00007ff9f7149000 	C:\WINDOWS\System32\KERNEL32.DLL
0x00007ff9f48c0000 - 0x00007ff9f4cb1000 	C:\WINDOWS\System32\KERNELBASE.dll
0x00007ff9f5910000 - 0x00007ff9f5a5b000 	C:\WINDOWS\System32\ucrtbase.dll
0x00007ff9d9500000 - 0x00007ff9d951b000 	C:\Program Files\Java\jdk-21.0.7\bin\VCRUNTIME140.dll
0x00007ff9eca10000 - 0x00007ff9eca29000 	C:\Program Files\Java\jdk-21.0.7\bin\jli.dll
0x00007ff9f6910000 - 0x00007ff9f69cb000 	C:\WINDOWS\System32\ADVAPI32.dll
0x00007ff9f7da0000 - 0x00007ff9f7e49000 	C:\WINDOWS\System32\msvcrt.dll
0x00007ff9f6ba0000 - 0x00007ff9f6c47000 	C:\WINDOWS\System32\sechost.dll
0x00007ff9f6d30000 - 0x00007ff9f6e48000 	C:\WINDOWS\System32\RPCRT4.dll
0x00007ff9f69d0000 - 0x00007ff9f6b95000 	C:\WINDOWS\System32\USER32.dll
0x00007ff9f5b10000 - 0x00007ff9f5b37000 	C:\WINDOWS\System32\win32u.dll
0x00007ff9dbf00000 - 0x00007ff9dc193000 	C:\WINDOWS\WinSxS\amd64_microsoft.windows.common-controls_6595b64144ccf1df_6.0.26100.8037_none_3e092faae333b53b\COMCTL32.dll
0x00007ff9f5fe0000 - 0x00007ff9f600b000 	C:\WINDOWS\System32\GDI32.dll
0x00007ff9f5670000 - 0x00007ff9f579b000 	C:\WINDOWS\System32\gdi32full.dll
0x00007ff9f5a60000 - 0x00007ff9f5b03000 	C:\WINDOWS\System32\msvcp_win.dll
0x00007ff9e9540000 - 0x00007ff9e954b000 	C:\WINDOWS\SYSTEM32\VERSION.dll
0x00007ff9f7040000 - 0x00007ff9f7071000 	C:\WINDOWS\System32\IMM32.DLL
0x00007ff9d94c0000 - 0x00007ff9d94cc000 	C:\Program Files\Java\jdk-21.0.7\bin\vcruntime140_1.dll
0x00007ff9b8f30000 - 0x00007ff9b8fbe000 	C:\Program Files\Java\jdk-21.0.7\bin\msvcp140.dll
0x00007ff91a130000 - 0x00007ff91ae4a000 	C:\Program Files\Java\jdk-21.0.7\bin\server\jvm.dll
0x00007ff9f63e0000 - 0x00007ff9f6454000 	C:\WINDOWS\System32\WS2_32.dll
0x00007ff9f3490000 - 0x00007ff9f34ee000 	C:\WINDOWS\SYSTEM32\POWRPROF.dll
0x00007ff9dfe80000 - 0x00007ff9dfeb5000 	C:\WINDOWS\SYSTEM32\WINMM.dll
0x00007ff9f3470000 - 0x00007ff9f3484000 	C:\WINDOWS\SYSTEM32\UMPDC.dll
0x00007ff9f3740000 - 0x00007ff9f375b000 	C:\WINDOWS\SYSTEM32\kernel.appcore.dll
0x00007ff9d94b0000 - 0x00007ff9d94ba000 	C:\Program Files\Java\jdk-21.0.7\bin\jimage.dll
0x00007ff9f2650000 - 0x00007ff9f2892000 	C:\WINDOWS\SYSTEM32\DBGHELP.DLL
0x00007ff9f6470000 - 0x00007ff9f67f2000 	C:\WINDOWS\System32\combase.dll
0x00007ff9f6e50000 - 0x00007ff9f6f27000 	C:\WINDOWS\System32\OLEAUT32.dll
0x00007ff9da260000 - 0x00007ff9da29b000 	C:\WINDOWS\SYSTEM32\dbgcore.DLL
0x00007ff9f4cc0000 - 0x00007ff9f4d65000 	C:\WINDOWS\System32\bcryptPrimitives.dll
0x00007ff9da800000 - 0x00007ff9da80f000 	C:\Program Files\Java\jdk-21.0.7\bin\instrument.dll
0x00007ff9d9350000 - 0x00007ff9d936f000 	C:\Program Files\Java\jdk-21.0.7\bin\java.dll
0x00007ff9f7150000 - 0x00007ff9f78af000 	C:\WINDOWS\System32\SHELL32.dll
0x00007ff9f57a0000 - 0x00007ff9f590a000 	C:\WINDOWS\System32\wintypes.dll
0x00007ff9f4d70000 - 0x00007ff9f55d4000 	C:\WINDOWS\System32\windows.storage.dll
0x00007ff9f7ea0000 - 0x00007ff9f7f97000 	C:\WINDOWS\System32\SHCORE.dll
0x00007ff9f6c60000 - 0x00007ff9f6cc7000 	C:\WINDOWS\System32\shlwapi.dll
0x00007ff9f47e0000 - 0x00007ff9f4809000 	C:\WINDOWS\SYSTEM32\profapi.dll
0x00007ff9d48d0000 - 0x00007ff9d48e8000 	C:\Program Files\Java\jdk-21.0.7\bin\zip.dll
0x00007ff9d9340000 - 0x00007ff9d9350000 	C:\Program Files\Java\jdk-21.0.7\bin\net.dll
0x00007ff9eaa30000 - 0x00007ff9eab57000 	C:\WINDOWS\SYSTEM32\WINHTTP.dll
0x00007ff9f3ce0000 - 0x00007ff9f3d4b000 	C:\WINDOWS\system32\mswsock.dll
0x00007ff9d6cb0000 - 0x00007ff9d6cc6000 	C:\Program Files\Java\jdk-21.0.7\bin\nio.dll
0x00007ff9d6ca0000 - 0x00007ff9d6ca9000 	C:\Program Files\Java\jdk-21.0.7\bin\extnet.dll
0x00007ff9f3120000 - 0x00007ff9f324a000 	C:\WINDOWS\SYSTEM32\DNSAPI.dll
0x00007ff9f3090000 - 0x00007ff9f30c3000 	C:\WINDOWS\SYSTEM32\IPHLPAPI.DLL
0x00007ff9f6f30000 - 0x00007ff9f6f3a000 	C:\WINDOWS\System32\NSI.dll
0x00007ff9e8d50000 - 0x00007ff9e8d5b000 	C:\Windows\System32\rasadhlp.dll
0x00007ff9e9b70000 - 0x00007ff9e9bf6000 	C:\WINDOWS\System32\fwpuclnt.dll
0x00007ff9d4a20000 - 0x00007ff9d4a2a000 	C:\Program Files\Java\jdk-21.0.7\bin\management.dll
0x00007ff9d4a10000 - 0x00007ff9d4a1b000 	C:\Program Files\Java\jdk-21.0.7\bin\management_ext.dll
0x00007ff9f6460000 - 0x00007ff9f6468000 	C:\WINDOWS\System32\PSAPI.DLL
0x00007ff9f3fc0000 - 0x00007ff9f3fdb000 	C:\WINDOWS\SYSTEM32\CRYPTSP.dll
0x00007ff9f36a0000 - 0x00007ff9f36d9000 	C:\WINDOWS\system32\rsaenh.dll
0x00007ff9f3d90000 - 0x00007ff9f3dc2000 	C:\WINDOWS\SYSTEM32\USERENV.dll
0x00007ff9f47b0000 - 0x00007ff9f47da000 	C:\WINDOWS\SYSTEM32\bcrypt.dll
0x00007ff9f3fe0000 - 0x00007ff9f3fec000 	C:\WINDOWS\SYSTEM32\CRYPTBASE.dll
0x00007ff9d4010000 - 0x00007ff9d4028000 	C:\WINDOWS\system32\napinsp.dll
0x00007ff9d3ff0000 - 0x00007ff9d4002000 	C:\WINDOWS\System32\winrnr.dll
0x00007ff9d3fc0000 - 0x00007ff9d3fe2000 	C:\WINDOWS\system32\nlansp_c.dll
0x00007ff9ea360000 - 0x00007ff9ea376000 	C:\WINDOWS\system32\wshbth.dll
0x00007ff9db0b0000 - 0x00007ff9db106000 	C:\WINDOWS\SYSTEM32\pdh.dll
0x00007ff9eca90000 - 0x00007ff9ecaa2000 	C:\WINDOWS\System32\perfproc.dll
0x00007ff9cbcc0000 - 0x00007ff9cbcd1000 	C:\WINDOWS\System32\perfos.dll
0x00007ff9f1fa0000 - 0x00007ff9f1fb2000 	C:\WINDOWS\SYSTEM32\pfclient.dll

dbghelp: loaded successfully - version: 4.0.5 - missing functions: none
symbol engine: initialized successfully - sym options: 0x614 - pdb path: .;C:\Program Files\Java\jdk-21.0.7\bin;C:\WINDOWS\SYSTEM32;C:\WINDOWS\WinSxS\amd64_microsoft.windows.common-controls_6595b64144ccf1df_6.0.26100.8037_none_3e092faae333b53b;C:\Program Files\Java\jdk-21.0.7\bin\server

VM Arguments:
jvm_args: -XX:TieredStopAtLevel=1 -Dspring.output.ansi.enabled=always -Dcom.sun.management.jmxremote -Dspring.jmx.enabled=true -Dspring.liveBeansView.mbeanDomain -Dspring.application.admin.enabled=true -Dmanagement.endpoints.jmx.exposure.include=* -javaagent:C:\Program Files\JetBrains\IntelliJ IDEA 2024.3.5\lib\idea_rt.jar=59851 -Dfile.encoding=UTF-8 -Dsun.stdout.encoding=UTF-8 -Dsun.stderr.encoding=UTF-8 
java_command: iuh.fit.companyservice.CompanyServiceApplication
java_class_path (initial): C:\Program Files\Java\jdk-21.0.7;D:\KTTKPM\BTL\BE\backend\services\company-service\target\classes;C:\Users\ACER\.m2\repository\org\springframework\boot\spring-boot-starter-data-jpa\3.2.5\spring-boot-starter-data-jpa-3.2.5.jar;C:\Users\ACER\.m2\repository\org\springframework\boot\spring-boot-starter-aop\3.2.5\spring-boot-starter-aop-3.2.5.jar;C:\Users\ACER\.m2\repository\org\springframework\spring-aop\6.1.6\spring-aop-6.1.6.jar;C:\Users\ACER\.m2\repository\org\aspectj\aspectjweaver\1.9.22\aspectjweaver-1.9.22.jar;C:\Users\ACER\.m2\repository\org\springframework\boot\spring-boot-starter-jdbc\3.2.5\spring-boot-starter-jdbc-3.2.5.jar;C:\Users\ACER\.m2\repository\com\zaxxer\HikariCP\5.0.1\HikariCP-5.0.1.jar;C:\Users\ACER\.m2\repository\org\springframework\spring-jdbc\6.1.6\spring-jdbc-6.1.6.jar;C:\Users\ACER\.m2\repository\org\hibernate\orm\hibernate-core\6.4.4.Final\hibernate-core-6.4.4.Final.jar;C:\Users\ACER\.m2\repository\jakarta\persistence\jakarta.persistence-api\3.1.0\jakarta.persistence-api-3.1.0.jar;C:\Users\ACER\.m2\repository\jakarta\transaction\jakarta.transaction-api\2.0.1\jakarta.transaction-api-2.0.1.jar;C:\Users\ACER\.m2\repository\org\jboss\logging\jboss-logging\3.5.3.Final\jboss-logging-3.5.3.Final.jar;C:\Users\ACER\.m2\repository\org\hibernate\common\hibernate-commons-annotations\6.0.6.Final\hibernate-commons-annotations-6.0.6.Final.jar;C:\Users\ACER\.m2\repository\io\smallrye\jandex\3.1.2\jandex-3.1.2.jar;C:\Users\ACER\.m2\repository\com\fasterxml\classmate\1.6.0\classmate-1.6.0.jar;C:\Users\ACER\.m2\repository\net\bytebuddy\byte-buddy\1.14.13\byte-buddy-1.14.13.jar;C:\Users\ACER\.m2\repository\org\glassfish\jaxb\jaxb-runtime\4.0.5\jaxb-runtime-4.0.5.jar;C:\Users\ACER\.m2\repository\org\glassfish\jaxb\jaxb-core\4.0.5\jaxb-core-4.0.5.jar;C:\Users\ACER\.m2\repository\org\eclipse\angus\angus-activation\2.0.2\angus-activation-2.0.2.jar;C:\Users\ACER\.m2\repository\org\glassfish\jaxb\txw2\4.0.5\txw2-4.0.5.jar;C:\Users\ACER\.m2\repository\com\sun\istack\istack-commons-runtime\4.1.2\istack-commons-runtime-4.1.2.jar;C:\Users\ACER\.m2\repository\jakarta\inject\jakarta.inject-api\2.0.1\jakarta.inject-api-2.0.1.jar;C:\Users\ACER\.m2\repository\org\antlr\antlr4-runtime\4.13.0\antlr4-runtime-4.13.0.jar;C:\Users\ACER\.m2\repository\org\springframework\data\spring-data-jpa\3.2.5\spring-data-jpa-3.2.5.jar;C:\Users\ACER\.m2\repository\org\springframework\data\spring-data-commons\3.2.5\spring-data-commons-3.2.5.jar;C:\Users\ACER\.m2\repository\org\springframework\spring-orm\6.1.6\spring-orm-6.1.6.jar;C:\Users\ACER\.m2\repository\org\springframework\spring-context\6.1.6\spring-context-6.1.6.jar;C:\Users\ACER\.m2\repository\org\springframework\spring-tx\6.1.6\spring-tx-6.1.6.jar;C:\Users\ACER\.m2\repository\org\springframework\spring-beans\6.1.6\spring-beans-6.1.6.jar;C:\Users\ACER\.m2\repository\jakarta\annotation\jakarta.annotation-api\2.1.1\jakarta.annotation-api-2.1.1.jar;C:\Users\ACER\.m2\repository\org\slf4j\slf4j-api\2.0.13\slf4j-api-2.0.13.jar;C:\Users\ACER\.m2\repository\org\springframework\spring-aspects\6.1.6\spring-aspects-6.1.6.jar;C:\Users\ACER\.m2\repository\org\springframework\boot\spring-boot-starter-web\3.2.5\spring-boot-starter-web-3.2.5.jar;C:\Users\ACER\.m2\repository\org\springframework\boot\spring-boot-starter\3.2.5\spring-boot-starter-3.2.5.jar;C:\Users\ACER\.m2\repository\org\springframework\boot\spring-boot\3.2.5\spring-boot-3.2.5.jar;C:\Users\ACER\.m2\repository\org\springframework\boot\spring-boot-autoconfigure\3.2.5\spring-boot-autoconfigure-3.2.5.jar;C:\Users\ACER\.m2\repository\org\springframework\boot\spring-boot-starter-logging\3.2.5\spring-boot-starter-logging-3.2.5.jar;C:\Users\ACER\.m2\repository\ch\qos\logback\logback-classic\1.4.14\logback-classic-1.4.14.jar;C:\Users\ACER\.m2\repository\ch\qos\logback\logback-core\1.4.14\logback-core-1.4.14.jar;C:\Users\ACER\.m2\repository\org\apache\logging\log4j\log4j-to-slf4j\2.21.1\log4j-to-slf4j-2.21.1.jar;C:\Users\ACER\.m2\repository\org\apache\logging\log4j\log4j-api\2.21.1\log4j-api-2.21.1.jar;C:\Users\ACER\.m2\repository\org\slf4j\jul-to-slf4j\2.0.13\jul-to-slf4j-2.0.13.jar;C:\Users\ACER\.m2\repository\org\yaml\snakeyaml\2.2\snakeyaml-2.2.jar;C:\Users\ACER\.m2\repository\org\springframework\boot\spring-boot-starter-json\3.2.5\spring-boot-starter-json-3.2.5.jar;C:\Users\ACER\.m2\repository\com\fasterxml\jackson\core\jackson-databind\2.15.4\jackson-databind-2.15.4.jar;C:\Users\ACER\.m2\repository\com\fasterxml\jackson\datatype\jackson-datatype-jdk8\2.15.4\jackson-datatype-jdk8-2.15.4.jar;C:\Users\ACER\.m2\repository\com\fasterxml\jackson\datatype\jackson-datatype-jsr310\2.15.4\jackson-datatype-jsr310-2.15.4.jar;C:\Users\ACER\.m2\repository\com\fasterxml\jackson\module\jackson-module-parameter-names\2.15.4\jackson-module-parameter-names-2.15.4.jar;C:\Users\ACER\.m2\repository\org\springframework\boot\spring-boot-starter-tomcat\3.2.5\spring-boot-starter-tomcat-3.2.5.jar;C:\Users\ACER\.m2\repository\org\apache\tomcat\embed\tomcat-embed-core\10.1.20\tomcat-embed-core-10.1.20.jar;C:\Users\ACER\.m2\repository\org\apache\tomcat\embed\tomcat-embed-el\10.1.20\tomcat-embed-el-10.1.20.jar;C:\Users\ACER\.m2\repository\org\apache\tomcat\embed\tomcat-embed-websocket\10.1.20\tomcat-embed-websocket-10.1.20.jar;C:\Users\ACER\.m2\repository\org\springframework\spring-web\6.1.6\spring-web-6.1.6.jar;C:\Users\ACER\.m2\repository\io\micrometer\micrometer-observation\1.12.5\micrometer-observation-1.12.5.jar;C:\Users\ACER\.m2\repository\io\micrometer\micrometer-commons\1.12.5\micrometer-commons-1.12.5.jar;C:\Users\ACER\.m2\repository\org\springframework\spring-webmvc\6.1.6\spring-webmvc-6.1.6.jar;C:\Users\ACER\.m2\repository\org\springframework\spring-expression\6.1.6\spring-expression-6.1.6.jar;C:\Users\ACER\.m2\repository\org\mariadb\jdbc\mariadb-java-client\3.3.3\mariadb-java-client-3.3.3.jar;C:\Users\ACER\.m2\repository\com\github\waffle\waffle-jna\3.3.0\waffle-jna-3.3.0.jar;C:\Users\ACER\.m2\repository\net\java\dev\jna\jna\5.13.0\jna-5.13.0.jar;C:\Users\ACER\.m2\repository\net\java\dev\jna\jna-platform\5.13.0\jna-platform-5.13.0.jar;C:\Users\ACER\.m2\repository\org\slf4j\jcl-over-slf4j\2.0.13\jcl-over-slf4j-2.0.13.jar;C:\Users\ACER\.m2\repository\com\github\ben-manes\caffeine\caffeine\3.1.8\caffeine-3.1.8.jar;C:\Users\ACER\.m2\repository\com\google\errorprone\error_prone_annotations\2.21.1\error_prone_annotations-2.21.1.jar;C:\Users\ACER\.m2\repository\org\checkerframework\checker-qual\3.32.0\checker-qual-3.32.0.jar;C:\Users\ACER\.m2\repository\org\projectlombok\lombok\1.18.32\lombok-1.18.32.jar;C:\Users\ACER\.m2\repository\jakarta\xml\bind\jakarta.xml.bind-api\4.0.2\jakarta.xml.bind-api-4.0.2.jar;C:\Users\ACER\.m2\repository\jakarta\activation\jakarta.activation-api\2.1.3\jakarta.activation-api-2.1.3.jar;C:\Users\ACER\.m2\repository\org\springframework\spring-core\6.1.6\spring-core-6.1.6.jar;C:\Users\ACER\.m2\repository\org\springframework\spring-jcl\6.1.6\spring-jcl-6.1.6.jar;C:\Users\ACER\.m2\repository\org\springframework\cloud\spring-cloud-starter-netflix-eureka-client\4.1.1\spring-cloud-starter-netflix-eureka-client-4.1.1.jar;C:\Users\ACER\.m2\repository\org\springframework\cloud\spring-cloud-starter\4.1.2\spring-cloud-starter-4.1.2.jar;C:\Users\ACER\.m2\repository\org\springframework\cloud\spring-cloud-context\4.1.2\spring-cloud-context-4.1.2.jar;C:\Users\ACER\.m2\repository\org\springframework\security\spring-security-crypto\6.2.4\spring-security-crypto-6.2.4.jar;C:\Users\ACER\.m2\repository\org\springframework\cloud\spring-cloud-commons\4.1.2\spring-cloud-commons-4.1.2.jar;C:\Users\ACER\.m2\repository\org\springframework\security\spring-security-rsa\1.1.2\spring-security-rsa-1.1.2.jar;C:\Users\ACER\.m2\repository\org\bouncycastle\bcprov-jdk18on\1.77\bcprov-jdk18on-1.77.jar;C:\Users\ACER\.m2\repository\org\springframework\cloud\spring-cloud-netflix-eureka-client\4.1.1\spring-cloud-netflix-eureka-client-4.1.1.jar;C:\Users\ACER\.m2\repository\org\apache\httpcomponents\client5\httpclient5\5.2.3\httpclient5-5.2.3.jar;C:\Users\ACER\.m2\repository\org\apache\httpcomponents\core5\httpcore5\5.2.4\httpcore5-5.2.4.jar;C:\Users\ACER\.m2\repository\org\apache\httpcomponents\core5\httpcore5-h2\5.2.4\httpcore5-h2-5.2.4.jar;C:\Users\ACER\.m2\repository\com\netflix\eureka\eureka-client\2.0.2\eureka-client-2.0.2.jar;C:\Users\ACER\.m2\repository\com\netflix\netflix-commons\netflix-eventbus\0.3.0\netflix-eventbus-0.3.0.jar;C:\Users\ACER\.m2\repository\com\netflix\netflix-commons\netflix-infix\0.3.0\netflix-infix-0.3.0.jar;C:\Users\ACER\.m2\repository\commons-jxpath\commons-jxpath\1.3\commons-jxpath-1.3.jar;C:\Users\ACER\.m2\repository\joda-time\joda-time\2.3\joda-time-2.3.jar;C:\Users\ACER\.m2\repository\org\antlr\antlr-runtime\3.4\antlr-runtime-3.4.jar;C:\Users\ACER\.m2\repository\org\antlr\stringtemplate\3.2.1\stringtemplate-3.2.1.jar;C:\Users\ACER\.m2\repository\antlr\antlr\2.7.7\antlr-2.7.7.jar;C:\Users\ACER\.m2\repository\com\google\code\gson\gson\2.10.1\gson-2.10.1.jar;C:\Users\ACER\.m2\repository\org\apache\commons\commons-math\2.2\commons-math-2.2.jar;C:\Users\ACER\.m2\repository\com\thoughtworks\xstream\xstream\1.4.19\xstream-1.4.19.jar;C:\Users\ACER\.m2\repository\io\github\x-stream\mxparser\1.2.2\mxparser-1.2.2.jar;C:\Users\ACER\.m2\repository\xmlpull\xmlpull\1.1.3.1\xmlpull-1.1.3.1.jar;C:\Users\ACER\.m2\repository\jakarta\ws\rs\jakarta.ws.rs-api\3.1.0\jakarta.ws.rs-api-3.1.0.jar;C:\Users\ACER\.m2\repository\com\netflix\servo\servo-core\0.12.21\servo-core-0.12.21.jar;C:\Users\ACER\.m2\repository\com\google\guava\guava\19.0\guava-19.0.jar;C:\Users\ACER\.m2\repository\org\apache\httpcomponents\httpclient\4.5.3\httpclient-4.5.3.jar;C:\Users\ACER\.m2\repository\org\apache\httpcomponents\httpcore\4.4.16\httpcore-4.4.16.jar;C:\Users\ACER\.m2\repository\commons-codec\commons-codec\1.16.1\commons-codec-1.16.1.jar;C:\Users\ACER\.m2\repository\commons-configuration\commons-configuration\1.10\commons-configuration-1.10.jar;C:\Users\ACER\.m2\repository\commons-lang\commons-lang\2.6\commons-lang-2.6.jar;C:\Users\ACER\.m2\repository\com\fasterxml\jackson\core\jackson-annotations\2.15.4\jackson-annotations-2.15.4.jar;C:\Users\ACER\.m2\repository\com\fasterxml\jackson\core\jackson-core\2.15.4\jackson-core-2.15.4.jar;C:\Users\ACER\.m2\repository\org\codehaus\jettison\jettison\1.5.4\jettison-1.5.4.jar;C:\Users\ACER\.m2\repository\com\netflix\eureka\eureka-core\2.0.2\eureka-core-2.0.2.jar;C:\Users\ACER\.m2\repository\com\fasterxml\woodstox\woodstox-core\6.2.1\woodstox-core-6.2.1.jar;C:\Users\ACER\.m2\repository\org\codehaus\woodstox\stax2-api\4.2.1\stax2-api-4.2.1.jar;C:\Users\ACER\.m2\repository\org\springframework\cloud\spring-cloud-starter-loadbalancer\4.1.2\spring-cloud-starter-loadbalancer-4.1.2.jar;C:\Users\ACER\.m2\repository\org\springframework\cloud\spring-cloud-loadbalancer\4.1.2\spring-cloud-loadbalancer-4.1.2.jar;C:\Users\ACER\.m2\repository\io\projectreactor\reactor-core\3.6.5\reactor-core-3.6.5.jar;C:\Users\ACER\.m2\repository\org\reactivestreams\reactive-streams\1.0.4\reactive-streams-1.0.4.jar;C:\Users\ACER\.m2\repository\io\projectreactor\addons\reactor-extra\3.5.1\reactor-extra-3.5.1.jar;C:\Users\ACER\.m2\repository\org\springframework\boot\spring-boot-starter-cache\3.2.5\spring-boot-starter-cache-3.2.5.jar;C:\Users\ACER\.m2\repository\org\springframework\spring-context-support\6.1.6\spring-context-support-6.1.6.jar;C:\Users\ACER\.m2\repository\com\stoyanr\evictor\1.0.0\evictor-1.0.0.jar
Launcher Type: SUN_STANDARD

[Global flags]
     intx CICompilerCount                          = 4                                         {product} {ergonomic}
     uint ConcGCThreads                            = 3                                         {product} {ergonomic}
     uint G1ConcRefinementThreads                  = 10                                        {product} {ergonomic}
   size_t G1HeapRegionSize                         = 1048576                                   {product} {ergonomic}
    uintx GCDrainStackTargetSize                   = 64                                        {product} {ergonomic}
   size_t InitialHeapSize                          = 132120576                                 {product} {ergonomic}
     bool ManagementServer                         = true                                      {product} {command line}
   size_t MarkStackSize                            = 4194304                                   {product} {ergonomic}
   size_t MaxHeapSize                              = 2090860544                                {product} {ergonomic}
   size_t MaxNewSize                               = 1254096896                                {product} {ergonomic}
   size_t MinHeapDeltaBytes                        = 1048576                                   {product} {ergonomic}
   size_t MinHeapSize                              = 8388608                                   {product} {ergonomic}
    uintx NonNMethodCodeHeapSize                   = 4096                                   {pd product} {ergonomic}
    uintx NonProfiledCodeHeapSize                  = 0                                      {pd product} {ergonomic}
     bool ProfileInterpreter                       = false                                  {pd product} {command line}
    uintx ProfiledCodeHeapSize                     = 0                                      {pd product} {ergonomic}
   size_t SoftMaxHeapSize                          = 2090860544                             {manageable} {ergonomic}
     intx TieredStopAtLevel                        = 1                                         {product} {command line}
     bool UseCompressedOops                        = true                           {product lp64_product} {ergonomic}
     bool UseG1GC                                  = true                                      {product} {ergonomic}
     bool UseLargePagesIndividualAllocation        = false                                  {pd product} {ergonomic}

Logging:
Log output configuration:
 #0: stdout all=warning uptime,level,tags foldmultilines=false
 #1: stderr all=off uptime,level,tags foldmultilines=false

Environment Variables:
JAVA_HOME=C:\Program Files\Java\jdk-23
PATH=C:\Program Files\Common Files\Oracle\Java\javapath;C:\Windows\system32;C:\Windows;C:\Windows\System32\Wbem;C:\Windows\System32\WindowsPowerShell\v1.0\;C:\Windows\System32\OpenSSH\;C:\Program Files (x86)\Microsoft SQL Server\160\Tools\Binn\;C:\Program Files\Microsoft SQL Server\160\Tools\Binn\;C:\Program Files\Microsoft SQL Server\Client SDK\ODBC\170\Tools\Binn\;C:\Program Files\Microsoft SQL Server\160\DTS\Binn\;C:\Program Files (x86)\Microsoft SQL Server\160\DTS\Binn\;C:\Program Files\Java\jdk-23\bin;C:\WINDOWS\system32;C:\WINDOWS;C:\WINDOWS\System32\Wbem;C:\WINDOWS\System32\WindowsPowerShell\v1.0\;C:\WINDOWS\System32\OpenSSH\;C:\Program Files\Git\cmd;C:\Program Files\nodejs\;C:\gradle-8.12\bin;C:\apache-maven-3.9.9\bin;;C:\Program Files\dotnet\;C:\Program Files\Docker\Docker\resources\bin;C:\Users\ACER\anaconda3;C:\Users\ACER\anaconda3\Library\mingw-w64\bin;C:\Users\ACER\anaconda3\Library\usr\bin;C:\Users\ACER\anaconda3\Library\bin;C:\Users\ACER\anaconda3\Scripts;C:\Users\ACER\AppData\Local\Microsoft\WindowsApps;C:\Users\ACER\AppData\Local\Programs\Microsoft VS Code\bin;C:\Users\ACER\AppData\Roaming\npm;C:\Program Files\JetBrains\IntelliJ IDEA 2024.3.5\bin;;C:\Users\ACER\.dotnet\tools
USERNAME=ACER
OS=Windows_NT
PROCESSOR_IDENTIFIER=Intel64 Family 6 Model 141 Stepping 1, GenuineIntel
TMP=C:\Users\ACER\AppData\Local\Temp
TEMP=C:\Users\ACER\AppData\Local\Temp




Periodic native trim disabled

---------------  S Y S T E M  ---------------

OS:
 Windows 11 , 64 bit Build 26100 (10.0.26100.7920)
OS uptime: 1 days 8:35 hours
Hyper-V role detected

CPU: total 12 (initial active 12) (6 cores per cpu, 2 threads per core) family 6 model 141 stepping 1 microcode 0x3c, cx8, cmov, fxsr, ht, mmx, 3dnowpref, sse, sse2, sse3, ssse3, sse4.1, sse4.2, popcnt, lzcnt, tsc, tscinvbit, avx, avx2, aes, erms, clmul, bmi1, bmi2, adx, avx512f, avx512dq, avx512cd, avx512bw, avx512vl, sha, fma, vzeroupper, avx512_vpopcntdq, avx512_vpclmulqdq, avx512_vaes, avx512_vnni, clflush, clflushopt, clwb, avx512_vbmi2, avx512_vbmi, hv, rdtscp, rdpid, fsrm, gfni, avx512_bitalg, f16c, cet_ibt, cet_ss, avx512_ifma
Processor Information for all 12 processors :
  Max Mhz: 2688, Current Mhz: 2688, Mhz Limit: 2688

Memory: 4k page, system-wide physical 7971M (389M free)
TotalPageFile size 24339M (AvailPageFile size 1M)
current process WorkingSet (physical memory assigned to process): 123M, peak: 123M
current process commit charge ("private bytes"): 253M, peak: 253M

vm_info: Java HotSpot(TM) 64-Bit Server VM (21.0.7+8-LTS-245) for windows-amd64 JRE (21.0.7+8-LTS-245), built on 2025-02-21T05:11:27Z by "mach5one" with MS VC++ 17.6 (VS2022)

END.
