[INFO] Scanning for projects...
[WARNING] 
[WARNING] Some problems were encountered while building the effective model for iuh.fit:api-gateway:jar:1.0-SNAPSHOT
[WARNING] 'dependencies.dependency.(groupId:artifactId:type:classifier)' must be unique: org.testng:testng:jar -> duplicate declaration of version 7.12.0 @ line 79, column 21
[WARNING] 
[WARNING] It is highly recommended to fix these problems because they threaten the stability of your build.
[WARNING] 
[WARNING] For this reason, future Maven versions might no longer support building such malformed projects.
[WARNING] 
[INFO] 
[INFO] ------------------------< iuh.fit:api-gateway >-------------------------
[INFO] Building api-gateway 1.0-SNAPSHOT
[INFO] --------------------------------[ jar ]---------------------------------
[INFO] 
[INFO] >>> spring-boot-maven-plugin:3.2.5:run (default-cli) > test-compile @ api-gateway >>>
[INFO] 
[INFO] --- maven-resources-plugin:3.3.1:resources (default-resources) @ api-gateway ---
[INFO] Copying 1 resource from src\main\resources to target\classes
[INFO] Copying 0 resource from src\main\resources to target\classes
[INFO] 
[INFO] --- maven-compiler-plugin:3.11.0:compile (default-compile) @ api-gateway ---
[INFO] Nothing to compile - all classes are up to date
[INFO] 
[INFO] --- maven-resources-plugin:3.3.1:testResources (default-testResources) @ api-gateway ---
[INFO] skip non existing resourceDirectory D:\KTTKPM_BTL\career-connect-backend\backend\infrastructure\api-gateway\src\test\resources
[INFO] 
[INFO] --- maven-compiler-plugin:3.11.0:testCompile (default-testCompile) @ api-gateway ---
[INFO] No sources to compile
[INFO] 
[INFO] <<< spring-boot-maven-plugin:3.2.5:run (default-cli) < test-compile @ api-gateway <<<
[INFO] 
[INFO] 
[INFO] --- spring-boot-maven-plugin:3.2.5:run (default-cli) @ api-gateway ---
[INFO] Attaching agents: []

  .   ____          _            __ _ _
 /\\ / ___'_ __ _ _(_)_ __  __ _ \ \ \ \
( ( )\___ | '_ | '_| | '_ \/ _` | \ \ \ \
 \\/  ___)| |_)| | | | | || (_| |  ) ) ) )
  '  |____| .__|_| |_|_| |_\__, | / / / /
 =========|_|==============|___/=/_/_/_/
 :: Spring Boot ::                (v3.2.5)

2026-04-24T00:42:12.716+07:00  INFO 22512 --- [api-gateway] [           main] i.fit.apigateway.ApiGatewayApplication   : Starting ApiGatewayApplication using Java 21.0.9 with PID 22512 (D:\KTTKPM_BTL\career-connect-backend\backend\infrastructure\api-gateway\target\classes started by Hoang in D:\KTTKPM_BTL\career-connect-backend\backend\infrastructure\api-gateway)
2026-04-24T00:42:12.733+07:00  INFO 22512 --- [api-gateway] [           main] i.fit.apigateway.ApiGatewayApplication   : No active profile set, falling back to 1 default profile: "default"
2026-04-24T00:42:15.421+07:00 TRACE 22512 --- [api-gateway] [           main] o.s.c.g.c.c.OnEnabledGlobalFilter        : Condition OnEnabledGlobalFilter on org.springframework.cloud.gateway.config.GatewayReactiveLoadBalancerClientAutoConfiguration#gatewayLoadBalancerClientFilter matched
2026-04-24T00:42:15.458+07:00 TRACE 22512 --- [api-gateway] [           main] o.s.c.g.c.c.OnEnabledGlobalFilter        : Condition OnEnabledGlobalFilter on org.springframework.cloud.gateway.config.GatewayReactiveLoadBalancerClientAutoConfiguration#loadBalancerServiceInstanceCookieFilter matched
2026-04-24T00:42:15.509+07:00 TRACE 22512 --- [api-gateway] [           main] o.s.c.g.c.c.OnEnabledGlobalFilter        : Condition OnEnabledGlobalFilter on org.springframework.cloud.gateway.config.GatewayAutoConfiguration$NettyConfiguration#routingFilter matched
2026-04-24T00:42:15.511+07:00 TRACE 22512 --- [api-gateway] [           main] o.s.c.g.c.c.OnEnabledGlobalFilter        : Condition OnEnabledGlobalFilter on org.springframework.cloud.gateway.config.GatewayAutoConfiguration$NettyConfiguration#nettyWriteResponseFilter matched
2026-04-24T00:42:15.513+07:00 TRACE 22512 --- [api-gateway] [           main] o.s.c.g.c.c.OnEnabledGlobalFilter        : Condition OnEnabledGlobalFilter on org.springframework.cloud.gateway.config.GatewayAutoConfiguration$NettyConfiguration#reactorNettyWebSocketClient matched
2026-04-24T00:42:15.514+07:00 TRACE 22512 --- [api-gateway] [           main] o.s.c.g.c.c.OnEnabledGlobalFilter        : Condition OnEnabledGlobalFilter on org.springframework.cloud.gateway.config.GatewayAutoConfiguration$NettyConfiguration#reactorNettyRequestUpgradeStrategy matched
2026-04-24T00:42:15.653+07:00 TRACE 22512 --- [api-gateway] [           main] o.s.c.g.c.c.OnEnabledGlobalFilter        : Condition OnEnabledGlobalFilter on org.springframework.cloud.gateway.config.GatewayAutoConfiguration#adaptCachedBodyGlobalFilter matched
2026-04-24T00:42:15.660+07:00 TRACE 22512 --- [api-gateway] [           main] o.s.c.g.c.c.OnEnabledGlobalFilter        : Condition OnEnabledGlobalFilter on org.springframework.cloud.gateway.config.GatewayAutoConfiguration#removeCachedBodyFilter matched
2026-04-24T00:42:15.665+07:00 TRACE 22512 --- [api-gateway] [           main] o.s.c.g.c.c.OnEnabledGlobalFilter        : Condition OnEnabledGlobalFilter on org.springframework.cloud.gateway.config.GatewayAutoConfiguration#routeToRequestUrlFilter matched
2026-04-24T00:42:15.665+07:00 TRACE 22512 --- [api-gateway] [           main] o.s.c.g.c.c.OnEnabledGlobalFilter        : Condition OnEnabledGlobalFilter on org.springframework.cloud.gateway.config.GatewayAutoConfiguration#forwardRoutingFilter matched
2026-04-24T00:42:15.667+07:00 TRACE 22512 --- [api-gateway] [           main] o.s.c.g.c.c.OnEnabledGlobalFilter        : Condition OnEnabledGlobalFilter on org.springframework.cloud.gateway.config.GatewayAutoConfiguration#forwardPathFilter matched
2026-04-24T00:42:15.668+07:00 TRACE 22512 --- [api-gateway] [           main] o.s.c.g.c.c.OnEnabledGlobalFilter        : Condition OnEnabledGlobalFilter on org.springframework.cloud.gateway.config.GatewayAutoConfiguration#webSocketService matched
2026-04-24T00:42:15.668+07:00 TRACE 22512 --- [api-gateway] [           main] o.s.c.g.c.c.OnEnabledGlobalFilter        : Condition OnEnabledGlobalFilter on org.springframework.cloud.gateway.config.GatewayAutoConfiguration#websocketRoutingFilter matched
2026-04-24T00:42:15.671+07:00 TRACE 22512 --- [api-gateway] [           main] o.s.c.g.c.c.OnEnabledPredicate           : Condition OnEnabledPredicate on org.springframework.cloud.gateway.config.GatewayAutoConfiguration#weightCalculatorWebFilter matched
2026-04-24T00:42:15.671+07:00 TRACE 22512 --- [api-gateway] [           main] o.s.c.g.c.c.OnEnabledPredicate           : Condition OnEnabledPredicate on org.springframework.cloud.gateway.config.GatewayAutoConfiguration#afterRoutePredicateFactory matched
2026-04-24T00:42:15.673+07:00 TRACE 22512 --- [api-gateway] [           main] o.s.c.g.c.c.OnEnabledPredicate           : Condition OnEnabledPredicate on org.springframework.cloud.gateway.config.GatewayAutoConfiguration#beforeRoutePredicateFactory matched
2026-04-24T00:42:15.674+07:00 TRACE 22512 --- [api-gateway] [           main] o.s.c.g.c.c.OnEnabledPredicate           : Condition OnEnabledPredicate on org.springframework.cloud.gateway.config.GatewayAutoConfiguration#betweenRoutePredicateFactory matched
2026-04-24T00:42:15.676+07:00 TRACE 22512 --- [api-gateway] [           main] o.s.c.g.c.c.OnEnabledPredicate           : Condition OnEnabledPredicate on org.springframework.cloud.gateway.config.GatewayAutoConfiguration#cookieRoutePredicateFactory matched
2026-04-24T00:42:15.679+07:00 TRACE 22512 --- [api-gateway] [           main] o.s.c.g.c.c.OnEnabledPredicate           : Condition OnEnabledPredicate on org.springframework.cloud.gateway.config.GatewayAutoConfiguration#headerRoutePredicateFactory matched
2026-04-24T00:42:15.684+07:00 TRACE 22512 --- [api-gateway] [           main] o.s.c.g.c.c.OnEnabledPredicate           : Condition OnEnabledPredicate on org.springframework.cloud.gateway.config.GatewayAutoConfiguration#hostRoutePredicateFactory matched
2026-04-24T00:42:15.689+07:00 TRACE 22512 --- [api-gateway] [           main] o.s.c.g.c.c.OnEnabledPredicate           : Condition OnEnabledPredicate on org.springframework.cloud.gateway.config.GatewayAutoConfiguration#methodRoutePredicateFactory matched
2026-04-24T00:42:15.691+07:00 TRACE 22512 --- [api-gateway] [           main] o.s.c.g.c.c.OnEnabledPredicate           : Condition OnEnabledPredicate on org.springframework.cloud.gateway.config.GatewayAutoConfiguration#pathRoutePredicateFactory matched
2026-04-24T00:42:15.693+07:00 TRACE 22512 --- [api-gateway] [           main] o.s.c.g.c.c.OnEnabledPredicate           : Condition OnEnabledPredicate on org.springframework.cloud.gateway.config.GatewayAutoConfiguration#queryRoutePredicateFactory matched
2026-04-24T00:42:15.695+07:00 TRACE 22512 --- [api-gateway] [           main] o.s.c.g.c.c.OnEnabledPredicate           : Condition OnEnabledPredicate on org.springframework.cloud.gateway.config.GatewayAutoConfiguration#readBodyPredicateFactory matched
2026-04-24T00:42:15.695+07:00 TRACE 22512 --- [api-gateway] [           main] o.s.c.g.c.c.OnEnabledPredicate           : Condition OnEnabledPredicate on org.springframework.cloud.gateway.config.GatewayAutoConfiguration#remoteAddrRoutePredicateFactory matched
2026-04-24T00:42:15.697+07:00 TRACE 22512 --- [api-gateway] [           main] o.s.c.g.c.c.OnEnabledPredicate           : Condition OnEnabledPredicate on org.springframework.cloud.gateway.config.GatewayAutoConfiguration#xForwardedRemoteAddrRoutePredicateFactory matched
2026-04-24T00:42:15.697+07:00 TRACE 22512 --- [api-gateway] [           main] o.s.c.g.c.c.OnEnabledPredicate           : Condition OnEnabledPredicate on org.springframework.cloud.gateway.config.GatewayAutoConfiguration#weightRoutePredicateFactory matched
2026-04-24T00:42:15.700+07:00 TRACE 22512 --- [api-gateway] [           main] o.s.c.g.c.c.OnEnabledPredicate           : Condition OnEnabledPredicate on org.springframework.cloud.gateway.config.GatewayAutoConfiguration#cloudFoundryRouteServiceRoutePredicateFactory matched
2026-04-24T00:42:15.703+07:00 TRACE 22512 --- [api-gateway] [           main] o.s.c.g.c.conditional.OnEnabledFilter    : Condition OnEnabledFilter on org.springframework.cloud.gateway.config.GatewayAutoConfiguration#addRequestHeaderGatewayFilterFactory matched
2026-04-24T00:42:15.705+07:00 TRACE 22512 --- [api-gateway] [           main] o.s.c.g.c.conditional.OnEnabledFilter    : Condition OnEnabledFilter on org.springframework.cloud.gateway.config.GatewayAutoConfiguration#addRequestHeadersIfNotPresentGatewayFilterFactory matched
2026-04-24T00:42:15.707+07:00 TRACE 22512 --- [api-gateway] [           main] o.s.c.g.c.conditional.OnEnabledFilter    : Condition OnEnabledFilter on org.springframework.cloud.gateway.config.GatewayAutoConfiguration#mapRequestHeaderGatewayFilterFactory matched
2026-04-24T00:42:15.707+07:00 TRACE 22512 --- [api-gateway] [           main] o.s.c.g.c.conditional.OnEnabledFilter    : Condition OnEnabledFilter on org.springframework.cloud.gateway.config.GatewayAutoConfiguration#addRequestParameterGatewayFilterFactory matched
2026-04-24T00:42:15.709+07:00 TRACE 22512 --- [api-gateway] [           main] o.s.c.g.c.conditional.OnEnabledFilter    : Condition OnEnabledFilter on org.springframework.cloud.gateway.config.GatewayAutoConfiguration#addResponseHeaderGatewayFilterFactory matched
2026-04-24T00:42:15.711+07:00 TRACE 22512 --- [api-gateway] [           main] o.s.c.g.c.conditional.OnEnabledFilter    : Condition OnEnabledFilter on org.springframework.cloud.gateway.config.GatewayAutoConfiguration#modifyRequestBodyGatewayFilterFactory matched
2026-04-24T00:42:15.711+07:00 TRACE 22512 --- [api-gateway] [           main] o.s.c.g.c.conditional.OnEnabledFilter    : Condition OnEnabledFilter on org.springframework.cloud.gateway.config.GatewayAutoConfiguration#dedupeResponseHeaderGatewayFilterFactory matched
2026-04-24T00:42:15.711+07:00 TRACE 22512 --- [api-gateway] [           main] o.s.c.g.c.conditional.OnEnabledFilter    : Condition OnEnabledFilter on org.springframework.cloud.gateway.config.GatewayAutoConfiguration#modifyResponseBodyGatewayFilterFactory matched
2026-04-24T00:42:15.713+07:00 TRACE 22512 --- [api-gateway] [           main] o.s.c.g.c.conditional.OnEnabledFilter    : Condition OnEnabledFilter on org.springframework.cloud.gateway.config.GatewayAutoConfiguration#cacheRequestBodyGatewayFilterFactory matched
2026-04-24T00:42:15.714+07:00 TRACE 22512 --- [api-gateway] [           main] o.s.c.g.c.conditional.OnEnabledFilter    : Condition OnEnabledFilter on org.springframework.cloud.gateway.config.GatewayAutoConfiguration#prefixPathGatewayFilterFactory matched
2026-04-24T00:42:15.715+07:00 TRACE 22512 --- [api-gateway] [           main] o.s.c.g.c.conditional.OnEnabledFilter    : Condition OnEnabledFilter on org.springframework.cloud.gateway.config.GatewayAutoConfiguration#preserveHostHeaderGatewayFilterFactory matched
2026-04-24T00:42:15.715+07:00 TRACE 22512 --- [api-gateway] [           main] o.s.c.g.c.conditional.OnEnabledFilter    : Condition OnEnabledFilter on org.springframework.cloud.gateway.config.GatewayAutoConfiguration#redirectToGatewayFilterFactory matched
2026-04-24T00:42:15.715+07:00 TRACE 22512 --- [api-gateway] [           main] o.s.c.g.c.conditional.OnEnabledFilter    : Condition OnEnabledFilter on org.springframework.cloud.gateway.config.GatewayAutoConfiguration#removeJsonAttributesResponseBodyGatewayFilterFactory matched
2026-04-24T00:42:15.717+07:00 TRACE 22512 --- [api-gateway] [           main] o.s.c.g.c.conditional.OnEnabledFilter    : Condition OnEnabledFilter on org.springframework.cloud.gateway.config.GatewayAutoConfiguration#removeRequestHeaderGatewayFilterFactory matched
2026-04-24T00:42:15.720+07:00 TRACE 22512 --- [api-gateway] [           main] o.s.c.g.c.conditional.OnEnabledFilter    : Condition OnEnabledFilter on org.springframework.cloud.gateway.config.GatewayAutoConfiguration#removeRequestParameterGatewayFilterFactory matched
2026-04-24T00:42:15.720+07:00 TRACE 22512 --- [api-gateway] [           main] o.s.c.g.c.conditional.OnEnabledFilter    : Condition OnEnabledFilter on org.springframework.cloud.gateway.config.GatewayAutoConfiguration#removeResponseHeaderGatewayFilterFactory matched
2026-04-24T00:42:15.799+07:00 TRACE 22512 --- [api-gateway] [           main] o.s.c.g.c.conditional.OnEnabledFilter    : Condition OnEnabledFilter on org.springframework.cloud.gateway.config.GatewayAutoConfiguration#rewritePathGatewayFilterFactory matched
2026-04-24T00:42:15.807+07:00 TRACE 22512 --- [api-gateway] [           main] o.s.c.g.c.conditional.OnEnabledFilter    : Condition OnEnabledFilter on org.springframework.cloud.gateway.config.GatewayAutoConfiguration#retryGatewayFilterFactory matched
2026-04-24T00:42:15.807+07:00 TRACE 22512 --- [api-gateway] [           main] o.s.c.g.c.conditional.OnEnabledFilter    : Condition OnEnabledFilter on org.springframework.cloud.gateway.config.GatewayAutoConfiguration#setPathGatewayFilterFactory matched
2026-04-24T00:42:15.809+07:00 TRACE 22512 --- [api-gateway] [           main] o.s.c.g.c.conditional.OnEnabledFilter    : Condition OnEnabledFilter on org.springframework.cloud.gateway.config.GatewayAutoConfiguration#secureHeadersGatewayFilterFactory matched
2026-04-24T00:42:15.809+07:00 TRACE 22512 --- [api-gateway] [           main] o.s.c.g.c.conditional.OnEnabledFilter    : Condition OnEnabledFilter on org.springframework.cloud.gateway.config.GatewayAutoConfiguration#setRequestHeaderGatewayFilterFactory matched
2026-04-24T00:42:15.811+07:00 TRACE 22512 --- [api-gateway] [           main] o.s.c.g.c.conditional.OnEnabledFilter    : Condition OnEnabledFilter on org.springframework.cloud.gateway.config.GatewayAutoConfiguration#setRequestHostHeaderGatewayFilterFactory matched
2026-04-24T00:42:15.811+07:00 TRACE 22512 --- [api-gateway] [           main] o.s.c.g.c.conditional.OnEnabledFilter    : Condition OnEnabledFilter on org.springframework.cloud.gateway.config.GatewayAutoConfiguration#setResponseHeaderGatewayFilterFactory matched
2026-04-24T00:42:15.813+07:00 TRACE 22512 --- [api-gateway] [           main] o.s.c.g.c.conditional.OnEnabledFilter    : Condition OnEnabledFilter on org.springframework.cloud.gateway.config.GatewayAutoConfiguration#rewriteResponseHeaderGatewayFilterFactory matched
2026-04-24T00:42:15.814+07:00 TRACE 22512 --- [api-gateway] [           main] o.s.c.g.c.conditional.OnEnabledFilter    : Condition OnEnabledFilter on org.springframework.cloud.gateway.config.GatewayAutoConfiguration#rewriteLocationResponseHeaderGatewayFilterFactory matched
2026-04-24T00:42:15.814+07:00 TRACE 22512 --- [api-gateway] [           main] o.s.c.g.c.conditional.OnEnabledFilter    : Condition OnEnabledFilter on org.springframework.cloud.gateway.config.GatewayAutoConfiguration#setStatusGatewayFilterFactory matched
2026-04-24T00:42:15.816+07:00 TRACE 22512 --- [api-gateway] [           main] o.s.c.g.c.conditional.OnEnabledFilter    : Condition OnEnabledFilter on org.springframework.cloud.gateway.config.GatewayAutoConfiguration#saveSessionGatewayFilterFactory matched
2026-04-24T00:42:15.816+07:00 TRACE 22512 --- [api-gateway] [           main] o.s.c.g.c.conditional.OnEnabledFilter    : Condition OnEnabledFilter on org.springframework.cloud.gateway.config.GatewayAutoConfiguration#stripPrefixGatewayFilterFactory matched
2026-04-24T00:42:15.820+07:00 TRACE 22512 --- [api-gateway] [           main] o.s.c.g.c.conditional.OnEnabledFilter    : Condition OnEnabledFilter on org.springframework.cloud.gateway.config.GatewayAutoConfiguration#requestHeaderToRequestUriGatewayFilterFactory matched
2026-04-24T00:42:15.829+07:00 TRACE 22512 --- [api-gateway] [           main] o.s.c.g.c.conditional.OnEnabledFilter    : Condition OnEnabledFilter on org.springframework.cloud.gateway.config.GatewayAutoConfiguration#requestSizeGatewayFilterFactory matched
2026-04-24T00:42:15.831+07:00 TRACE 22512 --- [api-gateway] [           main] o.s.c.g.c.conditional.OnEnabledFilter    : Condition OnEnabledFilter on org.springframework.cloud.gateway.config.GatewayAutoConfiguration#requestHeaderSizeGatewayFilterFactory matched
2026-04-24T00:42:15.839+07:00 TRACE 22512 --- [api-gateway] [           main] o.s.c.g.c.conditional.OnEnabledFilter    : Condition OnEnabledFilter on org.springframework.cloud.gateway.config.GatewayAutoConfiguration#rewriteRequestParameterGatewayFilterFactory matched
2026-04-24T00:42:17.606+07:00  INFO 22512 --- [api-gateway] [           main] o.s.cloud.context.scope.GenericScope     : BeanFactory id=6aa3fdbd-476f-3e87-af13-5acfc15ff11c
2026-04-24T00:42:18.048+07:00  WARN 22512 --- [api-gateway] [           main] trationDelegate$BeanPostProcessorChecker : Bean 'org.springframework.cloud.client.loadbalancer.LoadBalancerAutoConfiguration$DeferringLoadBalancerInterceptorConfig' of type [org.springframework.cloud.client.loadbalancer.LoadBalancerAutoConfiguration$DeferringLoadBalancerInterceptorConfig] is not eligible for getting processed by all BeanPostProcessors (for example: not eligible for auto-proxying). The currently created BeanPostProcessor [lbRestClientPostProcessor] is declared through a non-static factory method on that class; consider declaring it as static instead.
2026-04-24T00:42:18.056+07:00  WARN 22512 --- [api-gateway] [           main] trationDelegate$BeanPostProcessorChecker : Bean 'deferringLoadBalancerInterceptor' of type [org.springframework.cloud.client.loadbalancer.DeferringLoadBalancerInterceptor] is not eligible for getting processed by all BeanPostProcessors (for example: not eligible for auto-proxying). Is this bean getting eagerly injected into a currently created BeanPostProcessor [lbRestClientPostProcessor]? Check the corresponding BeanPostProcessor declaration and its dependencies.
2026-04-24T00:42:18.059+07:00  WARN 22512 --- [api-gateway] [           main] trationDelegate$BeanPostProcessorChecker : Bean 'org.springframework.cloud.client.loadbalancer.reactive.LoadBalancerBeanPostProcessorAutoConfiguration' of type [org.springframework.cloud.client.loadbalancer.reactive.LoadBalancerBeanPostProcessorAutoConfiguration] is not eligible for getting processed by all BeanPostProcessors (for example: not eligible for auto-proxying). The currently created BeanPostProcessor [loadBalancerWebClientBuilderBeanPostProcessor] is declared through a non-static factory method on that class; consider declaring it as static instead.
2026-04-24T00:42:18.061+07:00  WARN 22512 --- [api-gateway] [           main] trationDelegate$BeanPostProcessorChecker : Bean 'org.springframework.cloud.client.loadbalancer.reactive.LoadBalancerBeanPostProcessorAutoConfiguration$ReactorDeferringLoadBalancerFilterConfig' of type [org.springframework.cloud.client.loadbalancer.reactive.LoadBalancerBeanPostProcessorAutoConfiguration$ReactorDeferringLoadBalancerFilterConfig] is not eligible for getting processed by all BeanPostProcessors (for example: not eligible for auto-proxying). Is this bean getting eagerly injected into a currently created BeanPostProcessor [loadBalancerWebClientBuilderBeanPostProcessor]? Check the corresponding BeanPostProcessor declaration and its dependencies.
2026-04-24T00:42:18.065+07:00  WARN 22512 --- [api-gateway] [           main] trationDelegate$BeanPostProcessorChecker : Bean 'reactorDeferringLoadBalancerExchangeFilterFunction' of type [org.springframework.cloud.client.loadbalancer.reactive.DeferringLoadBalancerExchangeFilterFunction] is not eligible for getting processed by all BeanPostProcessors (for example: not eligible for auto-proxying). Is this bean getting eagerly injected into a currently created BeanPostProcessor [loadBalancerWebClientBuilderBeanPostProcessor]? Check the corresponding BeanPostProcessor declaration and its dependencies.
2026-04-24T00:42:23.920+07:00 DEBUG 22512 --- [api-gateway] [           main] o.s.c.gateway.config.GatewayProperties   : Routes supplied from Gateway Properties: [RouteDefinition{id='job-service', predicates=[PredicateDefinition{name='Path', args={_genkey_0=/api/v1/job/**}}], filters=[], uri=lb://job-service, order=0, metadata={}}, RouteDefinition{id='user-service', predicates=[PredicateDefinition{name='Path', args={_genkey_0=/api/v1/user/**}}], filters=[], uri=lb://user-service, order=0, metadata={}}, RouteDefinition{id='application-service', predicates=[PredicateDefinition{name='Path', args={_genkey_0=/api/v1/apply/**}}], filters=[], uri=lb://application-service, order=0, metadata={}}, RouteDefinition{id='company-service', predicates=[PredicateDefinition{name='Path', args={_genkey_0=/api/v1/company/**}}], filters=[], uri=lb://company-service, order=0, metadata={}}, RouteDefinition{id='notification-service', predicates=[PredicateDefinition{name='Path', args={_genkey_0=/api/v1/notifications/**}}], filters=[], uri=lb://notification-service, order=0, metadata={}}, RouteDefinition{id='payment-service', predicates=[PredicateDefinition{name='Path', args={_genkey_0=/api/v1/package/**}}], filters=[], uri=lb://payment-service, order=0, metadata={}}, RouteDefinition{id='cv-service', predicates=[PredicateDefinition{name='Path', args={_genkey_0=/api/v1/cvs/**}}], filters=[], uri=lb://cv-service, order=0, metadata={}}]
2026-04-24T00:42:24.353+07:00  INFO 22512 --- [api-gateway] [           main] o.s.c.g.r.RouteDefinitionRouteLocator    : Loaded RoutePredicateFactory [After]
2026-04-24T00:42:24.361+07:00  INFO 22512 --- [api-gateway] [           main] o.s.c.g.r.RouteDefinitionRouteLocator    : Loaded RoutePredicateFactory [Before]
2026-04-24T00:42:24.364+07:00  INFO 22512 --- [api-gateway] [           main] o.s.c.g.r.RouteDefinitionRouteLocator    : Loaded RoutePredicateFactory [Between]
2026-04-24T00:42:24.367+07:00  INFO 22512 --- [api-gateway] [           main] o.s.c.g.r.RouteDefinitionRouteLocator    : Loaded RoutePredicateFactory [Cookie]
2026-04-24T00:42:24.368+07:00  INFO 22512 --- [api-gateway] [           main] o.s.c.g.r.RouteDefinitionRouteLocator    : Loaded RoutePredicateFactory [Header]
2026-04-24T00:42:24.368+07:00  INFO 22512 --- [api-gateway] [           main] o.s.c.g.r.RouteDefinitionRouteLocator    : Loaded RoutePredicateFactory [Host]
2026-04-24T00:42:24.370+07:00  INFO 22512 --- [api-gateway] [           main] o.s.c.g.r.RouteDefinitionRouteLocator    : Loaded RoutePredicateFactory [Method]
2026-04-24T00:42:24.372+07:00  INFO 22512 --- [api-gateway] [           main] o.s.c.g.r.RouteDefinitionRouteLocator    : Loaded RoutePredicateFactory [Path]
2026-04-24T00:42:24.373+07:00  INFO 22512 --- [api-gateway] [           main] o.s.c.g.r.RouteDefinitionRouteLocator    : Loaded RoutePredicateFactory [Query]
2026-04-24T00:42:24.376+07:00  INFO 22512 --- [api-gateway] [           main] o.s.c.g.r.RouteDefinitionRouteLocator    : Loaded RoutePredicateFactory [ReadBody]
2026-04-24T00:42:24.376+07:00  INFO 22512 --- [api-gateway] [           main] o.s.c.g.r.RouteDefinitionRouteLocator    : Loaded RoutePredicateFactory [RemoteAddr]
2026-04-24T00:42:24.376+07:00  INFO 22512 --- [api-gateway] [           main] o.s.c.g.r.RouteDefinitionRouteLocator    : Loaded RoutePredicateFactory [XForwardedRemoteAddr]
2026-04-24T00:42:24.378+07:00  INFO 22512 --- [api-gateway] [           main] o.s.c.g.r.RouteDefinitionRouteLocator    : Loaded RoutePredicateFactory [Weight]
2026-04-24T00:42:24.379+07:00  INFO 22512 --- [api-gateway] [           main] o.s.c.g.r.RouteDefinitionRouteLocator    : Loaded RoutePredicateFactory [CloudFoundryRouteService]
2026-04-24T00:42:25.962+07:00  INFO 22512 --- [api-gateway] [           main] DiscoveryClientOptionalArgsConfiguration : Eureka HTTP Client uses RestTemplate.
2026-04-24T00:42:26.110+07:00  WARN 22512 --- [api-gateway] [           main] iguration$LoadBalancerCaffeineWarnLogger : Spring Cloud LoadBalancer is currently working with the default cache. While this cache implementation is useful for development and tests, it's recommended to use Caffeine cache in production.You can switch to using Caffeine cache, by adding it and org.springframework.cache.caffeine.CaffeineCacheManager to the classpath.
2026-04-24T00:42:26.304+07:00  INFO 22512 --- [api-gateway] [           main] o.s.c.n.eureka.InstanceInfoFactory       : Setting initial instance status as: STARTING
2026-04-24T00:42:26.731+07:00  INFO 22512 --- [api-gateway] [           main] com.netflix.discovery.DiscoveryClient    : Initializing Eureka in region us-east-1
2026-04-24T00:42:26.755+07:00  INFO 22512 --- [api-gateway] [           main] c.n.d.s.r.aws.ConfigClusterResolver      : Resolving eureka endpoints via configuration
2026-04-24T00:42:26.833+07:00  INFO 22512 --- [api-gateway] [           main] com.netflix.discovery.DiscoveryClient    : Disable delta property : false
2026-04-24T00:42:26.840+07:00  INFO 22512 --- [api-gateway] [           main] com.netflix.discovery.DiscoveryClient    : Single vip registry refresh property : null
2026-04-24T00:42:26.841+07:00  INFO 22512 --- [api-gateway] [           main] com.netflix.discovery.DiscoveryClient    : Force full registry fetch : false
2026-04-24T00:42:26.841+07:00  INFO 22512 --- [api-gateway] [           main] com.netflix.discovery.DiscoveryClient    : Application is null : false
2026-04-24T00:42:26.841+07:00  INFO 22512 --- [api-gateway] [           main] com.netflix.discovery.DiscoveryClient    : Registered Applications size is zero : true
2026-04-24T00:42:26.843+07:00  INFO 22512 --- [api-gateway] [           main] com.netflix.discovery.DiscoveryClient    : Application version is -1: true
2026-04-24T00:42:26.843+07:00  INFO 22512 --- [api-gateway] [           main] com.netflix.discovery.DiscoveryClient    : Getting all instance registry info from the eureka server
2026-04-24T00:42:29.635+07:00  INFO 22512 --- [api-gateway] [           main] c.n.d.s.t.d.RedirectingEurekaHttpClient  : Request execution error. endpoint=DefaultEndpoint{ serviceUrl='http://localhost:8761/eureka/}, exception=I/O error on GET request for "http://localhost:8761/eureka/apps/": Connect to http://localhost:8761 [localhost/127.0.0.1, localhost/0:0:0:0:0:0:0:1] failed: Connection refused: getsockopt stacktrace=org.springframework.web.client.ResourceAccessException: I/O error on GET request for "http://localhost:8761/eureka/apps/": Connect to http://localhost:8761 [localhost/127.0.0.1, localhost/0:0:0:0:0:0:0:1] failed: Connection refused: getsockopt
	at org.springframework.web.client.RestTemplate.createResourceAccessException(RestTemplate.java:915)
	at org.springframework.web.client.RestTemplate.doExecute(RestTemplate.java:895)
	at org.springframework.web.client.RestTemplate.execute(RestTemplate.java:790)
	at org.springframework.web.client.RestTemplate.exchange(RestTemplate.java:672)
	at org.springframework.cloud.netflix.eureka.http.RestTemplateEurekaHttpClient.getApplicationsInternal(RestTemplateEurekaHttpClient.java:145)
	at org.springframework.cloud.netflix.eureka.http.RestTemplateEurekaHttpClient.getApplications(RestTemplateEurekaHttpClient.java:135)
	at com.netflix.discovery.shared.transport.decorator.EurekaHttpClientDecorator$6.execute(EurekaHttpClientDecorator.java:137)
	at com.netflix.discovery.shared.transport.decorator.RedirectingEurekaHttpClient.executeOnNewServer(RedirectingEurekaHttpClient.java:121)
	at com.netflix.discovery.shared.transport.decorator.RedirectingEurekaHttpClient.execute(RedirectingEurekaHttpClient.java:80)
	at com.netflix.discovery.shared.transport.decorator.EurekaHttpClientDecorator.getApplications(EurekaHttpClientDecorator.java:134)
	at com.netflix.discovery.shared.transport.decorator.EurekaHttpClientDecorator$6.execute(EurekaHttpClientDecorator.java:137)
	at com.netflix.discovery.shared.transport.decorator.RetryableEurekaHttpClient.execute(RetryableEurekaHttpClient.java:120)
	at com.netflix.discovery.shared.transport.decorator.EurekaHttpClientDecorator.getApplications(EurekaHttpClientDecorator.java:134)
	at com.netflix.discovery.shared.transport.decorator.EurekaHttpClientDecorator$6.execute(EurekaHttpClientDecorator.java:137)
	at com.netflix.discovery.shared.transport.decorator.SessionedEurekaHttpClient.execute(SessionedEurekaHttpClient.java:77)
	at com.netflix.discovery.shared.transport.decorator.EurekaHttpClientDecorator.getApplications(EurekaHttpClientDecorator.java:134)
	at com.netflix.discovery.DiscoveryClient.getAndStoreFullRegistry(DiscoveryClient.java:1045)
	at com.netflix.discovery.DiscoveryClient.fetchRegistry(DiscoveryClient.java:958)
	at com.netflix.discovery.DiscoveryClient.<init>(DiscoveryClient.java:396)
	at com.netflix.discovery.DiscoveryClient.<init>(DiscoveryClient.java:247)
	at com.netflix.discovery.DiscoveryClient.<init>(DiscoveryClient.java:242)
	at org.springframework.cloud.netflix.eureka.CloudEurekaClient.<init>(CloudEurekaClient.java:68)
	at org.springframework.cloud.netflix.eureka.EurekaClientAutoConfiguration$RefreshableEurekaClientConfiguration.eurekaClient(EurekaClientAutoConfiguration.java:321)
	at java.base/jdk.internal.reflect.DirectMethodHandleAccessor.invoke(DirectMethodHandleAccessor.java:103)
	at java.base/java.lang.reflect.Method.invoke(Method.java:580)
	at org.springframework.beans.factory.support.SimpleInstantiationStrategy.instantiate(SimpleInstantiationStrategy.java:140)
	at org.springframework.beans.factory.support.ConstructorResolver.instantiate(ConstructorResolver.java:644)
	at org.springframework.beans.factory.support.ConstructorResolver.instantiateUsingFactoryMethod(ConstructorResolver.java:636)
	at org.springframework.beans.factory.support.AbstractAutowireCapableBeanFactory.instantiateUsingFactoryMethod(AbstractAutowireCapableBeanFactory.java:1335)
	at org.springframework.beans.factory.support.AbstractAutowireCapableBeanFactory.createBeanInstance(AbstractAutowireCapableBeanFactory.java:1165)
	at org.springframework.beans.factory.support.AbstractAutowireCapableBeanFactory.doCreateBean(AbstractAutowireCapableBeanFactory.java:562)
	at org.springframework.beans.factory.support.AbstractAutowireCapableBeanFactory.createBean(AbstractAutowireCapableBeanFactory.java:522)
	at org.springframework.beans.factory.support.AbstractBeanFactory.lambda$doGetBean$1(AbstractBeanFactory.java:365)
	at org.springframework.cloud.context.scope.GenericScope$BeanLifecycleWrapper.getBean(GenericScope.java:375)
	at org.springframework.cloud.context.scope.GenericScope.get(GenericScope.java:179)
	at org.springframework.beans.factory.support.AbstractBeanFactory.doGetBean(AbstractBeanFactory.java:362)
	at org.springframework.beans.factory.support.AbstractBeanFactory.getBean(AbstractBeanFactory.java:200)
	at org.springframework.aop.target.SimpleBeanTargetSource.getTarget(SimpleBeanTargetSource.java:35)
	at org.springframework.cloud.netflix.eureka.serviceregistry.EurekaRegistration.getTargetObject(EurekaRegistration.java:128)
	at org.springframework.cloud.netflix.eureka.serviceregistry.EurekaRegistration.getEurekaClient(EurekaRegistration.java:116)
	at java.base/jdk.internal.reflect.DirectMethodHandleAccessor.invoke(DirectMethodHandleAccessor.java:103)
	at java.base/java.lang.reflect.Method.invoke(Method.java:580)
	at org.springframework.util.ReflectionUtils.invokeMethod(ReflectionUtils.java:281)
	at org.springframework.cloud.context.scope.GenericScope$LockedScopedProxyFactoryBean.invoke(GenericScope.java:482)
	at org.springframework.aop.framework.ReflectiveMethodInvocation.proceed(ReflectiveMethodInvocation.java:184)
	at org.springframework.aop.framework.CglibAopProxy$CglibMethodInvocation.proceed(CglibAopProxy.java:768)
	at org.springframework.aop.framework.CglibAopProxy$DynamicAdvisedInterceptor.intercept(CglibAopProxy.java:720)
	at org.springframework.cloud.netflix.eureka.serviceregistry.EurekaRegistration$$SpringCGLIB$$0.getEurekaClient(<generated>)
	at org.springframework.cloud.netflix.eureka.serviceregistry.EurekaServiceRegistry.maybeInitializeClient(EurekaServiceRegistry.java:83)
	at org.springframework.cloud.netflix.eureka.serviceregistry.EurekaServiceRegistry.register(EurekaServiceRegistry.java:66)
	at org.springframework.cloud.netflix.eureka.serviceregistry.EurekaAutoServiceRegistration.start(EurekaAutoServiceRegistration.java:89)
	at org.springframework.context.support.DefaultLifecycleProcessor.doStart(DefaultLifecycleProcessor.java:288)
	at org.springframework.context.support.DefaultLifecycleProcessor$LifecycleGroup.start(DefaultLifecycleProcessor.java:471)
	at java.base/java.lang.Iterable.forEach(Iterable.java:75)
	at org.springframework.context.support.DefaultLifecycleProcessor.startBeans(DefaultLifecycleProcessor.java:260)
	at org.springframework.context.support.DefaultLifecycleProcessor.onRefresh(DefaultLifecycleProcessor.java:205)
	at org.springframework.context.support.AbstractApplicationContext.finishRefresh(AbstractApplicationContext.java:981)
	at org.springframework.context.support.AbstractApplicationContext.refresh(AbstractApplicationContext.java:627)
	at org.springframework.boot.web.reactive.context.ReactiveWebServerApplicationContext.refresh(ReactiveWebServerApplicationContext.java:66)
	at org.springframework.boot.SpringApplication.refresh(SpringApplication.java:754)
	at org.springframework.boot.SpringApplication.refreshContext(SpringApplication.java:456)
	at org.springframework.boot.SpringApplication.run(SpringApplication.java:334)
	at org.springframework.boot.SpringApplication.run(SpringApplication.java:1354)
	at org.springframework.boot.SpringApplication.run(SpringApplication.java:1343)
	at iuh.fit.apigateway.ApiGatewayApplication.main(ApiGatewayApplication.java:12)
Caused by: org.apache.hc.client5.http.HttpHostConnectException: Connect to http://localhost:8761 [localhost/127.0.0.1, localhost/0:0:0:0:0:0:0:1] failed: Connection refused: getsockopt
	at java.base/sun.nio.ch.Net.pollConnect(Native Method)
	at java.base/sun.nio.ch.Net.pollConnectNow(Net.java:690)
	at java.base/sun.nio.ch.NioSocketImpl.timedFinishConnect(NioSocketImpl.java:542)
	at java.base/sun.nio.ch.NioSocketImpl.connect(NioSocketImpl.java:592)
	at java.base/java.net.SocksSocketImpl.connect(SocksSocketImpl.java:327)
	at java.base/java.net.Socket.connect(Socket.java:751)
	at org.apache.hc.client5.http.socket.PlainConnectionSocketFactory.lambda$connectSocket$0(PlainConnectionSocketFactory.java:91)
	at java.base/java.security.AccessController.doPrivileged(AccessController.java:571)
	at org.apache.hc.client5.http.socket.PlainConnectionSocketFactory.connectSocket(PlainConnectionSocketFactory.java:90)
	at org.apache.hc.client5.http.socket.ConnectionSocketFactory.connectSocket(ConnectionSocketFactory.java:123)
	at org.apache.hc.client5.http.impl.io.DefaultHttpClientConnectionOperator.connect(DefaultHttpClientConnectionOperator.java:184)
	at org.apache.hc.client5.http.impl.io.PoolingHttpClientConnectionManager.connect(PoolingHttpClientConnectionManager.java:447)
	at org.apache.hc.client5.http.impl.classic.InternalExecRuntime.connectEndpoint(InternalExecRuntime.java:162)
	at org.apache.hc.client5.http.impl.classic.InternalExecRuntime.connectEndpoint(InternalExecRuntime.java:172)
	at org.apache.hc.client5.http.impl.classic.ConnectExec.execute(ConnectExec.java:142)
	at org.apache.hc.client5.http.impl.classic.ExecChainElement.execute(ExecChainElement.java:51)
	at org.apache.hc.client5.http.impl.classic.ProtocolExec.execute(ProtocolExec.java:192)
	at org.apache.hc.client5.http.impl.classic.ExecChainElement.execute(ExecChainElement.java:51)
	at org.apache.hc.client5.http.impl.classic.HttpRequestRetryExec.execute(HttpRequestRetryExec.java:96)
	at org.apache.hc.client5.http.impl.classic.ExecChainElement.execute(ExecChainElement.java:51)
	at org.apache.hc.client5.http.impl.classic.ContentCompressionExec.execute(ContentCompressionExec.java:152)
	at org.apache.hc.client5.http.impl.classic.ExecChainElement.execute(ExecChainElement.java:51)
	at org.apache.hc.client5.http.impl.classic.RedirectExec.execute(RedirectExec.java:115)
	at org.apache.hc.client5.http.impl.classic.ExecChainElement.execute(ExecChainElement.java:51)
	at org.apache.hc.client5.http.impl.classic.InternalHttpClient.doExecute(InternalHttpClient.java:170)
	at org.apache.hc.client5.http.impl.classic.CloseableHttpClient.execute(CloseableHttpClient.java:87)
	at org.apache.hc.client5.http.impl.classic.CloseableHttpClient.execute(CloseableHttpClient.java:55)
	at org.apache.hc.client5.http.classic.HttpClient.executeOpen(HttpClient.java:183)
	at org.springframework.http.client.HttpComponentsClientHttpRequest.executeInternal(HttpComponentsClientHttpRequest.java:95)
	at org.springframework.http.client.AbstractStreamingClientHttpRequest.executeInternal(AbstractStreamingClientHttpRequest.java:70)
	at org.springframework.http.client.AbstractClientHttpRequest.execute(AbstractClientHttpRequest.java:66)
	at org.springframework.http.client.InterceptingClientHttpRequest$InterceptingRequestExecution.execute(InterceptingClientHttpRequest.java:112)
	at org.springframework.cloud.netflix.eureka.http.RestTemplateTransportClientFactory.lambda$restTemplate$0(RestTemplateTransportClientFactory.java:143)
	at org.springframework.http.client.InterceptingClientHttpRequest$InterceptingRequestExecution.execute(InterceptingClientHttpRequest.java:88)
	at org.springframework.http.client.InterceptingClientHttpRequest.executeInternal(InterceptingClientHttpRequest.java:72)
	at org.springframework.http.client.AbstractBufferingClientHttpRequest.executeInternal(AbstractBufferingClientHttpRequest.java:48)
	at org.springframework.http.client.AbstractClientHttpRequest.execute(AbstractClientHttpRequest.java:66)
	at org.springframework.web.client.RestTemplate.doExecute(RestTemplate.java:889)
	... 63 more

2026-04-24T00:42:29.637+07:00  WARN 22512 --- [api-gateway] [           main] c.n.d.s.t.d.RetryableEurekaHttpClient    : Request execution failed with message: I/O error on GET request for "http://localhost:8761/eureka/apps/": Connect to http://localhost:8761 [localhost/127.0.0.1, localhost/0:0:0:0:0:0:0:1] failed: Connection refused: getsockopt
2026-04-24T00:42:29.637+07:00  INFO 22512 --- [api-gateway] [           main] com.netflix.discovery.DiscoveryClient    : DiscoveryClient_API-GATEWAY/host.docker.internal:api-gateway:8080 - was unable to refresh its cache! This periodic background refresh will be retried in 30 seconds. status = Cannot execute request on any known server stacktrace = com.netflix.discovery.shared.transport.TransportException: Cannot execute request on any known server
	at com.netflix.discovery.shared.transport.decorator.RetryableEurekaHttpClient.execute(RetryableEurekaHttpClient.java:112)
	at com.netflix.discovery.shared.transport.decorator.EurekaHttpClientDecorator.getApplications(EurekaHttpClientDecorator.java:134)
	at com.netflix.discovery.shared.transport.decorator.EurekaHttpClientDecorator$6.execute(EurekaHttpClientDecorator.java:137)
	at com.netflix.discovery.shared.transport.decorator.SessionedEurekaHttpClient.execute(SessionedEurekaHttpClient.java:77)
	at com.netflix.discovery.shared.transport.decorator.EurekaHttpClientDecorator.getApplications(EurekaHttpClientDecorator.java:134)
	at com.netflix.discovery.DiscoveryClient.getAndStoreFullRegistry(DiscoveryClient.java:1045)
	at com.netflix.discovery.DiscoveryClient.fetchRegistry(DiscoveryClient.java:958)
	at com.netflix.discovery.DiscoveryClient.<init>(DiscoveryClient.java:396)
	at com.netflix.discovery.DiscoveryClient.<init>(DiscoveryClient.java:247)
	at com.netflix.discovery.DiscoveryClient.<init>(DiscoveryClient.java:242)
	at org.springframework.cloud.netflix.eureka.CloudEurekaClient.<init>(CloudEurekaClient.java:68)
	at org.springframework.cloud.netflix.eureka.EurekaClientAutoConfiguration$RefreshableEurekaClientConfiguration.eurekaClient(EurekaClientAutoConfiguration.java:321)
	at java.base/jdk.internal.reflect.DirectMethodHandleAccessor.invoke(DirectMethodHandleAccessor.java:103)
	at java.base/java.lang.reflect.Method.invoke(Method.java:580)
	at org.springframework.beans.factory.support.SimpleInstantiationStrategy.instantiate(SimpleInstantiationStrategy.java:140)
	at org.springframework.beans.factory.support.ConstructorResolver.instantiate(ConstructorResolver.java:644)
	at org.springframework.beans.factory.support.ConstructorResolver.instantiateUsingFactoryMethod(ConstructorResolver.java:636)
	at org.springframework.beans.factory.support.AbstractAutowireCapableBeanFactory.instantiateUsingFactoryMethod(AbstractAutowireCapableBeanFactory.java:1335)
	at org.springframework.beans.factory.support.AbstractAutowireCapableBeanFactory.createBeanInstance(AbstractAutowireCapableBeanFactory.java:1165)
	at org.springframework.beans.factory.support.AbstractAutowireCapableBeanFactory.doCreateBean(AbstractAutowireCapableBeanFactory.java:562)
	at org.springframework.beans.factory.support.AbstractAutowireCapableBeanFactory.createBean(AbstractAutowireCapableBeanFactory.java:522)
	at org.springframework.beans.factory.support.AbstractBeanFactory.lambda$doGetBean$1(AbstractBeanFactory.java:365)
	at org.springframework.cloud.context.scope.GenericScope$BeanLifecycleWrapper.getBean(GenericScope.java:375)
	at org.springframework.cloud.context.scope.GenericScope.get(GenericScope.java:179)
	at org.springframework.beans.factory.support.AbstractBeanFactory.doGetBean(AbstractBeanFactory.java:362)
	at org.springframework.beans.factory.support.AbstractBeanFactory.getBean(AbstractBeanFactory.java:200)
	at org.springframework.aop.target.SimpleBeanTargetSource.getTarget(SimpleBeanTargetSource.java:35)
	at org.springframework.cloud.netflix.eureka.serviceregistry.EurekaRegistration.getTargetObject(EurekaRegistration.java:128)
	at org.springframework.cloud.netflix.eureka.serviceregistry.EurekaRegistration.getEurekaClient(EurekaRegistration.java:116)
	at java.base/jdk.internal.reflect.DirectMethodHandleAccessor.invoke(DirectMethodHandleAccessor.java:103)
	at java.base/java.lang.reflect.Method.invoke(Method.java:580)
	at org.springframework.util.ReflectionUtils.invokeMethod(ReflectionUtils.java:281)
	at org.springframework.cloud.context.scope.GenericScope$LockedScopedProxyFactoryBean.invoke(GenericScope.java:482)
	at org.springframework.aop.framework.ReflectiveMethodInvocation.proceed(ReflectiveMethodInvocation.java:184)
	at org.springframework.aop.framework.CglibAopProxy$CglibMethodInvocation.proceed(CglibAopProxy.java:768)
	at org.springframework.aop.framework.CglibAopProxy$DynamicAdvisedInterceptor.intercept(CglibAopProxy.java:720)
	at org.springframework.cloud.netflix.eureka.serviceregistry.EurekaRegistration$$SpringCGLIB$$0.getEurekaClient(<generated>)
	at org.springframework.cloud.netflix.eureka.serviceregistry.EurekaServiceRegistry.maybeInitializeClient(EurekaServiceRegistry.java:83)
	at org.springframework.cloud.netflix.eureka.serviceregistry.EurekaServiceRegistry.register(EurekaServiceRegistry.java:66)
	at org.springframework.cloud.netflix.eureka.serviceregistry.EurekaAutoServiceRegistration.start(EurekaAutoServiceRegistration.java:89)
	at org.springframework.context.support.DefaultLifecycleProcessor.doStart(DefaultLifecycleProcessor.java:288)
	at org.springframework.context.support.DefaultLifecycleProcessor$LifecycleGroup.start(DefaultLifecycleProcessor.java:471)
	at java.base/java.lang.Iterable.forEach(Iterable.java:75)
	at org.springframework.context.support.DefaultLifecycleProcessor.startBeans(DefaultLifecycleProcessor.java:260)
	at org.springframework.context.support.DefaultLifecycleProcessor.onRefresh(DefaultLifecycleProcessor.java:205)
	at org.springframework.context.support.AbstractApplicationContext.finishRefresh(AbstractApplicationContext.java:981)
	at org.springframework.context.support.AbstractApplicationContext.refresh(AbstractApplicationContext.java:627)
	at org.springframework.boot.web.reactive.context.ReactiveWebServerApplicationContext.refresh(ReactiveWebServerApplicationContext.java:66)
	at org.springframework.boot.SpringApplication.refresh(SpringApplication.java:754)
	at org.springframework.boot.SpringApplication.refreshContext(SpringApplication.java:456)
	at org.springframework.boot.SpringApplication.run(SpringApplication.java:334)
	at org.springframework.boot.SpringApplication.run(SpringApplication.java:1354)
	at org.springframework.boot.SpringApplication.run(SpringApplication.java:1343)
	at iuh.fit.apigateway.ApiGatewayApplication.main(ApiGatewayApplication.java:12)

2026-04-24T00:42:29.639+07:00  INFO 22512 --- [api-gateway] [           main] com.netflix.discovery.DiscoveryClient    : Initial registry fetch from primary servers failed
2026-04-24T00:42:29.641+07:00  WARN 22512 --- [api-gateway] [           main] com.netflix.discovery.DiscoveryClient    : Using default backup registry implementation which does not do anything.
2026-04-24T00:42:29.645+07:00  INFO 22512 --- [api-gateway] [           main] com.netflix.discovery.DiscoveryClient    : Initial registry fetch from backup servers failed
2026-04-24T00:42:29.654+07:00  INFO 22512 --- [api-gateway] [           main] com.netflix.discovery.DiscoveryClient    : Starting heartbeat executor: renew interval is: 30
2026-04-24T00:42:29.670+07:00  INFO 22512 --- [api-gateway] [           main] c.n.discovery.InstanceInfoReplicator     : InstanceInfoReplicator onDemand update allowed rate per min is 4
2026-04-24T00:42:29.681+07:00  INFO 22512 --- [api-gateway] [           main] com.netflix.discovery.DiscoveryClient    : Discovery Client initialized at timestamp 1776966149681 with initial instances count: 0
2026-04-24T00:42:29.685+07:00  INFO 22512 --- [api-gateway] [           main] o.s.c.n.e.s.EurekaServiceRegistry        : Registering application API-GATEWAY with eureka with status UP
2026-04-24T00:42:29.695+07:00  INFO 22512 --- [api-gateway] [           main] com.netflix.discovery.DiscoveryClient    : Saw local status change event StatusChangeEvent [timestamp=1776966149695, current=UP, previous=STARTING]
2026-04-24T00:42:29.729+07:00  INFO 22512 --- [api-gateway] [nfoReplicator-0] com.netflix.discovery.DiscoveryClient    : DiscoveryClient_API-GATEWAY/host.docker.internal:api-gateway:8080: registering service...
2026-04-24T00:42:29.784+07:00 DEBUG 22512 --- [api-gateway] [           main] o.s.c.g.r.RouteDefinitionRouteLocator    : RouteDefinition job-service applying {_genkey_0=/api/v1/job/**} to Path
2026-04-24T00:42:29.878+07:00 DEBUG 22512 --- [api-gateway] [           main] o.s.c.g.r.RouteDefinitionRouteLocator    : RouteDefinition matched: job-service
2026-04-24T00:42:29.880+07:00 DEBUG 22512 --- [api-gateway] [           main] o.s.c.g.r.RouteDefinitionRouteLocator    : RouteDefinition user-service applying {_genkey_0=/api/v1/user/**} to Path
2026-04-24T00:42:29.882+07:00 DEBUG 22512 --- [api-gateway] [           main] o.s.c.g.r.RouteDefinitionRouteLocator    : RouteDefinition matched: user-service
2026-04-24T00:42:29.883+07:00 DEBUG 22512 --- [api-gateway] [           main] o.s.c.g.r.RouteDefinitionRouteLocator    : RouteDefinition application-service applying {_genkey_0=/api/v1/apply/**} to Path
2026-04-24T00:42:29.885+07:00 DEBUG 22512 --- [api-gateway] [           main] o.s.c.g.r.RouteDefinitionRouteLocator    : RouteDefinition matched: application-service
2026-04-24T00:42:29.885+07:00 DEBUG 22512 --- [api-gateway] [           main] o.s.c.g.r.RouteDefinitionRouteLocator    : RouteDefinition company-service applying {_genkey_0=/api/v1/company/**} to Path
2026-04-24T00:42:29.888+07:00 DEBUG 22512 --- [api-gateway] [           main] o.s.c.g.r.RouteDefinitionRouteLocator    : RouteDefinition matched: company-service
2026-04-24T00:42:29.888+07:00 DEBUG 22512 --- [api-gateway] [           main] o.s.c.g.r.RouteDefinitionRouteLocator    : RouteDefinition notification-service applying {_genkey_0=/api/v1/notifications/**} to Path
2026-04-24T00:42:29.890+07:00 DEBUG 22512 --- [api-gateway] [           main] o.s.c.g.r.RouteDefinitionRouteLocator    : RouteDefinition matched: notification-service
2026-04-24T00:42:29.890+07:00 DEBUG 22512 --- [api-gateway] [           main] o.s.c.g.r.RouteDefinitionRouteLocator    : RouteDefinition payment-service applying {_genkey_0=/api/v1/package/**} to Path
2026-04-24T00:42:29.893+07:00 DEBUG 22512 --- [api-gateway] [           main] o.s.c.g.r.RouteDefinitionRouteLocator    : RouteDefinition matched: payment-service
2026-04-24T00:42:29.893+07:00 DEBUG 22512 --- [api-gateway] [           main] o.s.c.g.r.RouteDefinitionRouteLocator    : RouteDefinition cv-service applying {_genkey_0=/api/v1/cvs/**} to Path
2026-04-24T00:42:29.895+07:00 DEBUG 22512 --- [api-gateway] [           main] o.s.c.g.r.RouteDefinitionRouteLocator    : RouteDefinition matched: cv-service
2026-04-24T00:42:30.351+07:00  INFO 22512 --- [api-gateway] [nfoReplicator-0] c.n.d.s.t.d.RedirectingEurekaHttpClient  : Request execution error. endpoint=DefaultEndpoint{ serviceUrl='http://localhost:8761/eureka/}, exception=I/O error on POST request for "http://localhost:8761/eureka/apps/API-GATEWAY": Connect to http://localhost:8761 [localhost/127.0.0.1, localhost/0:0:0:0:0:0:0:1] failed: Connection refused: getsockopt stacktrace=org.springframework.web.client.ResourceAccessException: I/O error on POST request for "http://localhost:8761/eureka/apps/API-GATEWAY": Connect to http://localhost:8761 [localhost/127.0.0.1, localhost/0:0:0:0:0:0:0:1] failed: Connection refused: getsockopt
	at org.springframework.web.client.RestTemplate.createResourceAccessException(RestTemplate.java:915)
	at org.springframework.web.client.RestTemplate.doExecute(RestTemplate.java:895)
	at org.springframework.web.client.RestTemplate.execute(RestTemplate.java:790)
	at org.springframework.web.client.RestTemplate.exchange(RestTemplate.java:672)
	at org.springframework.cloud.netflix.eureka.http.RestTemplateEurekaHttpClient.register(RestTemplateEurekaHttpClient.java:77)
	at com.netflix.discovery.shared.transport.decorator.EurekaHttpClientDecorator$1.execute(EurekaHttpClientDecorator.java:59)
	at com.netflix.discovery.shared.transport.decorator.RedirectingEurekaHttpClient.executeOnNewServer(RedirectingEurekaHttpClient.java:121)
	at com.netflix.discovery.shared.transport.decorator.RedirectingEurekaHttpClient.execute(RedirectingEurekaHttpClient.java:80)
	at com.netflix.discovery.shared.transport.decorator.EurekaHttpClientDecorator.register(EurekaHttpClientDecorator.java:56)
	at com.netflix.discovery.shared.transport.decorator.EurekaHttpClientDecorator$1.execute(EurekaHttpClientDecorator.java:59)
	at com.netflix.discovery.shared.transport.decorator.RetryableEurekaHttpClient.execute(RetryableEurekaHttpClient.java:120)
	at com.netflix.discovery.shared.transport.decorator.EurekaHttpClientDecorator.register(EurekaHttpClientDecorator.java:56)
	at com.netflix.discovery.shared.transport.decorator.EurekaHttpClientDecorator$1.execute(EurekaHttpClientDecorator.java:59)
	at com.netflix.discovery.shared.transport.decorator.SessionedEurekaHttpClient.execute(SessionedEurekaHttpClient.java:77)
	at com.netflix.discovery.shared.transport.decorator.EurekaHttpClientDecorator.register(EurekaHttpClientDecorator.java:56)
	at com.netflix.discovery.DiscoveryClient.register(DiscoveryClient.java:820)
	at com.netflix.discovery.InstanceInfoReplicator.run(InstanceInfoReplicator.java:121)
	at com.netflix.discovery.InstanceInfoReplicator$1.run(InstanceInfoReplicator.java:101)
	at java.base/java.util.concurrent.Executors$RunnableAdapter.call(Executors.java:572)
	at java.base/java.util.concurrent.FutureTask.run(FutureTask.java:317)
	at java.base/java.util.concurrent.ScheduledThreadPoolExecutor$ScheduledFutureTask.run(ScheduledThreadPoolExecutor.java:304)
	at java.base/java.util.concurrent.ThreadPoolExecutor.runWorker(ThreadPoolExecutor.java:1144)
	at java.base/java.util.concurrent.ThreadPoolExecutor$Worker.run(ThreadPoolExecutor.java:642)
	at java.base/java.lang.Thread.run(Thread.java:1583)
Caused by: org.apache.hc.client5.http.HttpHostConnectException: Connect to http://localhost:8761 [localhost/127.0.0.1, localhost/0:0:0:0:0:0:0:1] failed: Connection refused: getsockopt
	at java.base/sun.nio.ch.Net.pollConnect(Native Method)
	at java.base/sun.nio.ch.Net.pollConnectNow(Net.java:690)
	at java.base/sun.nio.ch.NioSocketImpl.timedFinishConnect(NioSocketImpl.java:542)
	at java.base/sun.nio.ch.NioSocketImpl.connect(NioSocketImpl.java:592)
	at java.base/java.net.SocksSocketImpl.connect(SocksSocketImpl.java:327)
	at java.base/java.net.Socket.connect(Socket.java:751)
	at org.apache.hc.client5.http.socket.PlainConnectionSocketFactory.lambda$connectSocket$0(PlainConnectionSocketFactory.java:91)
	at java.base/java.security.AccessController.doPrivileged(AccessController.java:571)
	at org.apache.hc.client5.http.socket.PlainConnectionSocketFactory.connectSocket(PlainConnectionSocketFactory.java:90)
	at org.apache.hc.client5.http.socket.ConnectionSocketFactory.connectSocket(ConnectionSocketFactory.java:123)
	at org.apache.hc.client5.http.impl.io.DefaultHttpClientConnectionOperator.connect(DefaultHttpClientConnectionOperator.java:184)
	at org.apache.hc.client5.http.impl.io.PoolingHttpClientConnectionManager.connect(PoolingHttpClientConnectionManager.java:447)
	at org.apache.hc.client5.http.impl.classic.InternalExecRuntime.connectEndpoint(InternalExecRuntime.java:162)
	at org.apache.hc.client5.http.impl.classic.InternalExecRuntime.connectEndpoint(InternalExecRuntime.java:172)
	at org.apache.hc.client5.http.impl.classic.ConnectExec.execute(ConnectExec.java:142)
	at org.apache.hc.client5.http.impl.classic.ExecChainElement.execute(ExecChainElement.java:51)
	at org.apache.hc.client5.http.impl.classic.ProtocolExec.execute(ProtocolExec.java:192)
	at org.apache.hc.client5.http.impl.classic.ExecChainElement.execute(ExecChainElement.java:51)
	at org.apache.hc.client5.http.impl.classic.HttpRequestRetryExec.execute(HttpRequestRetryExec.java:96)
	at org.apache.hc.client5.http.impl.classic.ExecChainElement.execute(ExecChainElement.java:51)
	at org.apache.hc.client5.http.impl.classic.ContentCompressionExec.execute(ContentCompressionExec.java:152)
	at org.apache.hc.client5.http.impl.classic.ExecChainElement.execute(ExecChainElement.java:51)
	at org.apache.hc.client5.http.impl.classic.RedirectExec.execute(RedirectExec.java:115)
	at org.apache.hc.client5.http.impl.classic.ExecChainElement.execute(ExecChainElement.java:51)
	at org.apache.hc.client5.http.impl.classic.InternalHttpClient.doExecute(InternalHttpClient.java:170)
	at org.apache.hc.client5.http.impl.classic.CloseableHttpClient.execute(CloseableHttpClient.java:87)
	at org.apache.hc.client5.http.impl.classic.CloseableHttpClient.execute(CloseableHttpClient.java:55)
	at org.apache.hc.client5.http.classic.HttpClient.executeOpen(HttpClient.java:183)
	at org.springframework.http.client.HttpComponentsClientHttpRequest.executeInternal(HttpComponentsClientHttpRequest.java:95)
	at org.springframework.http.client.AbstractStreamingClientHttpRequest.executeInternal(AbstractStreamingClientHttpRequest.java:70)
	at org.springframework.http.client.AbstractClientHttpRequest.execute(AbstractClientHttpRequest.java:66)
	at org.springframework.http.client.InterceptingClientHttpRequest$InterceptingRequestExecution.execute(InterceptingClientHttpRequest.java:112)
	at org.springframework.cloud.netflix.eureka.http.RestTemplateTransportClientFactory.lambda$restTemplate$0(RestTemplateTransportClientFactory.java:143)
	at org.springframework.http.client.InterceptingClientHttpRequest$InterceptingRequestExecution.execute(InterceptingClientHttpRequest.java:88)
	at org.springframework.http.client.InterceptingClientHttpRequest.executeInternal(InterceptingClientHttpRequest.java:72)
	at org.springframework.http.client.AbstractBufferingClientHttpRequest.executeInternal(AbstractBufferingClientHttpRequest.java:48)
	at org.springframework.http.client.AbstractClientHttpRequest.execute(AbstractClientHttpRequest.java:66)
	at org.springframework.web.client.RestTemplate.doExecute(RestTemplate.java:889)
	... 22 more

2026-04-24T00:42:30.355+07:00  WARN 22512 --- [api-gateway] [nfoReplicator-0] c.n.d.s.t.d.RetryableEurekaHttpClient    : Request execution failed with message: I/O error on POST request for "http://localhost:8761/eureka/apps/API-GATEWAY": Connect to http://localhost:8761 [localhost/127.0.0.1, localhost/0:0:0:0:0:0:0:1] failed: Connection refused: getsockopt
2026-04-24T00:42:30.357+07:00  WARN 22512 --- [api-gateway] [nfoReplicator-0] com.netflix.discovery.DiscoveryClient    : DiscoveryClient_API-GATEWAY/host.docker.internal:api-gateway:8080 - registration failed Cannot execute request on any known server

com.netflix.discovery.shared.transport.TransportException: Cannot execute request on any known server
	at com.netflix.discovery.shared.transport.decorator.RetryableEurekaHttpClient.execute(RetryableEurekaHttpClient.java:112) ~[eureka-client-2.0.2.jar:2.0.2]
	at com.netflix.discovery.shared.transport.decorator.EurekaHttpClientDecorator.register(EurekaHttpClientDecorator.java:56) ~[eureka-client-2.0.2.jar:2.0.2]
	at com.netflix.discovery.shared.transport.decorator.EurekaHttpClientDecorator$1.execute(EurekaHttpClientDecorator.java:59) ~[eureka-client-2.0.2.jar:2.0.2]
	at com.netflix.discovery.shared.transport.decorator.SessionedEurekaHttpClient.execute(SessionedEurekaHttpClient.java:77) ~[eureka-client-2.0.2.jar:2.0.2]
	at com.netflix.discovery.shared.transport.decorator.EurekaHttpClientDecorator.register(EurekaHttpClientDecorator.java:56) ~[eureka-client-2.0.2.jar:2.0.2]
	at com.netflix.discovery.DiscoveryClient.register(DiscoveryClient.java:820) ~[eureka-client-2.0.2.jar:2.0.2]
	at com.netflix.discovery.InstanceInfoReplicator.run(InstanceInfoReplicator.java:121) ~[eureka-client-2.0.2.jar:2.0.2]
	at com.netflix.discovery.InstanceInfoReplicator$1.run(InstanceInfoReplicator.java:101) ~[eureka-client-2.0.2.jar:2.0.2]
	at java.base/java.util.concurrent.Executors$RunnableAdapter.call(Executors.java:572) ~[na:na]
	at java.base/java.util.concurrent.FutureTask.run(FutureTask.java:317) ~[na:na]
	at java.base/java.util.concurrent.ScheduledThreadPoolExecutor$ScheduledFutureTask.run(ScheduledThreadPoolExecutor.java:304) ~[na:na]
	at java.base/java.util.concurrent.ThreadPoolExecutor.runWorker(ThreadPoolExecutor.java:1144) ~[na:na]
	at java.base/java.util.concurrent.ThreadPoolExecutor$Worker.run(ThreadPoolExecutor.java:642) ~[na:na]
	at java.base/java.lang.Thread.run(Thread.java:1583) ~[na:na]

2026-04-24T00:42:30.372+07:00  WARN 22512 --- [api-gateway] [nfoReplicator-0] c.n.discovery.InstanceInfoReplicator     : There was a problem with the instance info replicator

com.netflix.discovery.shared.transport.TransportException: Cannot execute request on any known server
	at com.netflix.discovery.shared.transport.decorator.RetryableEurekaHttpClient.execute(RetryableEurekaHttpClient.java:112) ~[eureka-client-2.0.2.jar:2.0.2]
	at com.netflix.discovery.shared.transport.decorator.EurekaHttpClientDecorator.register(EurekaHttpClientDecorator.java:56) ~[eureka-client-2.0.2.jar:2.0.2]
	at com.netflix.discovery.shared.transport.decorator.EurekaHttpClientDecorator$1.execute(EurekaHttpClientDecorator.java:59) ~[eureka-client-2.0.2.jar:2.0.2]
	at com.netflix.discovery.shared.transport.decorator.SessionedEurekaHttpClient.execute(SessionedEurekaHttpClient.java:77) ~[eureka-client-2.0.2.jar:2.0.2]
	at com.netflix.discovery.shared.transport.decorator.EurekaHttpClientDecorator.register(EurekaHttpClientDecorator.java:56) ~[eureka-client-2.0.2.jar:2.0.2]
	at com.netflix.discovery.DiscoveryClient.register(DiscoveryClient.java:820) ~[eureka-client-2.0.2.jar:2.0.2]
	at com.netflix.discovery.InstanceInfoReplicator.run(InstanceInfoReplicator.java:121) ~[eureka-client-2.0.2.jar:2.0.2]
	at com.netflix.discovery.InstanceInfoReplicator$1.run(InstanceInfoReplicator.java:101) ~[eureka-client-2.0.2.jar:2.0.2]
	at java.base/java.util.concurrent.Executors$RunnableAdapter.call(Executors.java:572) ~[na:na]
	at java.base/java.util.concurrent.FutureTask.run(FutureTask.java:317) ~[na:na]
	at java.base/java.util.concurrent.ScheduledThreadPoolExecutor$ScheduledFutureTask.run(ScheduledThreadPoolExecutor.java:304) ~[na:na]
	at java.base/java.util.concurrent.ThreadPoolExecutor.runWorker(ThreadPoolExecutor.java:1144) ~[na:na]
	at java.base/java.util.concurrent.ThreadPoolExecutor$Worker.run(ThreadPoolExecutor.java:642) ~[na:na]
	at java.base/java.lang.Thread.run(Thread.java:1583) ~[na:na]

2026-04-24T00:42:30.509+07:00  INFO 22512 --- [api-gateway] [           main] o.s.b.web.embedded.netty.NettyWebServer  : Netty started on port 8080
2026-04-24T00:42:30.519+07:00  INFO 22512 --- [api-gateway] [           main] .s.c.n.e.s.EurekaAutoServiceRegistration : Updating port to 8080
2026-04-24T00:42:30.617+07:00 DEBUG 22512 --- [api-gateway] [           main] o.s.c.g.r.RouteDefinitionRouteLocator    : RouteDefinition job-service applying {_genkey_0=/api/v1/job/**} to Path
2026-04-24T00:42:30.621+07:00 DEBUG 22512 --- [api-gateway] [           main] o.s.c.g.r.RouteDefinitionRouteLocator    : RouteDefinition matched: job-service
2026-04-24T00:42:30.624+07:00 DEBUG 22512 --- [api-gateway] [           main] o.s.c.g.r.RouteDefinitionRouteLocator    : RouteDefinition user-service applying {_genkey_0=/api/v1/user/**} to Path
2026-04-24T00:42:30.626+07:00 DEBUG 22512 --- [api-gateway] [           main] o.s.c.g.r.RouteDefinitionRouteLocator    : RouteDefinition matched: user-service
2026-04-24T00:42:30.628+07:00 DEBUG 22512 --- [api-gateway] [           main] o.s.c.g.r.RouteDefinitionRouteLocator    : RouteDefinition application-service applying {_genkey_0=/api/v1/apply/**} to Path
2026-04-24T00:42:30.630+07:00 DEBUG 22512 --- [api-gateway] [           main] o.s.c.g.r.RouteDefinitionRouteLocator    : RouteDefinition matched: application-service
2026-04-24T00:42:30.677+07:00 DEBUG 22512 --- [api-gateway] [           main] o.s.c.g.r.RouteDefinitionRouteLocator    : RouteDefinition company-service applying {_genkey_0=/api/v1/company/**} to Path
2026-04-24T00:42:30.680+07:00 DEBUG 22512 --- [api-gateway] [           main] o.s.c.g.r.RouteDefinitionRouteLocator    : RouteDefinition matched: company-service
2026-04-24T00:42:30.682+07:00 DEBUG 22512 --- [api-gateway] [           main] o.s.c.g.r.RouteDefinitionRouteLocator    : RouteDefinition notification-service applying {_genkey_0=/api/v1/notifications/**} to Path
2026-04-24T00:42:30.697+07:00 DEBUG 22512 --- [api-gateway] [           main] o.s.c.g.r.RouteDefinitionRouteLocator    : RouteDefinition matched: notification-service
2026-04-24T00:42:30.743+07:00 DEBUG 22512 --- [api-gateway] [           main] o.s.c.g.r.RouteDefinitionRouteLocator    : RouteDefinition payment-service applying {_genkey_0=/api/v1/package/**} to Path
2026-04-24T00:42:30.766+07:00 DEBUG 22512 --- [api-gateway] [           main] o.s.c.g.r.RouteDefinitionRouteLocator    : RouteDefinition matched: payment-service
2026-04-24T00:42:30.766+07:00 DEBUG 22512 --- [api-gateway] [           main] o.s.c.g.r.RouteDefinitionRouteLocator    : RouteDefinition cv-service applying {_genkey_0=/api/v1/cvs/**} to Path
2026-04-24T00:42:30.769+07:00 DEBUG 22512 --- [api-gateway] [           main] o.s.c.g.r.RouteDefinitionRouteLocator    : RouteDefinition matched: cv-service
2026-04-24T00:42:30.810+07:00  INFO 22512 --- [api-gateway] [           main] i.fit.apigateway.ApiGatewayApplication   : Started ApiGatewayApplication in 20.664 seconds (process running for 22.962)
2026-04-24T00:42:59.935+07:00  INFO 22512 --- [api-gateway] [freshExecutor-0] com.netflix.discovery.DiscoveryClient    : Disable delta property : false
2026-04-24T00:42:59.942+07:00  INFO 22512 --- [api-gateway] [freshExecutor-0] com.netflix.discovery.DiscoveryClient    : Single vip registry refresh property : null
2026-04-24T00:42:59.942+07:00  INFO 22512 --- [api-gateway] [freshExecutor-0] com.netflix.discovery.DiscoveryClient    : Force full registry fetch : false
2026-04-24T00:42:59.942+07:00  INFO 22512 --- [api-gateway] [freshExecutor-0] com.netflix.discovery.DiscoveryClient    : Application is null : false
2026-04-24T00:42:59.942+07:00  INFO 22512 --- [api-gateway] [freshExecutor-0] com.netflix.discovery.DiscoveryClient    : Registered Applications size is zero : true
2026-04-24T00:42:59.944+07:00  INFO 22512 --- [api-gateway] [freshExecutor-0] com.netflix.discovery.DiscoveryClient    : Application version is -1: true
2026-04-24T00:42:59.944+07:00  INFO 22512 --- [api-gateway] [freshExecutor-0] com.netflix.discovery.DiscoveryClient    : Getting all instance registry info from the eureka server
2026-04-24T00:43:00.388+07:00  INFO 22512 --- [api-gateway] [nfoReplicator-0] com.netflix.discovery.DiscoveryClient    : DiscoveryClient_API-GATEWAY/host.docker.internal:api-gateway:8080: registering service...
2026-04-24T00:43:01.268+07:00  INFO 22512 --- [api-gateway] [nfoReplicator-0] com.netflix.discovery.DiscoveryClient    : DiscoveryClient_API-GATEWAY/host.docker.internal:api-gateway:8080 - registration status: 204
2026-04-24T00:43:01.303+07:00  INFO 22512 --- [api-gateway] [freshExecutor-0] com.netflix.discovery.DiscoveryClient    : The response status is 200
2026-04-24T00:43:01.322+07:00 DEBUG 22512 --- [api-gateway] [freshExecutor-0] o.s.c.g.r.RouteDefinitionRouteLocator    : RouteDefinition job-service applying {_genkey_0=/api/v1/job/**} to Path
2026-04-24T00:43:01.324+07:00 DEBUG 22512 --- [api-gateway] [freshExecutor-0] o.s.c.g.r.RouteDefinitionRouteLocator    : RouteDefinition matched: job-service
2026-04-24T00:43:01.328+07:00 DEBUG 22512 --- [api-gateway] [freshExecutor-0] o.s.c.g.r.RouteDefinitionRouteLocator    : RouteDefinition user-service applying {_genkey_0=/api/v1/user/**} to Path
2026-04-24T00:43:01.331+07:00 DEBUG 22512 --- [api-gateway] [freshExecutor-0] o.s.c.g.r.RouteDefinitionRouteLocator    : RouteDefinition matched: user-service
2026-04-24T00:43:01.331+07:00 DEBUG 22512 --- [api-gateway] [freshExecutor-0] o.s.c.g.r.RouteDefinitionRouteLocator    : RouteDefinition application-service applying {_genkey_0=/api/v1/apply/**} to Path
2026-04-24T00:43:01.339+07:00 DEBUG 22512 --- [api-gateway] [freshExecutor-0] o.s.c.g.r.RouteDefinitionRouteLocator    : RouteDefinition matched: application-service
2026-04-24T00:43:01.342+07:00 DEBUG 22512 --- [api-gateway] [freshExecutor-0] o.s.c.g.r.RouteDefinitionRouteLocator    : RouteDefinition company-service applying {_genkey_0=/api/v1/company/**} to Path
2026-04-24T00:43:01.354+07:00 DEBUG 22512 --- [api-gateway] [freshExecutor-0] o.s.c.g.r.RouteDefinitionRouteLocator    : RouteDefinition matched: company-service
2026-04-24T00:43:01.355+07:00 DEBUG 22512 --- [api-gateway] [freshExecutor-0] o.s.c.g.r.RouteDefinitionRouteLocator    : RouteDefinition notification-service applying {_genkey_0=/api/v1/notifications/**} to Path
2026-04-24T00:43:01.357+07:00 DEBUG 22512 --- [api-gateway] [freshExecutor-0] o.s.c.g.r.RouteDefinitionRouteLocator    : RouteDefinition matched: notification-service
2026-04-24T00:43:01.362+07:00 DEBUG 22512 --- [api-gateway] [freshExecutor-0] o.s.c.g.r.RouteDefinitionRouteLocator    : RouteDefinition payment-service applying {_genkey_0=/api/v1/package/**} to Path
2026-04-24T00:43:01.364+07:00 DEBUG 22512 --- [api-gateway] [freshExecutor-0] o.s.c.g.r.RouteDefinitionRouteLocator    : RouteDefinition matched: payment-service
2026-04-24T00:43:01.367+07:00 DEBUG 22512 --- [api-gateway] [freshExecutor-0] o.s.c.g.r.RouteDefinitionRouteLocator    : RouteDefinition cv-service applying {_genkey_0=/api/v1/cvs/**} to Path
2026-04-24T00:43:01.369+07:00 DEBUG 22512 --- [api-gateway] [freshExecutor-0] o.s.c.g.r.RouteDefinitionRouteLocator    : RouteDefinition matched: cv-service
2026-04-24T00:43:01.496+07:00  INFO 22512 --- [api-gateway] [tbeatExecutor-0] com.netflix.discovery.DiscoveryClient    : DiscoveryClient_API-GATEWAY/host.docker.internal:api-gateway:8080 - Re-registering apps/API-GATEWAY
2026-04-24T00:43:01.503+07:00  INFO 22512 --- [api-gateway] [tbeatExecutor-0] com.netflix.discovery.DiscoveryClient    : DiscoveryClient_API-GATEWAY/host.docker.internal:api-gateway:8080: registering service...
2026-04-24T00:43:01.522+07:00  INFO 22512 --- [api-gateway] [tbeatExecutor-0] com.netflix.discovery.DiscoveryClient    : DiscoveryClient_API-GATEWAY/host.docker.internal:api-gateway:8080 - registration status: 204
2026-04-24T00:43:31.406+07:00 DEBUG 22512 --- [api-gateway] [freshExecutor-0] o.s.c.g.r.RouteDefinitionRouteLocator    : RouteDefinition job-service applying {_genkey_0=/api/v1/job/**} to Path
2026-04-24T00:43:31.416+07:00 DEBUG 22512 --- [api-gateway] [freshExecutor-0] o.s.c.g.r.RouteDefinitionRouteLocator    : RouteDefinition matched: job-service
2026-04-24T00:43:31.419+07:00 DEBUG 22512 --- [api-gateway] [freshExecutor-0] o.s.c.g.r.RouteDefinitionRouteLocator    : RouteDefinition user-service applying {_genkey_0=/api/v1/user/**} to Path
2026-04-24T00:43:31.419+07:00 DEBUG 22512 --- [api-gateway] [freshExecutor-0] o.s.c.g.r.RouteDefinitionRouteLocator    : RouteDefinition matched: user-service
2026-04-24T00:43:31.420+07:00 DEBUG 22512 --- [api-gateway] [freshExecutor-0] o.s.c.g.r.RouteDefinitionRouteLocator    : RouteDefinition application-service applying {_genkey_0=/api/v1/apply/**} to Path
2026-04-24T00:43:31.422+07:00 DEBUG 22512 --- [api-gateway] [freshExecutor-0] o.s.c.g.r.RouteDefinitionRouteLocator    : RouteDefinition matched: application-service
2026-04-24T00:43:31.422+07:00 DEBUG 22512 --- [api-gateway] [freshExecutor-0] o.s.c.g.r.RouteDefinitionRouteLocator    : RouteDefinition company-service applying {_genkey_0=/api/v1/company/**} to Path
2026-04-24T00:43:31.425+07:00 DEBUG 22512 --- [api-gateway] [freshExecutor-0] o.s.c.g.r.RouteDefinitionRouteLocator    : RouteDefinition matched: company-service
2026-04-24T00:43:31.425+07:00 DEBUG 22512 --- [api-gateway] [freshExecutor-0] o.s.c.g.r.RouteDefinitionRouteLocator    : RouteDefinition notification-service applying {_genkey_0=/api/v1/notifications/**} to Path
2026-04-24T00:43:31.425+07:00 DEBUG 22512 --- [api-gateway] [freshExecutor-0] o.s.c.g.r.RouteDefinitionRouteLocator    : RouteDefinition matched: notification-service
2026-04-24T00:43:31.425+07:00 DEBUG 22512 --- [api-gateway] [freshExecutor-0] o.s.c.g.r.RouteDefinitionRouteLocator    : RouteDefinition payment-service applying {_genkey_0=/api/v1/package/**} to Path
2026-04-24T00:43:31.428+07:00 DEBUG 22512 --- [api-gateway] [freshExecutor-0] o.s.c.g.r.RouteDefinitionRouteLocator    : RouteDefinition matched: payment-service
2026-04-24T00:43:31.428+07:00 DEBUG 22512 --- [api-gateway] [freshExecutor-0] o.s.c.g.r.RouteDefinitionRouteLocator    : RouteDefinition cv-service applying {_genkey_0=/api/v1/cvs/**} to Path
2026-04-24T00:43:31.431+07:00 DEBUG 22512 --- [api-gateway] [freshExecutor-0] o.s.c.g.r.RouteDefinitionRouteLocator    : RouteDefinition matched: cv-service
2026-04-24T00:44:01.475+07:00 DEBUG 22512 --- [api-gateway] [freshExecutor-0] o.s.c.g.r.RouteDefinitionRouteLocator    : RouteDefinition job-service applying {_genkey_0=/api/v1/job/**} to Path
2026-04-24T00:44:01.484+07:00 DEBUG 22512 --- [api-gateway] [freshExecutor-0] o.s.c.g.r.RouteDefinitionRouteLocator    : RouteDefinition matched: job-service
2026-04-24T00:44:01.486+07:00 DEBUG 22512 --- [api-gateway] [freshExecutor-0] o.s.c.g.r.RouteDefinitionRouteLocator    : RouteDefinition user-service applying {_genkey_0=/api/v1/user/**} to Path
2026-04-24T00:44:01.487+07:00 DEBUG 22512 --- [api-gateway] [freshExecutor-0] o.s.c.g.r.RouteDefinitionRouteLocator    : RouteDefinition matched: user-service
2026-04-24T00:44:01.488+07:00 DEBUG 22512 --- [api-gateway] [freshExecutor-0] o.s.c.g.r.RouteDefinitionRouteLocator    : RouteDefinition application-service applying {_genkey_0=/api/v1/apply/**} to Path
2026-04-24T00:44:01.488+07:00 DEBUG 22512 --- [api-gateway] [freshExecutor-0] o.s.c.g.r.RouteDefinitionRouteLocator    : RouteDefinition matched: application-service
2026-04-24T00:44:01.492+07:00 DEBUG 22512 --- [api-gateway] [freshExecutor-0] o.s.c.g.r.RouteDefinitionRouteLocator    : RouteDefinition company-service applying {_genkey_0=/api/v1/company/**} to Path
2026-04-24T00:44:01.493+07:00 DEBUG 22512 --- [api-gateway] [freshExecutor-0] o.s.c.g.r.RouteDefinitionRouteLocator    : RouteDefinition matched: company-service
2026-04-24T00:44:01.494+07:00 DEBUG 22512 --- [api-gateway] [freshExecutor-0] o.s.c.g.r.RouteDefinitionRouteLocator    : RouteDefinition notification-service applying {_genkey_0=/api/v1/notifications/**} to Path
2026-04-24T00:44:01.494+07:00 DEBUG 22512 --- [api-gateway] [freshExecutor-0] o.s.c.g.r.RouteDefinitionRouteLocator    : RouteDefinition matched: notification-service
2026-04-24T00:44:01.494+07:00 DEBUG 22512 --- [api-gateway] [freshExecutor-0] o.s.c.g.r.RouteDefinitionRouteLocator    : RouteDefinition payment-service applying {_genkey_0=/api/v1/package/**} to Path
2026-04-24T00:44:01.497+07:00 DEBUG 22512 --- [api-gateway] [freshExecutor-0] o.s.c.g.r.RouteDefinitionRouteLocator    : RouteDefinition matched: payment-service
2026-04-24T00:44:01.497+07:00 DEBUG 22512 --- [api-gateway] [freshExecutor-0] o.s.c.g.r.RouteDefinitionRouteLocator    : RouteDefinition cv-service applying {_genkey_0=/api/v1/cvs/**} to Path
2026-04-24T00:44:01.500+07:00 DEBUG 22512 --- [api-gateway] [freshExecutor-0] o.s.c.g.r.RouteDefinitionRouteLocator    : RouteDefinition matched: cv-service
2026-04-24T00:44:25.828+07:00 TRACE 22512 --- [api-gateway] [     parallel-1] o.s.c.g.f.WeightCalculatorWebFilter      : Weights attr: {}
2026-04-24T00:44:25.851+07:00 TRACE 22512 --- [api-gateway] [     parallel-1] o.s.c.g.h.p.PathRoutePredicateFactory    : Pattern "[/api/v1/job/**]" does not match against value "/api/v1/cvs/my-cvs"
2026-04-24T00:44:25.851+07:00 TRACE 22512 --- [api-gateway] [     parallel-1] o.s.c.g.h.p.PathRoutePredicateFactory    : Pattern "[/api/v1/user/**]" does not match against value "/api/v1/cvs/my-cvs"
2026-04-24T00:44:25.853+07:00 TRACE 22512 --- [api-gateway] [     parallel-1] o.s.c.g.h.p.PathRoutePredicateFactory    : Pattern "[/api/v1/apply/**]" does not match against value "/api/v1/cvs/my-cvs"
2026-04-24T00:44:25.855+07:00 TRACE 22512 --- [api-gateway] [     parallel-1] o.s.c.g.h.p.PathRoutePredicateFactory    : Pattern "[/api/v1/company/**]" does not match against value "/api/v1/cvs/my-cvs"
2026-04-24T00:44:25.855+07:00 TRACE 22512 --- [api-gateway] [     parallel-1] o.s.c.g.h.p.PathRoutePredicateFactory    : Pattern "[/api/v1/notifications/**]" does not match against value "/api/v1/cvs/my-cvs"
2026-04-24T00:44:25.856+07:00 TRACE 22512 --- [api-gateway] [     parallel-1] o.s.c.g.h.p.PathRoutePredicateFactory    : Pattern "[/api/v1/package/**]" does not match against value "/api/v1/cvs/my-cvs"
2026-04-24T00:44:25.857+07:00 TRACE 22512 --- [api-gateway] [     parallel-1] o.s.c.g.h.p.PathRoutePredicateFactory    : Pattern "/api/v1/cvs/**" matches against value "/api/v1/cvs/my-cvs"
2026-04-24T00:44:25.858+07:00 DEBUG 22512 --- [api-gateway] [     parallel-1] o.s.c.g.h.RoutePredicateHandlerMapping   : Route matched: cv-service
2026-04-24T00:44:25.859+07:00 DEBUG 22512 --- [api-gateway] [     parallel-1] o.s.c.g.h.RoutePredicateHandlerMapping   : Mapping [Exchange: GET http://localhost:8080/api/v1/cvs/my-cvs] to Route{id='cv-service', uri=lb://cv-service, order=0, predicate=Paths: [/api/v1/cvs/**], match trailing slash: true, gatewayFilters=[], metadata={}}
2026-04-24T00:44:25.861+07:00 DEBUG 22512 --- [api-gateway] [     parallel-1] o.s.c.g.h.RoutePredicateHandlerMapping   : [2dd1cae3-1] Mapped to org.springframework.cloud.gateway.handler.FilteringWebHandler@43ec541
2026-04-24T00:44:25.863+07:00 DEBUG 22512 --- [api-gateway] [     parallel-1] o.s.c.g.handler.FilteringWebHandler      : Sorted gatewayFilterFactories: [[GatewayFilterAdapter{delegate=org.springframework.cloud.gateway.filter.RemoveCachedBodyFilter@61b65d54}, order = -2147483648], [GatewayFilterAdapter{delegate=org.springframework.cloud.gateway.filter.AdaptCachedBodyGlobalFilter@5e5ddfbc}, order = -2147482648], [GatewayFilterAdapter{delegate=org.springframework.cloud.gateway.filter.NettyWriteResponseFilter@402f8592}, order = -1], [GatewayFilterAdapter{delegate=org.springframework.cloud.gateway.filter.ForwardPathFilter@43935e9c}, order = 0], [GatewayFilterAdapter{delegate=org.springframework.cloud.gateway.filter.RouteToRequestUrlFilter@b2c4a8b}, order = 10000], [GatewayFilterAdapter{delegate=org.springframework.cloud.gateway.filter.ReactiveLoadBalancerClientFilter@6839203b}, order = 10150], [GatewayFilterAdapter{delegate=org.springframework.cloud.gateway.filter.LoadBalancerServiceInstanceCookieFilter@2d28fb02}, order = 10151], [GatewayFilterAdapter{delegate=org.springframework.cloud.gateway.filter.WebsocketRoutingFilter@101cf747}, order = 2147483646], [GatewayFilterAdapter{delegate=org.springframework.cloud.gateway.filter.NettyRoutingFilter@6db328f8}, order = 2147483647], [GatewayFilterAdapter{delegate=org.springframework.cloud.gateway.filter.ForwardRoutingFilter@7f2c57fe}, order = 2147483647]]
2026-04-24T00:44:25.869+07:00 TRACE 22512 --- [api-gateway] [     parallel-1] o.s.c.g.filter.RouteToRequestUrlFilter   : RouteToRequestUrlFilter start
2026-04-24T00:44:25.869+07:00 TRACE 22512 --- [api-gateway] [     parallel-1] s.c.g.f.ReactiveLoadBalancerClientFilter : ReactiveLoadBalancerClientFilter url before: lb://cv-service/api/v1/cvs/my-cvs
2026-04-24T00:44:25.978+07:00 DEBUG 22512 --- [api-gateway] [     parallel-1] o.s.c.g.r.RouteDefinitionRouteLocator    : RouteDefinition job-service applying {_genkey_0=/api/v1/job/**} to Path
2026-04-24T00:44:25.986+07:00 DEBUG 22512 --- [api-gateway] [     parallel-1] o.s.c.g.r.RouteDefinitionRouteLocator    : RouteDefinition matched: job-service
2026-04-24T00:44:25.989+07:00 DEBUG 22512 --- [api-gateway] [     parallel-1] o.s.c.g.r.RouteDefinitionRouteLocator    : RouteDefinition user-service applying {_genkey_0=/api/v1/user/**} to Path
2026-04-24T00:44:25.990+07:00 DEBUG 22512 --- [api-gateway] [     parallel-1] o.s.c.g.r.RouteDefinitionRouteLocator    : RouteDefinition matched: user-service
2026-04-24T00:44:25.990+07:00 DEBUG 22512 --- [api-gateway] [     parallel-1] o.s.c.g.r.RouteDefinitionRouteLocator    : RouteDefinition application-service applying {_genkey_0=/api/v1/apply/**} to Path
2026-04-24T00:44:25.992+07:00 DEBUG 22512 --- [api-gateway] [     parallel-1] o.s.c.g.r.RouteDefinitionRouteLocator    : RouteDefinition matched: application-service
2026-04-24T00:44:25.992+07:00 DEBUG 22512 --- [api-gateway] [     parallel-1] o.s.c.g.r.RouteDefinitionRouteLocator    : RouteDefinition company-service applying {_genkey_0=/api/v1/company/**} to Path
2026-04-24T00:44:25.993+07:00 DEBUG 22512 --- [api-gateway] [     parallel-1] o.s.c.g.r.RouteDefinitionRouteLocator    : RouteDefinition matched: company-service
2026-04-24T00:44:25.993+07:00 DEBUG 22512 --- [api-gateway] [     parallel-1] o.s.c.g.r.RouteDefinitionRouteLocator    : RouteDefinition notification-service applying {_genkey_0=/api/v1/notifications/**} to Path
2026-04-24T00:44:25.996+07:00 DEBUG 22512 --- [api-gateway] [     parallel-1] o.s.c.g.r.RouteDefinitionRouteLocator    : RouteDefinition matched: notification-service
2026-04-24T00:44:25.996+07:00 DEBUG 22512 --- [api-gateway] [     parallel-1] o.s.c.g.r.RouteDefinitionRouteLocator    : RouteDefinition payment-service applying {_genkey_0=/api/v1/package/**} to Path
2026-04-24T00:44:25.998+07:00 DEBUG 22512 --- [api-gateway] [     parallel-1] o.s.c.g.r.RouteDefinitionRouteLocator    : RouteDefinition matched: payment-service
2026-04-24T00:44:25.998+07:00 DEBUG 22512 --- [api-gateway] [     parallel-1] o.s.c.g.r.RouteDefinitionRouteLocator    : RouteDefinition cv-service applying {_genkey_0=/api/v1/cvs/**} to Path
2026-04-24T00:44:25.998+07:00 DEBUG 22512 --- [api-gateway] [     parallel-1] o.s.c.g.r.RouteDefinitionRouteLocator    : RouteDefinition matched: cv-service
2026-04-24T00:44:26.054+07:00 TRACE 22512 --- [api-gateway] [     parallel-1] s.c.g.f.ReactiveLoadBalancerClientFilter : LoadBalancerClientFilter url chosen: http://192.168.1.25:8087/api/v1/cvs/my-cvs
2026-04-24T00:44:26.377+07:00 TRACE 22512 --- [api-gateway] [ctor-http-nio-4] o.s.c.gateway.filter.NettyRoutingFilter  : outbound route: 184acdf0, inbound: [2dd1cae3-1] 
2026-04-24T00:44:26.680+07:00 TRACE 22512 --- [api-gateway] [ctor-http-nio-4] o.s.c.g.filter.NettyWriteResponseFilter  : NettyWriteResponseFilter start inbound: 184acdf0, outbound: [2dd1cae3-1] 
2026-04-24T00:44:26.768+07:00 TRACE 22512 --- [api-gateway] [ctor-http-nio-2] o.s.c.g.h.p.PathRoutePredicateFactory    : Pattern "[/api/v1/job/**]" does not match against value "/api/v1/cvs/my-cvs"
2026-04-24T00:44:26.769+07:00 TRACE 22512 --- [api-gateway] [     parallel-3] o.s.c.g.f.WeightCalculatorWebFilter      : Weights attr: {}
2026-04-24T00:44:26.774+07:00 TRACE 22512 --- [api-gateway] [ctor-http-nio-2] o.s.c.g.h.p.PathRoutePredicateFactory    : Pattern "[/api/v1/user/**]" does not match against value "/api/v1/cvs/my-cvs"
2026-04-24T00:44:26.776+07:00 TRACE 22512 --- [api-gateway] [ctor-http-nio-2] o.s.c.g.h.p.PathRoutePredicateFactory    : Pattern "[/api/v1/apply/**]" does not match against value "/api/v1/cvs/my-cvs"
2026-04-24T00:44:26.776+07:00 TRACE 22512 --- [api-gateway] [     parallel-3] o.s.c.g.h.p.PathRoutePredicateFactory    : Pattern "[/api/v1/job/**]" does not match against value "/api/v1/cvs/my-cvs"
2026-04-24T00:44:26.776+07:00 TRACE 22512 --- [api-gateway] [ctor-http-nio-2] o.s.c.g.h.p.PathRoutePredicateFactory    : Pattern "[/api/v1/company/**]" does not match against value "/api/v1/cvs/my-cvs"
2026-04-24T00:44:26.777+07:00 TRACE 22512 --- [api-gateway] [     parallel-3] o.s.c.g.h.p.PathRoutePredicateFactory    : Pattern "[/api/v1/user/**]" does not match against value "/api/v1/cvs/my-cvs"
2026-04-24T00:44:26.777+07:00 TRACE 22512 --- [api-gateway] [ctor-http-nio-2] o.s.c.g.h.p.PathRoutePredicateFactory    : Pattern "[/api/v1/notifications/**]" does not match against value "/api/v1/cvs/my-cvs"
2026-04-24T00:44:26.777+07:00 TRACE 22512 --- [api-gateway] [     parallel-3] o.s.c.g.h.p.PathRoutePredicateFactory    : Pattern "[/api/v1/apply/**]" does not match against value "/api/v1/cvs/my-cvs"
2026-04-24T00:44:26.777+07:00 TRACE 22512 --- [api-gateway] [ctor-http-nio-2] o.s.c.g.h.p.PathRoutePredicateFactory    : Pattern "[/api/v1/package/**]" does not match against value "/api/v1/cvs/my-cvs"
2026-04-24T00:44:26.777+07:00 TRACE 22512 --- [api-gateway] [     parallel-3] o.s.c.g.h.p.PathRoutePredicateFactory    : Pattern "[/api/v1/company/**]" does not match against value "/api/v1/cvs/my-cvs"
2026-04-24T00:44:26.777+07:00 TRACE 22512 --- [api-gateway] [ctor-http-nio-2] o.s.c.g.h.p.PathRoutePredicateFactory    : Pattern "/api/v1/cvs/**" matches against value "/api/v1/cvs/my-cvs"
2026-04-24T00:44:26.777+07:00 TRACE 22512 --- [api-gateway] [     parallel-3] o.s.c.g.h.p.PathRoutePredicateFactory    : Pattern "[/api/v1/notifications/**]" does not match against value "/api/v1/cvs/my-cvs"
2026-04-24T00:44:26.777+07:00 DEBUG 22512 --- [api-gateway] [ctor-http-nio-2] o.s.c.g.h.RoutePredicateHandlerMapping   : Route matched: cv-service
2026-04-24T00:44:26.777+07:00 TRACE 22512 --- [api-gateway] [     parallel-3] o.s.c.g.h.p.PathRoutePredicateFactory    : Pattern "[/api/v1/package/**]" does not match against value "/api/v1/cvs/my-cvs"
2026-04-24T00:44:26.777+07:00 DEBUG 22512 --- [api-gateway] [ctor-http-nio-2] o.s.c.g.h.RoutePredicateHandlerMapping   : Mapping [Exchange: GET http://localhost:8080/api/v1/cvs/my-cvs] to Route{id='cv-service', uri=lb://cv-service, order=0, predicate=Paths: [/api/v1/cvs/**], match trailing slash: true, gatewayFilters=[], metadata={}}
2026-04-24T00:44:26.777+07:00 TRACE 22512 --- [api-gateway] [     parallel-3] o.s.c.g.h.p.PathRoutePredicateFactory    : Pattern "/api/v1/cvs/**" matches against value "/api/v1/cvs/my-cvs"
2026-04-24T00:44:26.777+07:00 DEBUG 22512 --- [api-gateway] [ctor-http-nio-2] o.s.c.g.h.RoutePredicateHandlerMapping   : [2dd1cae3-1] Mapped to org.springframework.cloud.gateway.handler.FilteringWebHandler@43ec541
2026-04-24T00:44:26.777+07:00 DEBUG 22512 --- [api-gateway] [     parallel-3] o.s.c.g.h.RoutePredicateHandlerMapping   : Route matched: cv-service
2026-04-24T00:44:26.777+07:00 DEBUG 22512 --- [api-gateway] [ctor-http-nio-2] o.s.c.g.handler.FilteringWebHandler      : Sorted gatewayFilterFactories: [[GatewayFilterAdapter{delegate=org.springframework.cloud.gateway.filter.RemoveCachedBodyFilter@61b65d54}, order = -2147483648], [GatewayFilterAdapter{delegate=org.springframework.cloud.gateway.filter.AdaptCachedBodyGlobalFilter@5e5ddfbc}, order = -2147482648], [GatewayFilterAdapter{delegate=org.springframework.cloud.gateway.filter.NettyWriteResponseFilter@402f8592}, order = -1], [GatewayFilterAdapter{delegate=org.springframework.cloud.gateway.filter.ForwardPathFilter@43935e9c}, order = 0], [GatewayFilterAdapter{delegate=org.springframework.cloud.gateway.filter.RouteToRequestUrlFilter@b2c4a8b}, order = 10000], [GatewayFilterAdapter{delegate=org.springframework.cloud.gateway.filter.ReactiveLoadBalancerClientFilter@6839203b}, order = 10150], [GatewayFilterAdapter{delegate=org.springframework.cloud.gateway.filter.LoadBalancerServiceInstanceCookieFilter@2d28fb02}, order = 10151], [GatewayFilterAdapter{delegate=org.springframework.cloud.gateway.filter.WebsocketRoutingFilter@101cf747}, order = 2147483646], [GatewayFilterAdapter{delegate=org.springframework.cloud.gateway.filter.NettyRoutingFilter@6db328f8}, order = 2147483647], [GatewayFilterAdapter{delegate=org.springframework.cloud.gateway.filter.ForwardRoutingFilter@7f2c57fe}, order = 2147483647]]
2026-04-24T00:44:26.782+07:00 DEBUG 22512 --- [api-gateway] [     parallel-3] o.s.c.g.h.RoutePredicateHandlerMapping   : Mapping [Exchange: GET http://localhost:8080/api/v1/cvs/my-cvs] to Route{id='cv-service', uri=lb://cv-service, order=0, predicate=Paths: [/api/v1/cvs/**], match trailing slash: true, gatewayFilters=[], metadata={}}
2026-04-24T00:44:26.782+07:00 DEBUG 22512 --- [api-gateway] [     parallel-3] o.s.c.g.h.RoutePredicateHandlerMapping   : [68f94fb0-2] Mapped to org.springframework.cloud.gateway.handler.FilteringWebHandler@43ec541
2026-04-24T00:44:26.782+07:00 TRACE 22512 --- [api-gateway] [ctor-http-nio-2] o.s.c.g.filter.RouteToRequestUrlFilter   : RouteToRequestUrlFilter start
2026-04-24T00:44:26.782+07:00 DEBUG 22512 --- [api-gateway] [     parallel-3] o.s.c.g.handler.FilteringWebHandler      : Sorted gatewayFilterFactories: [[GatewayFilterAdapter{delegate=org.springframework.cloud.gateway.filter.RemoveCachedBodyFilter@61b65d54}, order = -2147483648], [GatewayFilterAdapter{delegate=org.springframework.cloud.gateway.filter.AdaptCachedBodyGlobalFilter@5e5ddfbc}, order = -2147482648], [GatewayFilterAdapter{delegate=org.springframework.cloud.gateway.filter.NettyWriteResponseFilter@402f8592}, order = -1], [GatewayFilterAdapter{delegate=org.springframework.cloud.gateway.filter.ForwardPathFilter@43935e9c}, order = 0], [GatewayFilterAdapter{delegate=org.springframework.cloud.gateway.filter.RouteToRequestUrlFilter@b2c4a8b}, order = 10000], [GatewayFilterAdapter{delegate=org.springframework.cloud.gateway.filter.ReactiveLoadBalancerClientFilter@6839203b}, order = 10150], [GatewayFilterAdapter{delegate=org.springframework.cloud.gateway.filter.LoadBalancerServiceInstanceCookieFilter@2d28fb02}, order = 10151], [GatewayFilterAdapter{delegate=org.springframework.cloud.gateway.filter.WebsocketRoutingFilter@101cf747}, order = 2147483646], [GatewayFilterAdapter{delegate=org.springframework.cloud.gateway.filter.NettyRoutingFilter@6db328f8}, order = 2147483647], [GatewayFilterAdapter{delegate=org.springframework.cloud.gateway.filter.ForwardRoutingFilter@7f2c57fe}, order = 2147483647]]
2026-04-24T00:44:26.782+07:00 TRACE 22512 --- [api-gateway] [ctor-http-nio-2] s.c.g.f.ReactiveLoadBalancerClientFilter : ReactiveLoadBalancerClientFilter url before: lb://cv-service/api/v1/cvs/my-cvs
2026-04-24T00:44:26.782+07:00 TRACE 22512 --- [api-gateway] [     parallel-3] o.s.c.g.filter.RouteToRequestUrlFilter   : RouteToRequestUrlFilter start
2026-04-24T00:44:26.785+07:00 TRACE 22512 --- [api-gateway] [     parallel-3] s.c.g.f.ReactiveLoadBalancerClientFilter : ReactiveLoadBalancerClientFilter url before: lb://cv-service/api/v1/cvs/my-cvs
2026-04-24T00:44:26.785+07:00 TRACE 22512 --- [api-gateway] [ctor-http-nio-2] s.c.g.f.ReactiveLoadBalancerClientFilter : LoadBalancerClientFilter url chosen: http://192.168.1.25:8087/api/v1/cvs/my-cvs
2026-04-24T00:44:26.785+07:00 TRACE 22512 --- [api-gateway] [     parallel-3] s.c.g.f.ReactiveLoadBalancerClientFilter : LoadBalancerClientFilter url chosen: http://192.168.1.25:8087/api/v1/cvs/my-cvs
2026-04-24T00:44:26.785+07:00 TRACE 22512 --- [api-gateway] [ctor-http-nio-2] o.s.c.g.filter.NettyWriteResponseFilter  : NettyWriteResponseFilter start inbound: 184acdf0, outbound: [2dd1cae3-1] 
2026-04-24T00:44:26.801+07:00 TRACE 22512 --- [api-gateway] [ctor-http-nio-4] o.s.c.gateway.filter.NettyRoutingFilter  : outbound route: 184acdf0, inbound: [68f94fb0-2] 
2026-04-24T00:44:26.816+07:00 TRACE 22512 --- [api-gateway] [ctor-http-nio-4] o.s.c.g.filter.NettyWriteResponseFilter  : NettyWriteResponseFilter start inbound: 184acdf0, outbound: [68f94fb0-2] 
2026-04-24T00:44:26.819+07:00 TRACE 22512 --- [api-gateway] [ctor-http-nio-5] o.s.c.g.h.p.PathRoutePredicateFactory    : Pattern "[/api/v1/job/**]" does not match against value "/api/v1/cvs/my-cvs"
2026-04-24T00:44:26.822+07:00 TRACE 22512 --- [api-gateway] [ctor-http-nio-5] o.s.c.g.h.p.PathRoutePredicateFactory    : Pattern "[/api/v1/user/**]" does not match against value "/api/v1/cvs/my-cvs"
2026-04-24T00:44:26.822+07:00 TRACE 22512 --- [api-gateway] [ctor-http-nio-5] o.s.c.g.h.p.PathRoutePredicateFactory    : Pattern "[/api/v1/apply/**]" does not match against value "/api/v1/cvs/my-cvs"
2026-04-24T00:44:26.824+07:00 TRACE 22512 --- [api-gateway] [ctor-http-nio-5] o.s.c.g.h.p.PathRoutePredicateFactory    : Pattern "[/api/v1/company/**]" does not match against value "/api/v1/cvs/my-cvs"
2026-04-24T00:44:26.824+07:00 TRACE 22512 --- [api-gateway] [ctor-http-nio-5] o.s.c.g.h.p.PathRoutePredicateFactory    : Pattern "[/api/v1/notifications/**]" does not match against value "/api/v1/cvs/my-cvs"
2026-04-24T00:44:26.825+07:00 TRACE 22512 --- [api-gateway] [ctor-http-nio-5] o.s.c.g.h.p.PathRoutePredicateFactory    : Pattern "[/api/v1/package/**]" does not match against value "/api/v1/cvs/my-cvs"
2026-04-24T00:44:26.826+07:00 TRACE 22512 --- [api-gateway] [ctor-http-nio-5] o.s.c.g.h.p.PathRoutePredicateFactory    : Pattern "/api/v1/cvs/**" matches against value "/api/v1/cvs/my-cvs"
2026-04-24T00:44:26.826+07:00 DEBUG 22512 --- [api-gateway] [ctor-http-nio-5] o.s.c.g.h.RoutePredicateHandlerMapping   : Route matched: cv-service
2026-04-24T00:44:26.826+07:00 DEBUG 22512 --- [api-gateway] [ctor-http-nio-5] o.s.c.g.h.RoutePredicateHandlerMapping   : Mapping [Exchange: GET http://localhost:8080/api/v1/cvs/my-cvs] to Route{id='cv-service', uri=lb://cv-service, order=0, predicate=Paths: [/api/v1/cvs/**], match trailing slash: true, gatewayFilters=[], metadata={}}
2026-04-24T00:44:26.826+07:00 DEBUG 22512 --- [api-gateway] [ctor-http-nio-5] o.s.c.g.h.RoutePredicateHandlerMapping   : [68f94fb0-2] Mapped to org.springframework.cloud.gateway.handler.FilteringWebHandler@43ec541
2026-04-24T00:44:26.826+07:00 DEBUG 22512 --- [api-gateway] [ctor-http-nio-5] o.s.c.g.handler.FilteringWebHandler      : Sorted gatewayFilterFactories: [[GatewayFilterAdapter{delegate=org.springframework.cloud.gateway.filter.RemoveCachedBodyFilter@61b65d54}, order = -2147483648], [GatewayFilterAdapter{delegate=org.springframework.cloud.gateway.filter.AdaptCachedBodyGlobalFilter@5e5ddfbc}, order = -2147482648], [GatewayFilterAdapter{delegate=org.springframework.cloud.gateway.filter.NettyWriteResponseFilter@402f8592}, order = -1], [GatewayFilterAdapter{delegate=org.springframework.cloud.gateway.filter.ForwardPathFilter@43935e9c}, order = 0], [GatewayFilterAdapter{delegate=org.springframework.cloud.gateway.filter.RouteToRequestUrlFilter@b2c4a8b}, order = 10000], [GatewayFilterAdapter{delegate=org.springframework.cloud.gateway.filter.ReactiveLoadBalancerClientFilter@6839203b}, order = 10150], [GatewayFilterAdapter{delegate=org.springframework.cloud.gateway.filter.LoadBalancerServiceInstanceCookieFilter@2d28fb02}, order = 10151], [GatewayFilterAdapter{delegate=org.springframework.cloud.gateway.filter.WebsocketRoutingFilter@101cf747}, order = 2147483646], [GatewayFilterAdapter{delegate=org.springframework.cloud.gateway.filter.NettyRoutingFilter@6db328f8}, order = 2147483647], [GatewayFilterAdapter{delegate=org.springframework.cloud.gateway.filter.ForwardRoutingFilter@7f2c57fe}, order = 2147483647]]
2026-04-24T00:44:26.826+07:00 TRACE 22512 --- [api-gateway] [ctor-http-nio-5] o.s.c.g.filter.RouteToRequestUrlFilter   : RouteToRequestUrlFilter start
2026-04-24T00:44:26.829+07:00 TRACE 22512 --- [api-gateway] [ctor-http-nio-5] s.c.g.f.ReactiveLoadBalancerClientFilter : ReactiveLoadBalancerClientFilter url before: lb://cv-service/api/v1/cvs/my-cvs
2026-04-24T00:44:26.829+07:00 TRACE 22512 --- [api-gateway] [ctor-http-nio-5] s.c.g.f.ReactiveLoadBalancerClientFilter : LoadBalancerClientFilter url chosen: http://192.168.1.25:8087/api/v1/cvs/my-cvs
2026-04-24T00:44:26.829+07:00 TRACE 22512 --- [api-gateway] [ctor-http-nio-5] o.s.c.g.filter.NettyWriteResponseFilter  : NettyWriteResponseFilter start inbound: 184acdf0, outbound: [68f94fb0-2] 
2026-04-24T00:44:31.544+07:00 DEBUG 22512 --- [api-gateway] [freshExecutor-0] o.s.c.g.r.RouteDefinitionRouteLocator    : RouteDefinition job-service applying {_genkey_0=/api/v1/job/**} to Path
2026-04-24T00:44:31.553+07:00 DEBUG 22512 --- [api-gateway] [freshExecutor-0] o.s.c.g.r.RouteDefinitionRouteLocator    : RouteDefinition matched: job-service
2026-04-24T00:44:31.553+07:00 DEBUG 22512 --- [api-gateway] [freshExecutor-0] o.s.c.g.r.RouteDefinitionRouteLocator    : RouteDefinition user-service applying {_genkey_0=/api/v1/user/**} to Path
2026-04-24T00:44:31.554+07:00 DEBUG 22512 --- [api-gateway] [freshExecutor-0] o.s.c.g.r.RouteDefinitionRouteLocator    : RouteDefinition matched: user-service
2026-04-24T00:44:31.554+07:00 DEBUG 22512 --- [api-gateway] [freshExecutor-0] o.s.c.g.r.RouteDefinitionRouteLocator    : RouteDefinition application-service applying {_genkey_0=/api/v1/apply/**} to Path
2026-04-24T00:44:31.554+07:00 DEBUG 22512 --- [api-gateway] [freshExecutor-0] o.s.c.g.r.RouteDefinitionRouteLocator    : RouteDefinition matched: application-service
2026-04-24T00:44:31.557+07:00 DEBUG 22512 --- [api-gateway] [freshExecutor-0] o.s.c.g.r.RouteDefinitionRouteLocator    : RouteDefinition company-service applying {_genkey_0=/api/v1/company/**} to Path
2026-04-24T00:44:31.558+07:00 DEBUG 22512 --- [api-gateway] [freshExecutor-0] o.s.c.g.r.RouteDefinitionRouteLocator    : RouteDefinition matched: company-service
2026-04-24T00:44:31.558+07:00 DEBUG 22512 --- [api-gateway] [freshExecutor-0] o.s.c.g.r.RouteDefinitionRouteLocator    : RouteDefinition notification-service applying {_genkey_0=/api/v1/notifications/**} to Path
2026-04-24T00:44:31.559+07:00 DEBUG 22512 --- [api-gateway] [freshExecutor-0] o.s.c.g.r.RouteDefinitionRouteLocator    : RouteDefinition matched: notification-service
2026-04-24T00:44:31.559+07:00 DEBUG 22512 --- [api-gateway] [freshExecutor-0] o.s.c.g.r.RouteDefinitionRouteLocator    : RouteDefinition payment-service applying {_genkey_0=/api/v1/package/**} to Path
2026-04-24T00:44:31.561+07:00 DEBUG 22512 --- [api-gateway] [freshExecutor-0] o.s.c.g.r.RouteDefinitionRouteLocator    : RouteDefinition matched: payment-service
2026-04-24T00:44:31.561+07:00 DEBUG 22512 --- [api-gateway] [freshExecutor-0] o.s.c.g.r.RouteDefinitionRouteLocator    : RouteDefinition cv-service applying {_genkey_0=/api/v1/cvs/**} to Path
2026-04-24T00:44:31.561+07:00 DEBUG 22512 --- [api-gateway] [freshExecutor-0] o.s.c.g.r.RouteDefinitionRouteLocator    : RouteDefinition matched: cv-service
2026-04-24T00:45:01.590+07:00 DEBUG 22512 --- [api-gateway] [freshExecutor-0] o.s.c.g.r.RouteDefinitionRouteLocator    : RouteDefinition job-service applying {_genkey_0=/api/v1/job/**} to Path
2026-04-24T00:45:01.596+07:00 DEBUG 22512 --- [api-gateway] [freshExecutor-0] o.s.c.g.r.RouteDefinitionRouteLocator    : RouteDefinition matched: job-service
2026-04-24T00:45:01.598+07:00 DEBUG 22512 --- [api-gateway] [freshExecutor-0] o.s.c.g.r.RouteDefinitionRouteLocator    : RouteDefinition user-service applying {_genkey_0=/api/v1/user/**} to Path
2026-04-24T00:45:01.598+07:00 DEBUG 22512 --- [api-gateway] [freshExecutor-0] o.s.c.g.r.RouteDefinitionRouteLocator    : RouteDefinition matched: user-service
2026-04-24T00:45:01.601+07:00 DEBUG 22512 --- [api-gateway] [freshExecutor-0] o.s.c.g.r.RouteDefinitionRouteLocator    : RouteDefinition application-service applying {_genkey_0=/api/v1/apply/**} to Path
2026-04-24T00:45:01.601+07:00 DEBUG 22512 --- [api-gateway] [freshExecutor-0] o.s.c.g.r.RouteDefinitionRouteLocator    : RouteDefinition matched: application-service
2026-04-24T00:45:01.601+07:00 DEBUG 22512 --- [api-gateway] [freshExecutor-0] o.s.c.g.r.RouteDefinitionRouteLocator    : RouteDefinition company-service applying {_genkey_0=/api/v1/company/**} to Path
2026-04-24T00:45:01.606+07:00 DEBUG 22512 --- [api-gateway] [freshExecutor-0] o.s.c.g.r.RouteDefinitionRouteLocator    : RouteDefinition matched: company-service
2026-04-24T00:45:01.606+07:00 DEBUG 22512 --- [api-gateway] [freshExecutor-0] o.s.c.g.r.RouteDefinitionRouteLocator    : RouteDefinition notification-service applying {_genkey_0=/api/v1/notifications/**} to Path
2026-04-24T00:45:01.607+07:00 DEBUG 22512 --- [api-gateway] [freshExecutor-0] o.s.c.g.r.RouteDefinitionRouteLocator    : RouteDefinition matched: notification-service
2026-04-24T00:45:01.609+07:00 DEBUG 22512 --- [api-gateway] [freshExecutor-0] o.s.c.g.r.RouteDefinitionRouteLocator    : RouteDefinition payment-service applying {_genkey_0=/api/v1/package/**} to Path
2026-04-24T00:45:01.609+07:00 DEBUG 22512 --- [api-gateway] [freshExecutor-0] o.s.c.g.r.RouteDefinitionRouteLocator    : RouteDefinition matched: payment-service
2026-04-24T00:45:01.609+07:00 DEBUG 22512 --- [api-gateway] [freshExecutor-0] o.s.c.g.r.RouteDefinitionRouteLocator    : RouteDefinition cv-service applying {_genkey_0=/api/v1/cvs/**} to Path
2026-04-24T00:45:01.612+07:00 DEBUG 22512 --- [api-gateway] [freshExecutor-0] o.s.c.g.r.RouteDefinitionRouteLocator    : RouteDefinition matched: cv-service
2026-04-24T00:45:31.620+07:00 DEBUG 22512 --- [api-gateway] [freshExecutor-0] o.s.c.g.r.RouteDefinitionRouteLocator    : RouteDefinition job-service applying {_genkey_0=/api/v1/job/**} to Path
2026-04-24T00:45:31.631+07:00 DEBUG 22512 --- [api-gateway] [freshExecutor-0] o.s.c.g.r.RouteDefinitionRouteLocator    : RouteDefinition matched: job-service
2026-04-24T00:45:31.631+07:00 DEBUG 22512 --- [api-gateway] [freshExecutor-0] o.s.c.g.r.RouteDefinitionRouteLocator    : RouteDefinition user-service applying {_genkey_0=/api/v1/user/**} to Path
2026-04-24T00:45:31.633+07:00 DEBUG 22512 --- [api-gateway] [freshExecutor-0] o.s.c.g.r.RouteDefinitionRouteLocator    : RouteDefinition matched: user-service
2026-04-24T00:45:31.633+07:00 DEBUG 22512 --- [api-gateway] [freshExecutor-0] o.s.c.g.r.RouteDefinitionRouteLocator    : RouteDefinition application-service applying {_genkey_0=/api/v1/apply/**} to Path
2026-04-24T00:45:31.635+07:00 DEBUG 22512 --- [api-gateway] [freshExecutor-0] o.s.c.g.r.RouteDefinitionRouteLocator    : RouteDefinition matched: application-service
2026-04-24T00:45:31.636+07:00 DEBUG 22512 --- [api-gateway] [freshExecutor-0] o.s.c.g.r.RouteDefinitionRouteLocator    : RouteDefinition company-service applying {_genkey_0=/api/v1/company/**} to Path
2026-04-24T00:45:31.638+07:00 DEBUG 22512 --- [api-gateway] [freshExecutor-0] o.s.c.g.r.RouteDefinitionRouteLocator    : RouteDefinition matched: company-service
2026-04-24T00:45:31.638+07:00 DEBUG 22512 --- [api-gateway] [freshExecutor-0] o.s.c.g.r.RouteDefinitionRouteLocator    : RouteDefinition notification-service applying {_genkey_0=/api/v1/notifications/**} to Path
2026-04-24T00:45:31.639+07:00 DEBUG 22512 --- [api-gateway] [freshExecutor-0] o.s.c.g.r.RouteDefinitionRouteLocator    : RouteDefinition matched: notification-service
2026-04-24T00:45:31.640+07:00 DEBUG 22512 --- [api-gateway] [freshExecutor-0] o.s.c.g.r.RouteDefinitionRouteLocator    : RouteDefinition payment-service applying {_genkey_0=/api/v1/package/**} to Path
2026-04-24T00:45:31.657+07:00 DEBUG 22512 --- [api-gateway] [freshExecutor-0] o.s.c.g.r.RouteDefinitionRouteLocator    : RouteDefinition matched: payment-service
2026-04-24T00:45:31.658+07:00 DEBUG 22512 --- [api-gateway] [freshExecutor-0] o.s.c.g.r.RouteDefinitionRouteLocator    : RouteDefinition cv-service applying {_genkey_0=/api/v1/cvs/**} to Path
2026-04-24T00:45:31.662+07:00 DEBUG 22512 --- [api-gateway] [freshExecutor-0] o.s.c.g.r.RouteDefinitionRouteLocator    : RouteDefinition matched: cv-service
2026-04-24T00:46:01.673+07:00 DEBUG 22512 --- [api-gateway] [freshExecutor-0] o.s.c.g.r.RouteDefinitionRouteLocator    : RouteDefinition job-service applying {_genkey_0=/api/v1/job/**} to Path
2026-04-24T00:46:01.690+07:00 DEBUG 22512 --- [api-gateway] [freshExecutor-0] o.s.c.g.r.RouteDefinitionRouteLocator    : RouteDefinition matched: job-service
2026-04-24T00:46:01.691+07:00 DEBUG 22512 --- [api-gateway] [freshExecutor-0] o.s.c.g.r.RouteDefinitionRouteLocator    : RouteDefinition user-service applying {_genkey_0=/api/v1/user/**} to Path
2026-04-24T00:46:01.694+07:00 DEBUG 22512 --- [api-gateway] [freshExecutor-0] o.s.c.g.r.RouteDefinitionRouteLocator    : RouteDefinition matched: user-service
2026-04-24T00:46:01.695+07:00 DEBUG 22512 --- [api-gateway] [freshExecutor-0] o.s.c.g.r.RouteDefinitionRouteLocator    : RouteDefinition application-service applying {_genkey_0=/api/v1/apply/**} to Path
2026-04-24T00:46:01.697+07:00 DEBUG 22512 --- [api-gateway] [freshExecutor-0] o.s.c.g.r.RouteDefinitionRouteLocator    : RouteDefinition matched: application-service
2026-04-24T00:46:01.699+07:00 DEBUG 22512 --- [api-gateway] [freshExecutor-0] o.s.c.g.r.RouteDefinitionRouteLocator    : RouteDefinition company-service applying {_genkey_0=/api/v1/company/**} to Path
2026-04-24T00:46:01.701+07:00 DEBUG 22512 --- [api-gateway] [freshExecutor-0] o.s.c.g.r.RouteDefinitionRouteLocator    : RouteDefinition matched: company-service
2026-04-24T00:46:01.702+07:00 DEBUG 22512 --- [api-gateway] [freshExecutor-0] o.s.c.g.r.RouteDefinitionRouteLocator    : RouteDefinition notification-service applying {_genkey_0=/api/v1/notifications/**} to Path
2026-04-24T00:46:01.704+07:00 DEBUG 22512 --- [api-gateway] [freshExecutor-0] o.s.c.g.r.RouteDefinitionRouteLocator    : RouteDefinition matched: notification-service
2026-04-24T00:46:01.704+07:00 DEBUG 22512 --- [api-gateway] [freshExecutor-0] o.s.c.g.r.RouteDefinitionRouteLocator    : RouteDefinition payment-service applying {_genkey_0=/api/v1/package/**} to Path
2026-04-24T00:46:01.707+07:00 DEBUG 22512 --- [api-gateway] [freshExecutor-0] o.s.c.g.r.RouteDefinitionRouteLocator    : RouteDefinition matched: payment-service
2026-04-24T00:46:01.708+07:00 DEBUG 22512 --- [api-gateway] [freshExecutor-0] o.s.c.g.r.RouteDefinitionRouteLocator    : RouteDefinition cv-service applying {_genkey_0=/api/v1/cvs/**} to Path
2026-04-24T00:46:01.709+07:00 DEBUG 22512 --- [api-gateway] [freshExecutor-0] o.s.c.g.r.RouteDefinitionRouteLocator    : RouteDefinition matched: cv-service
2026-04-24T00:46:31.720+07:00 DEBUG 22512 --- [api-gateway] [freshExecutor-0] o.s.c.g.r.RouteDefinitionRouteLocator    : RouteDefinition job-service applying {_genkey_0=/api/v1/job/**} to Path
2026-04-24T00:46:31.728+07:00 DEBUG 22512 --- [api-gateway] [freshExecutor-0] o.s.c.g.r.RouteDefinitionRouteLocator    : RouteDefinition matched: job-service
2026-04-24T00:46:31.728+07:00 DEBUG 22512 --- [api-gateway] [freshExecutor-0] o.s.c.g.r.RouteDefinitionRouteLocator    : RouteDefinition user-service applying {_genkey_0=/api/v1/user/**} to Path
2026-04-24T00:46:31.731+07:00 DEBUG 22512 --- [api-gateway] [freshExecutor-0] o.s.c.g.r.RouteDefinitionRouteLocator    : RouteDefinition matched: user-service
2026-04-24T00:46:31.731+07:00 DEBUG 22512 --- [api-gateway] [freshExecutor-0] o.s.c.g.r.RouteDefinitionRouteLocator    : RouteDefinition application-service applying {_genkey_0=/api/v1/apply/**} to Path
2026-04-24T00:46:31.732+07:00 DEBUG 22512 --- [api-gateway] [freshExecutor-0] o.s.c.g.r.RouteDefinitionRouteLocator    : RouteDefinition matched: application-service
2026-04-24T00:46:31.732+07:00 DEBUG 22512 --- [api-gateway] [freshExecutor-0] o.s.c.g.r.RouteDefinitionRouteLocator    : RouteDefinition company-service applying {_genkey_0=/api/v1/company/**} to Path
2026-04-24T00:46:31.734+07:00 DEBUG 22512 --- [api-gateway] [freshExecutor-0] o.s.c.g.r.RouteDefinitionRouteLocator    : RouteDefinition matched: company-service
2026-04-24T00:46:31.734+07:00 DEBUG 22512 --- [api-gateway] [freshExecutor-0] o.s.c.g.r.RouteDefinitionRouteLocator    : RouteDefinition notification-service applying {_genkey_0=/api/v1/notifications/**} to Path
2026-04-24T00:46:31.736+07:00 DEBUG 22512 --- [api-gateway] [freshExecutor-0] o.s.c.g.r.RouteDefinitionRouteLocator    : RouteDefinition matched: notification-service
2026-04-24T00:46:31.736+07:00 DEBUG 22512 --- [api-gateway] [freshExecutor-0] o.s.c.g.r.RouteDefinitionRouteLocator    : RouteDefinition payment-service applying {_genkey_0=/api/v1/package/**} to Path
2026-04-24T00:46:31.737+07:00 DEBUG 22512 --- [api-gateway] [freshExecutor-0] o.s.c.g.r.RouteDefinitionRouteLocator    : RouteDefinition matched: payment-service
2026-04-24T00:46:31.738+07:00 DEBUG 22512 --- [api-gateway] [freshExecutor-0] o.s.c.g.r.RouteDefinitionRouteLocator    : RouteDefinition cv-service applying {_genkey_0=/api/v1/cvs/**} to Path
2026-04-24T00:46:31.738+07:00 DEBUG 22512 --- [api-gateway] [freshExecutor-0] o.s.c.g.r.RouteDefinitionRouteLocator    : RouteDefinition matched: cv-service
2026-04-24T00:47:01.746+07:00 DEBUG 22512 --- [api-gateway] [freshExecutor-0] o.s.c.g.r.RouteDefinitionRouteLocator    : RouteDefinition job-service applying {_genkey_0=/api/v1/job/**} to Path
2026-04-24T00:47:01.755+07:00 DEBUG 22512 --- [api-gateway] [freshExecutor-0] o.s.c.g.r.RouteDefinitionRouteLocator    : RouteDefinition matched: job-service
2026-04-24T00:47:01.755+07:00 DEBUG 22512 --- [api-gateway] [freshExecutor-0] o.s.c.g.r.RouteDefinitionRouteLocator    : RouteDefinition user-service applying {_genkey_0=/api/v1/user/**} to Path
2026-04-24T00:47:01.757+07:00 DEBUG 22512 --- [api-gateway] [freshExecutor-0] o.s.c.g.r.RouteDefinitionRouteLocator    : RouteDefinition matched: user-service
2026-04-24T00:47:01.757+07:00 DEBUG 22512 --- [api-gateway] [freshExecutor-0] o.s.c.g.r.RouteDefinitionRouteLocator    : RouteDefinition application-service applying {_genkey_0=/api/v1/apply/**} to Path
2026-04-24T00:47:01.757+07:00 DEBUG 22512 --- [api-gateway] [freshExecutor-0] o.s.c.g.r.RouteDefinitionRouteLocator    : RouteDefinition matched: application-service
2026-04-24T00:47:01.757+07:00 DEBUG 22512 --- [api-gateway] [freshExecutor-0] o.s.c.g.r.RouteDefinitionRouteLocator    : RouteDefinition company-service applying {_genkey_0=/api/v1/company/**} to Path
2026-04-24T00:47:01.759+07:00 DEBUG 22512 --- [api-gateway] [freshExecutor-0] o.s.c.g.r.RouteDefinitionRouteLocator    : RouteDefinition matched: company-service
2026-04-24T00:47:01.759+07:00 DEBUG 22512 --- [api-gateway] [freshExecutor-0] o.s.c.g.r.RouteDefinitionRouteLocator    : RouteDefinition notification-service applying {_genkey_0=/api/v1/notifications/**} to Path
2026-04-24T00:47:01.759+07:00 DEBUG 22512 --- [api-gateway] [freshExecutor-0] o.s.c.g.r.RouteDefinitionRouteLocator    : RouteDefinition matched: notification-service
2026-04-24T00:47:01.759+07:00 DEBUG 22512 --- [api-gateway] [freshExecutor-0] o.s.c.g.r.RouteDefinitionRouteLocator    : RouteDefinition payment-service applying {_genkey_0=/api/v1/package/**} to Path
2026-04-24T00:47:01.761+07:00 DEBUG 22512 --- [api-gateway] [freshExecutor-0] o.s.c.g.r.RouteDefinitionRouteLocator    : RouteDefinition matched: payment-service
2026-04-24T00:47:01.761+07:00 DEBUG 22512 --- [api-gateway] [freshExecutor-0] o.s.c.g.r.RouteDefinitionRouteLocator    : RouteDefinition cv-service applying {_genkey_0=/api/v1/cvs/**} to Path
2026-04-24T00:47:01.761+07:00 DEBUG 22512 --- [api-gateway] [freshExecutor-0] o.s.c.g.r.RouteDefinitionRouteLocator    : RouteDefinition matched: cv-service
2026-04-24T00:47:26.856+07:00  INFO 22512 --- [api-gateway] [trap-executor-0] c.n.d.s.r.aws.ConfigClusterResolver      : Resolving eureka endpoints via configuration
2026-04-24T00:47:31.776+07:00 DEBUG 22512 --- [api-gateway] [freshExecutor-0] o.s.c.g.r.RouteDefinitionRouteLocator    : RouteDefinition job-service applying {_genkey_0=/api/v1/job/**} to Path
2026-04-24T00:47:31.784+07:00 DEBUG 22512 --- [api-gateway] [freshExecutor-0] o.s.c.g.r.RouteDefinitionRouteLocator    : RouteDefinition matched: job-service
2026-04-24T00:47:31.784+07:00 DEBUG 22512 --- [api-gateway] [freshExecutor-0] o.s.c.g.r.RouteDefinitionRouteLocator    : RouteDefinition user-service applying {_genkey_0=/api/v1/user/**} to Path
2026-04-24T00:47:31.785+07:00 DEBUG 22512 --- [api-gateway] [freshExecutor-0] o.s.c.g.r.RouteDefinitionRouteLocator    : RouteDefinition matched: user-service
2026-04-24T00:47:31.786+07:00 DEBUG 22512 --- [api-gateway] [freshExecutor-0] o.s.c.g.r.RouteDefinitionRouteLocator    : RouteDefinition application-service applying {_genkey_0=/api/v1/apply/**} to Path
2026-04-24T00:47:31.786+07:00 DEBUG 22512 --- [api-gateway] [freshExecutor-0] o.s.c.g.r.RouteDefinitionRouteLocator    : RouteDefinition matched: application-service
2026-04-24T00:47:31.788+07:00 DEBUG 22512 --- [api-gateway] [freshExecutor-0] o.s.c.g.r.RouteDefinitionRouteLocator    : RouteDefinition company-service applying {_genkey_0=/api/v1/company/**} to Path
2026-04-24T00:47:31.789+07:00 DEBUG 22512 --- [api-gateway] [freshExecutor-0] o.s.c.g.r.RouteDefinitionRouteLocator    : RouteDefinition matched: company-service
2026-04-24T00:47:31.789+07:00 DEBUG 22512 --- [api-gateway] [freshExecutor-0] o.s.c.g.r.RouteDefinitionRouteLocator    : RouteDefinition notification-service applying {_genkey_0=/api/v1/notifications/**} to Path
2026-04-24T00:47:31.789+07:00 DEBUG 22512 --- [api-gateway] [freshExecutor-0] o.s.c.g.r.RouteDefinitionRouteLocator    : RouteDefinition matched: notification-service
2026-04-24T00:47:31.790+07:00 DEBUG 22512 --- [api-gateway] [freshExecutor-0] o.s.c.g.r.RouteDefinitionRouteLocator    : RouteDefinition payment-service applying {_genkey_0=/api/v1/package/**} to Path
2026-04-24T00:47:31.790+07:00 DEBUG 22512 --- [api-gateway] [freshExecutor-0] o.s.c.g.r.RouteDefinitionRouteLocator    : RouteDefinition matched: payment-service
2026-04-24T00:47:31.792+07:00 DEBUG 22512 --- [api-gateway] [freshExecutor-0] o.s.c.g.r.RouteDefinitionRouteLocator    : RouteDefinition cv-service applying {_genkey_0=/api/v1/cvs/**} to Path
2026-04-24T00:47:31.793+07:00 DEBUG 22512 --- [api-gateway] [freshExecutor-0] o.s.c.g.r.RouteDefinitionRouteLocator    : RouteDefinition matched: cv-service
2026-04-24T00:48:01.809+07:00 DEBUG 22512 --- [api-gateway] [freshExecutor-0] o.s.c.g.r.RouteDefinitionRouteLocator    : RouteDefinition job-service applying {_genkey_0=/api/v1/job/**} to Path
2026-04-24T00:48:01.816+07:00 DEBUG 22512 --- [api-gateway] [freshExecutor-0] o.s.c.g.r.RouteDefinitionRouteLocator    : RouteDefinition matched: job-service
2026-04-24T00:48:01.818+07:00 DEBUG 22512 --- [api-gateway] [freshExecutor-0] o.s.c.g.r.RouteDefinitionRouteLocator    : RouteDefinition user-service applying {_genkey_0=/api/v1/user/**} to Path
2026-04-24T00:48:01.819+07:00 DEBUG 22512 --- [api-gateway] [freshExecutor-0] o.s.c.g.r.RouteDefinitionRouteLocator    : RouteDefinition matched: user-service
2026-04-24T00:48:01.819+07:00 DEBUG 22512 --- [api-gateway] [freshExecutor-0] o.s.c.g.r.RouteDefinitionRouteLocator    : RouteDefinition application-service applying {_genkey_0=/api/v1/apply/**} to Path
2026-04-24T00:48:01.820+07:00 DEBUG 22512 --- [api-gateway] [freshExecutor-0] o.s.c.g.r.RouteDefinitionRouteLocator    : RouteDefinition matched: application-service
2026-04-24T00:48:01.820+07:00 DEBUG 22512 --- [api-gateway] [freshExecutor-0] o.s.c.g.r.RouteDefinitionRouteLocator    : RouteDefinition company-service applying {_genkey_0=/api/v1/company/**} to Path
2026-04-24T00:48:01.821+07:00 DEBUG 22512 --- [api-gateway] [freshExecutor-0] o.s.c.g.r.RouteDefinitionRouteLocator    : RouteDefinition matched: company-service
2026-04-24T00:48:01.823+07:00 DEBUG 22512 --- [api-gateway] [freshExecutor-0] o.s.c.g.r.RouteDefinitionRouteLocator    : RouteDefinition notification-service applying {_genkey_0=/api/v1/notifications/**} to Path
2026-04-24T00:48:01.826+07:00 DEBUG 22512 --- [api-gateway] [freshExecutor-0] o.s.c.g.r.RouteDefinitionRouteLocator    : RouteDefinition matched: notification-service
2026-04-24T00:48:01.826+07:00 DEBUG 22512 --- [api-gateway] [freshExecutor-0] o.s.c.g.r.RouteDefinitionRouteLocator    : RouteDefinition payment-service applying {_genkey_0=/api/v1/package/**} to Path
2026-04-24T00:48:01.827+07:00 DEBUG 22512 --- [api-gateway] [freshExecutor-0] o.s.c.g.r.RouteDefinitionRouteLocator    : RouteDefinition matched: payment-service
2026-04-24T00:48:01.828+07:00 DEBUG 22512 --- [api-gateway] [freshExecutor-0] o.s.c.g.r.RouteDefinitionRouteLocator    : RouteDefinition cv-service applying {_genkey_0=/api/v1/cvs/**} to Path
2026-04-24T00:48:01.829+07:00 DEBUG 22512 --- [api-gateway] [freshExecutor-0] o.s.c.g.r.RouteDefinitionRouteLocator    : RouteDefinition matched: cv-service
2026-04-24T00:48:31.835+07:00 DEBUG 22512 --- [api-gateway] [freshExecutor-0] o.s.c.g.r.RouteDefinitionRouteLocator    : RouteDefinition job-service applying {_genkey_0=/api/v1/job/**} to Path
2026-04-24T00:48:31.844+07:00 DEBUG 22512 --- [api-gateway] [freshExecutor-0] o.s.c.g.r.RouteDefinitionRouteLocator    : RouteDefinition matched: job-service
2026-04-24T00:48:31.844+07:00 DEBUG 22512 --- [api-gateway] [freshExecutor-0] o.s.c.g.r.RouteDefinitionRouteLocator    : RouteDefinition user-service applying {_genkey_0=/api/v1/user/**} to Path
2026-04-24T00:48:31.846+07:00 DEBUG 22512 --- [api-gateway] [freshExecutor-0] o.s.c.g.r.RouteDefinitionRouteLocator    : RouteDefinition matched: user-service
2026-04-24T00:48:31.846+07:00 DEBUG 22512 --- [api-gateway] [freshExecutor-0] o.s.c.g.r.RouteDefinitionRouteLocator    : RouteDefinition application-service applying {_genkey_0=/api/v1/apply/**} to Path
2026-04-24T00:48:31.846+07:00 DEBUG 22512 --- [api-gateway] [freshExecutor-0] o.s.c.g.r.RouteDefinitionRouteLocator    : RouteDefinition matched: application-service
2026-04-24T00:48:31.847+07:00 DEBUG 22512 --- [api-gateway] [freshExecutor-0] o.s.c.g.r.RouteDefinitionRouteLocator    : RouteDefinition company-service applying {_genkey_0=/api/v1/company/**} to Path
2026-04-24T00:48:31.847+07:00 DEBUG 22512 --- [api-gateway] [freshExecutor-0] o.s.c.g.r.RouteDefinitionRouteLocator    : RouteDefinition matched: company-service
2026-04-24T00:48:31.847+07:00 DEBUG 22512 --- [api-gateway] [freshExecutor-0] o.s.c.g.r.RouteDefinitionRouteLocator    : RouteDefinition notification-service applying {_genkey_0=/api/v1/notifications/**} to Path
2026-04-24T00:48:31.847+07:00 DEBUG 22512 --- [api-gateway] [freshExecutor-0] o.s.c.g.r.RouteDefinitionRouteLocator    : RouteDefinition matched: notification-service
2026-04-24T00:48:31.849+07:00 DEBUG 22512 --- [api-gateway] [freshExecutor-0] o.s.c.g.r.RouteDefinitionRouteLocator    : RouteDefinition payment-service applying {_genkey_0=/api/v1/package/**} to Path
2026-04-24T00:48:31.849+07:00 DEBUG 22512 --- [api-gateway] [freshExecutor-0] o.s.c.g.r.RouteDefinitionRouteLocator    : RouteDefinition matched: payment-service
2026-04-24T00:48:31.849+07:00 DEBUG 22512 --- [api-gateway] [freshExecutor-0] o.s.c.g.r.RouteDefinitionRouteLocator    : RouteDefinition cv-service applying {_genkey_0=/api/v1/cvs/**} to Path
2026-04-24T00:48:31.851+07:00 DEBUG 22512 --- [api-gateway] [freshExecutor-0] o.s.c.g.r.RouteDefinitionRouteLocator    : RouteDefinition matched: cv-service
2026-04-24T00:49:01.869+07:00 DEBUG 22512 --- [api-gateway] [freshExecutor-0] o.s.c.g.r.RouteDefinitionRouteLocator    : RouteDefinition job-service applying {_genkey_0=/api/v1/job/**} to Path
2026-04-24T00:49:01.877+07:00 DEBUG 22512 --- [api-gateway] [freshExecutor-0] o.s.c.g.r.RouteDefinitionRouteLocator    : RouteDefinition matched: job-service
2026-04-24T00:49:01.877+07:00 DEBUG 22512 --- [api-gateway] [freshExecutor-0] o.s.c.g.r.RouteDefinitionRouteLocator    : RouteDefinition user-service applying {_genkey_0=/api/v1/user/**} to Path
2026-04-24T00:49:01.877+07:00 DEBUG 22512 --- [api-gateway] [freshExecutor-0] o.s.c.g.r.RouteDefinitionRouteLocator    : RouteDefinition matched: user-service
2026-04-24T00:49:01.877+07:00 DEBUG 22512 --- [api-gateway] [freshExecutor-0] o.s.c.g.r.RouteDefinitionRouteLocator    : RouteDefinition application-service applying {_genkey_0=/api/v1/apply/**} to Path
2026-04-24T00:49:01.880+07:00 DEBUG 22512 --- [api-gateway] [freshExecutor-0] o.s.c.g.r.RouteDefinitionRouteLocator    : RouteDefinition matched: application-service
2026-04-24T00:49:01.880+07:00 DEBUG 22512 --- [api-gateway] [freshExecutor-0] o.s.c.g.r.RouteDefinitionRouteLocator    : RouteDefinition company-service applying {_genkey_0=/api/v1/company/**} to Path
2026-04-24T00:49:01.880+07:00 DEBUG 22512 --- [api-gateway] [freshExecutor-0] o.s.c.g.r.RouteDefinitionRouteLocator    : RouteDefinition matched: company-service
2026-04-24T00:49:01.880+07:00 DEBUG 22512 --- [api-gateway] [freshExecutor-0] o.s.c.g.r.RouteDefinitionRouteLocator    : RouteDefinition notification-service applying {_genkey_0=/api/v1/notifications/**} to Path
2026-04-24T00:49:01.882+07:00 DEBUG 22512 --- [api-gateway] [freshExecutor-0] o.s.c.g.r.RouteDefinitionRouteLocator    : RouteDefinition matched: notification-service
2026-04-24T00:49:01.882+07:00 DEBUG 22512 --- [api-gateway] [freshExecutor-0] o.s.c.g.r.RouteDefinitionRouteLocator    : RouteDefinition payment-service applying {_genkey_0=/api/v1/package/**} to Path
2026-04-24T00:49:01.882+07:00 DEBUG 22512 --- [api-gateway] [freshExecutor-0] o.s.c.g.r.RouteDefinitionRouteLocator    : RouteDefinition matched: payment-service
2026-04-24T00:49:01.882+07:00 DEBUG 22512 --- [api-gateway] [freshExecutor-0] o.s.c.g.r.RouteDefinitionRouteLocator    : RouteDefinition cv-service applying {_genkey_0=/api/v1/cvs/**} to Path
2026-04-24T00:49:01.882+07:00 DEBUG 22512 --- [api-gateway] [freshExecutor-0] o.s.c.g.r.RouteDefinitionRouteLocator    : RouteDefinition matched: cv-service
2026-04-24T00:49:31.899+07:00 DEBUG 22512 --- [api-gateway] [freshExecutor-0] o.s.c.g.r.RouteDefinitionRouteLocator    : RouteDefinition job-service applying {_genkey_0=/api/v1/job/**} to Path
2026-04-24T00:49:31.909+07:00 DEBUG 22512 --- [api-gateway] [freshExecutor-0] o.s.c.g.r.RouteDefinitionRouteLocator    : RouteDefinition matched: job-service
2026-04-24T00:49:31.909+07:00 DEBUG 22512 --- [api-gateway] [freshExecutor-0] o.s.c.g.r.RouteDefinitionRouteLocator    : RouteDefinition user-service applying {_genkey_0=/api/v1/user/**} to Path
2026-04-24T00:49:31.909+07:00 DEBUG 22512 --- [api-gateway] [freshExecutor-0] o.s.c.g.r.RouteDefinitionRouteLocator    : RouteDefinition matched: user-service
2026-04-24T00:49:31.909+07:00 DEBUG 22512 --- [api-gateway] [freshExecutor-0] o.s.c.g.r.RouteDefinitionRouteLocator    : RouteDefinition application-service applying {_genkey_0=/api/v1/apply/**} to Path
2026-04-24T00:49:31.912+07:00 DEBUG 22512 --- [api-gateway] [freshExecutor-0] o.s.c.g.r.RouteDefinitionRouteLocator    : RouteDefinition matched: application-service
2026-04-24T00:49:31.912+07:00 DEBUG 22512 --- [api-gateway] [freshExecutor-0] o.s.c.g.r.RouteDefinitionRouteLocator    : RouteDefinition company-service applying {_genkey_0=/api/v1/company/**} to Path
2026-04-24T00:49:31.912+07:00 DEBUG 22512 --- [api-gateway] [freshExecutor-0] o.s.c.g.r.RouteDefinitionRouteLocator    : RouteDefinition matched: company-service
2026-04-24T00:49:31.912+07:00 DEBUG 22512 --- [api-gateway] [freshExecutor-0] o.s.c.g.r.RouteDefinitionRouteLocator    : RouteDefinition notification-service applying {_genkey_0=/api/v1/notifications/**} to Path
2026-04-24T00:49:31.914+07:00 DEBUG 22512 --- [api-gateway] [freshExecutor-0] o.s.c.g.r.RouteDefinitionRouteLocator    : RouteDefinition matched: notification-service
2026-04-24T00:49:31.914+07:00 DEBUG 22512 --- [api-gateway] [freshExecutor-0] o.s.c.g.r.RouteDefinitionRouteLocator    : RouteDefinition payment-service applying {_genkey_0=/api/v1/package/**} to Path
2026-04-24T00:49:31.915+07:00 DEBUG 22512 --- [api-gateway] [freshExecutor-0] o.s.c.g.r.RouteDefinitionRouteLocator    : RouteDefinition matched: payment-service
2026-04-24T00:49:31.916+07:00 DEBUG 22512 --- [api-gateway] [freshExecutor-0] o.s.c.g.r.RouteDefinitionRouteLocator    : RouteDefinition cv-service applying {_genkey_0=/api/v1/cvs/**} to Path
2026-04-24T00:49:31.916+07:00 DEBUG 22512 --- [api-gateway] [freshExecutor-0] o.s.c.g.r.RouteDefinitionRouteLocator    : RouteDefinition matched: cv-service
2026-04-24T00:50:01.925+07:00 DEBUG 22512 --- [api-gateway] [freshExecutor-0] o.s.c.g.r.RouteDefinitionRouteLocator    : RouteDefinition job-service applying {_genkey_0=/api/v1/job/**} to Path
2026-04-24T00:50:01.935+07:00 DEBUG 22512 --- [api-gateway] [freshExecutor-0] o.s.c.g.r.RouteDefinitionRouteLocator    : RouteDefinition matched: job-service
2026-04-24T00:50:01.935+07:00 DEBUG 22512 --- [api-gateway] [freshExecutor-0] o.s.c.g.r.RouteDefinitionRouteLocator    : RouteDefinition user-service applying {_genkey_0=/api/v1/user/**} to Path
2026-04-24T00:50:01.937+07:00 DEBUG 22512 --- [api-gateway] [freshExecutor-0] o.s.c.g.r.RouteDefinitionRouteLocator    : RouteDefinition matched: user-service
2026-04-24T00:50:01.937+07:00 DEBUG 22512 --- [api-gateway] [freshExecutor-0] o.s.c.g.r.RouteDefinitionRouteLocator    : RouteDefinition application-service applying {_genkey_0=/api/v1/apply/**} to Path
2026-04-24T00:50:01.937+07:00 DEBUG 22512 --- [api-gateway] [freshExecutor-0] o.s.c.g.r.RouteDefinitionRouteLocator    : RouteDefinition matched: application-service
2026-04-24T00:50:01.937+07:00 DEBUG 22512 --- [api-gateway] [freshExecutor-0] o.s.c.g.r.RouteDefinitionRouteLocator    : RouteDefinition company-service applying {_genkey_0=/api/v1/company/**} to Path
2026-04-24T00:50:01.937+07:00 DEBUG 22512 --- [api-gateway] [freshExecutor-0] o.s.c.g.r.RouteDefinitionRouteLocator    : RouteDefinition matched: company-service
2026-04-24T00:50:01.937+07:00 DEBUG 22512 --- [api-gateway] [freshExecutor-0] o.s.c.g.r.RouteDefinitionRouteLocator    : RouteDefinition notification-service applying {_genkey_0=/api/v1/notifications/**} to Path
2026-04-24T00:50:01.940+07:00 DEBUG 22512 --- [api-gateway] [freshExecutor-0] o.s.c.g.r.RouteDefinitionRouteLocator    : RouteDefinition matched: notification-service
2026-04-24T00:50:01.940+07:00 DEBUG 22512 --- [api-gateway] [freshExecutor-0] o.s.c.g.r.RouteDefinitionRouteLocator    : RouteDefinition payment-service applying {_genkey_0=/api/v1/package/**} to Path
2026-04-24T00:50:01.940+07:00 DEBUG 22512 --- [api-gateway] [freshExecutor-0] o.s.c.g.r.RouteDefinitionRouteLocator    : RouteDefinition matched: payment-service
2026-04-24T00:50:01.940+07:00 DEBUG 22512 --- [api-gateway] [freshExecutor-0] o.s.c.g.r.RouteDefinitionRouteLocator    : RouteDefinition cv-service applying {_genkey_0=/api/v1/cvs/**} to Path
2026-04-24T00:50:01.942+07:00 DEBUG 22512 --- [api-gateway] [freshExecutor-0] o.s.c.g.r.RouteDefinitionRouteLocator    : RouteDefinition matched: cv-service
2026-04-24T00:50:31.959+07:00 DEBUG 22512 --- [api-gateway] [freshExecutor-0] o.s.c.g.r.RouteDefinitionRouteLocator    : RouteDefinition job-service applying {_genkey_0=/api/v1/job/**} to Path
2026-04-24T00:50:31.961+07:00 DEBUG 22512 --- [api-gateway] [freshExecutor-0] o.s.c.g.r.RouteDefinitionRouteLocator    : RouteDefinition matched: job-service
2026-04-24T00:50:31.961+07:00 DEBUG 22512 --- [api-gateway] [freshExecutor-0] o.s.c.g.r.RouteDefinitionRouteLocator    : RouteDefinition user-service applying {_genkey_0=/api/v1/user/**} to Path
2026-04-24T00:50:31.963+07:00 DEBUG 22512 --- [api-gateway] [freshExecutor-0] o.s.c.g.r.RouteDefinitionRouteLocator    : RouteDefinition matched: user-service
2026-04-24T00:50:31.963+07:00 DEBUG 22512 --- [api-gateway] [freshExecutor-0] o.s.c.g.r.RouteDefinitionRouteLocator    : RouteDefinition application-service applying {_genkey_0=/api/v1/apply/**} to Path
2026-04-24T00:50:31.965+07:00 DEBUG 22512 --- [api-gateway] [freshExecutor-0] o.s.c.g.r.RouteDefinitionRouteLocator    : RouteDefinition matched: application-service
2026-04-24T00:50:31.966+07:00 DEBUG 22512 --- [api-gateway] [freshExecutor-0] o.s.c.g.r.RouteDefinitionRouteLocator    : RouteDefinition company-service applying {_genkey_0=/api/v1/company/**} to Path
2026-04-24T00:50:31.967+07:00 DEBUG 22512 --- [api-gateway] [freshExecutor-0] o.s.c.g.r.RouteDefinitionRouteLocator    : RouteDefinition matched: company-service
2026-04-24T00:50:31.968+07:00 DEBUG 22512 --- [api-gateway] [freshExecutor-0] o.s.c.g.r.RouteDefinitionRouteLocator    : RouteDefinition notification-service applying {_genkey_0=/api/v1/notifications/**} to Path
2026-04-24T00:50:31.969+07:00 DEBUG 22512 --- [api-gateway] [freshExecutor-0] o.s.c.g.r.RouteDefinitionRouteLocator    : RouteDefinition matched: notification-service
2026-04-24T00:50:31.969+07:00 DEBUG 22512 --- [api-gateway] [freshExecutor-0] o.s.c.g.r.RouteDefinitionRouteLocator    : RouteDefinition payment-service applying {_genkey_0=/api/v1/package/**} to Path
2026-04-24T00:50:31.970+07:00 DEBUG 22512 --- [api-gateway] [freshExecutor-0] o.s.c.g.r.RouteDefinitionRouteLocator    : RouteDefinition matched: payment-service
2026-04-24T00:50:31.971+07:00 DEBUG 22512 --- [api-gateway] [freshExecutor-0] o.s.c.g.r.RouteDefinitionRouteLocator    : RouteDefinition cv-service applying {_genkey_0=/api/v1/cvs/**} to Path
2026-04-24T00:50:31.972+07:00 DEBUG 22512 --- [api-gateway] [freshExecutor-0] o.s.c.g.r.RouteDefinitionRouteLocator    : RouteDefinition matched: cv-service
2026-04-24T00:51:01.977+07:00 DEBUG 22512 --- [api-gateway] [freshExecutor-0] o.s.c.g.r.RouteDefinitionRouteLocator    : RouteDefinition job-service applying {_genkey_0=/api/v1/job/**} to Path
2026-04-24T00:51:01.982+07:00 DEBUG 22512 --- [api-gateway] [freshExecutor-0] o.s.c.g.r.RouteDefinitionRouteLocator    : RouteDefinition matched: job-service
2026-04-24T00:51:01.982+07:00 DEBUG 22512 --- [api-gateway] [freshExecutor-0] o.s.c.g.r.RouteDefinitionRouteLocator    : RouteDefinition user-service applying {_genkey_0=/api/v1/user/**} to Path
2026-04-24T00:51:01.982+07:00 DEBUG 22512 --- [api-gateway] [freshExecutor-0] o.s.c.g.r.RouteDefinitionRouteLocator    : RouteDefinition matched: user-service
2026-04-24T00:51:01.982+07:00 DEBUG 22512 --- [api-gateway] [freshExecutor-0] o.s.c.g.r.RouteDefinitionRouteLocator    : RouteDefinition application-service applying {_genkey_0=/api/v1/apply/**} to Path
2026-04-24T00:51:01.987+07:00 DEBUG 22512 --- [api-gateway] [freshExecutor-0] o.s.c.g.r.RouteDefinitionRouteLocator    : RouteDefinition matched: application-service
2026-04-24T00:51:01.987+07:00 DEBUG 22512 --- [api-gateway] [freshExecutor-0] o.s.c.g.r.RouteDefinitionRouteLocator    : RouteDefinition company-service applying {_genkey_0=/api/v1/company/**} to Path
2026-04-24T00:51:01.987+07:00 DEBUG 22512 --- [api-gateway] [freshExecutor-0] o.s.c.g.r.RouteDefinitionRouteLocator    : RouteDefinition matched: company-service
2026-04-24T00:51:01.987+07:00 DEBUG 22512 --- [api-gateway] [freshExecutor-0] o.s.c.g.r.RouteDefinitionRouteLocator    : RouteDefinition notification-service applying {_genkey_0=/api/v1/notifications/**} to Path
2026-04-24T00:51:01.987+07:00 DEBUG 22512 --- [api-gateway] [freshExecutor-0] o.s.c.g.r.RouteDefinitionRouteLocator    : RouteDefinition matched: notification-service
2026-04-24T00:51:01.987+07:00 DEBUG 22512 --- [api-gateway] [freshExecutor-0] o.s.c.g.r.RouteDefinitionRouteLocator    : RouteDefinition payment-service applying {_genkey_0=/api/v1/package/**} to Path
2026-04-24T00:51:01.990+07:00 DEBUG 22512 --- [api-gateway] [freshExecutor-0] o.s.c.g.r.RouteDefinitionRouteLocator    : RouteDefinition matched: payment-service
2026-04-24T00:51:01.992+07:00 DEBUG 22512 --- [api-gateway] [freshExecutor-0] o.s.c.g.r.RouteDefinitionRouteLocator    : RouteDefinition cv-service applying {_genkey_0=/api/v1/cvs/**} to Path
2026-04-24T00:51:01.993+07:00 DEBUG 22512 --- [api-gateway] [freshExecutor-0] o.s.c.g.r.RouteDefinitionRouteLocator    : RouteDefinition matched: cv-service
2026-04-24T00:51:32.007+07:00 DEBUG 22512 --- [api-gateway] [freshExecutor-0] o.s.c.g.r.RouteDefinitionRouteLocator    : RouteDefinition job-service applying {_genkey_0=/api/v1/job/**} to Path
2026-04-24T00:51:32.015+07:00 DEBUG 22512 --- [api-gateway] [freshExecutor-0] o.s.c.g.r.RouteDefinitionRouteLocator    : RouteDefinition matched: job-service
2026-04-24T00:51:32.015+07:00 DEBUG 22512 --- [api-gateway] [freshExecutor-0] o.s.c.g.r.RouteDefinitionRouteLocator    : RouteDefinition user-service applying {_genkey_0=/api/v1/user/**} to Path
2026-04-24T00:51:32.015+07:00 DEBUG 22512 --- [api-gateway] [freshExecutor-0] o.s.c.g.r.RouteDefinitionRouteLocator    : RouteDefinition matched: user-service
2026-04-24T00:51:32.018+07:00 DEBUG 22512 --- [api-gateway] [freshExecutor-0] o.s.c.g.r.RouteDefinitionRouteLocator    : RouteDefinition application-service applying {_genkey_0=/api/v1/apply/**} to Path
2026-04-24T00:51:32.018+07:00 DEBUG 22512 --- [api-gateway] [freshExecutor-0] o.s.c.g.r.RouteDefinitionRouteLocator    : RouteDefinition matched: application-service
2026-04-24T00:51:32.018+07:00 DEBUG 22512 --- [api-gateway] [freshExecutor-0] o.s.c.g.r.RouteDefinitionRouteLocator    : RouteDefinition company-service applying {_genkey_0=/api/v1/company/**} to Path
2026-04-24T00:51:32.019+07:00 DEBUG 22512 --- [api-gateway] [freshExecutor-0] o.s.c.g.r.RouteDefinitionRouteLocator    : RouteDefinition matched: company-service
2026-04-24T00:51:32.019+07:00 DEBUG 22512 --- [api-gateway] [freshExecutor-0] o.s.c.g.r.RouteDefinitionRouteLocator    : RouteDefinition notification-service applying {_genkey_0=/api/v1/notifications/**} to Path
2026-04-24T00:51:32.020+07:00 DEBUG 22512 --- [api-gateway] [freshExecutor-0] o.s.c.g.r.RouteDefinitionRouteLocator    : RouteDefinition matched: notification-service
2026-04-24T00:51:32.021+07:00 DEBUG 22512 --- [api-gateway] [freshExecutor-0] o.s.c.g.r.RouteDefinitionRouteLocator    : RouteDefinition payment-service applying {_genkey_0=/api/v1/package/**} to Path
2026-04-24T00:51:32.022+07:00 DEBUG 22512 --- [api-gateway] [freshExecutor-0] o.s.c.g.r.RouteDefinitionRouteLocator    : RouteDefinition matched: payment-service
2026-04-24T00:51:32.022+07:00 DEBUG 22512 --- [api-gateway] [freshExecutor-0] o.s.c.g.r.RouteDefinitionRouteLocator    : RouteDefinition cv-service applying {_genkey_0=/api/v1/cvs/**} to Path
2026-04-24T00:51:32.022+07:00 DEBUG 22512 --- [api-gateway] [freshExecutor-0] o.s.c.g.r.RouteDefinitionRouteLocator    : RouteDefinition matched: cv-service
2026-04-24T00:52:02.038+07:00 DEBUG 22512 --- [api-gateway] [freshExecutor-0] o.s.c.g.r.RouteDefinitionRouteLocator    : RouteDefinition job-service applying {_genkey_0=/api/v1/job/**} to Path
2026-04-24T00:52:02.046+07:00 DEBUG 22512 --- [api-gateway] [freshExecutor-0] o.s.c.g.r.RouteDefinitionRouteLocator    : RouteDefinition matched: job-service
2026-04-24T00:52:02.046+07:00 DEBUG 22512 --- [api-gateway] [freshExecutor-0] o.s.c.g.r.RouteDefinitionRouteLocator    : RouteDefinition user-service applying {_genkey_0=/api/v1/user/**} to Path
2026-04-24T00:52:02.046+07:00 DEBUG 22512 --- [api-gateway] [freshExecutor-0] o.s.c.g.r.RouteDefinitionRouteLocator    : RouteDefinition matched: user-service
2026-04-24T00:52:02.046+07:00 DEBUG 22512 --- [api-gateway] [freshExecutor-0] o.s.c.g.r.RouteDefinitionRouteLocator    : RouteDefinition application-service applying {_genkey_0=/api/v1/apply/**} to Path
2026-04-24T00:52:02.046+07:00 DEBUG 22512 --- [api-gateway] [freshExecutor-0] o.s.c.g.r.RouteDefinitionRouteLocator    : RouteDefinition matched: application-service
2026-04-24T00:52:02.046+07:00 DEBUG 22512 --- [api-gateway] [freshExecutor-0] o.s.c.g.r.RouteDefinitionRouteLocator    : RouteDefinition company-service applying {_genkey_0=/api/v1/company/**} to Path
2026-04-24T00:52:02.049+07:00 DEBUG 22512 --- [api-gateway] [freshExecutor-0] o.s.c.g.r.RouteDefinitionRouteLocator    : RouteDefinition matched: company-service
2026-04-24T00:52:02.049+07:00 DEBUG 22512 --- [api-gateway] [freshExecutor-0] o.s.c.g.r.RouteDefinitionRouteLocator    : RouteDefinition notification-service applying {_genkey_0=/api/v1/notifications/**} to Path
2026-04-24T00:52:02.050+07:00 DEBUG 22512 --- [api-gateway] [freshExecutor-0] o.s.c.g.r.RouteDefinitionRouteLocator    : RouteDefinition matched: notification-service
2026-04-24T00:52:02.050+07:00 DEBUG 22512 --- [api-gateway] [freshExecutor-0] o.s.c.g.r.RouteDefinitionRouteLocator    : RouteDefinition payment-service applying {_genkey_0=/api/v1/package/**} to Path
2026-04-24T00:52:02.051+07:00 DEBUG 22512 --- [api-gateway] [freshExecutor-0] o.s.c.g.r.RouteDefinitionRouteLocator    : RouteDefinition matched: payment-service
2026-04-24T00:52:02.051+07:00 DEBUG 22512 --- [api-gateway] [freshExecutor-0] o.s.c.g.r.RouteDefinitionRouteLocator    : RouteDefinition cv-service applying {_genkey_0=/api/v1/cvs/**} to Path
2026-04-24T00:52:02.051+07:00 DEBUG 22512 --- [api-gateway] [freshExecutor-0] o.s.c.g.r.RouteDefinitionRouteLocator    : RouteDefinition matched: cv-service
2026-04-24T00:52:26.868+07:00  INFO 22512 --- [api-gateway] [trap-executor-0] c.n.d.s.r.aws.ConfigClusterResolver      : Resolving eureka endpoints via configuration
2026-04-24T00:52:32.064+07:00 DEBUG 22512 --- [api-gateway] [freshExecutor-0] o.s.c.g.r.RouteDefinitionRouteLocator    : RouteDefinition job-service applying {_genkey_0=/api/v1/job/**} to Path
2026-04-24T00:52:32.074+07:00 DEBUG 22512 --- [api-gateway] [freshExecutor-0] o.s.c.g.r.RouteDefinitionRouteLocator    : RouteDefinition matched: job-service
2026-04-24T00:52:32.074+07:00 DEBUG 22512 --- [api-gateway] [freshExecutor-0] o.s.c.g.r.RouteDefinitionRouteLocator    : RouteDefinition user-service applying {_genkey_0=/api/v1/user/**} to Path
2026-04-24T00:52:32.074+07:00 DEBUG 22512 --- [api-gateway] [freshExecutor-0] o.s.c.g.r.RouteDefinitionRouteLocator    : RouteDefinition matched: user-service
2026-04-24T00:52:32.074+07:00 DEBUG 22512 --- [api-gateway] [freshExecutor-0] o.s.c.g.r.RouteDefinitionRouteLocator    : RouteDefinition application-service applying {_genkey_0=/api/v1/apply/**} to Path
2026-04-24T00:52:32.076+07:00 DEBUG 22512 --- [api-gateway] [freshExecutor-0] o.s.c.g.r.RouteDefinitionRouteLocator    : RouteDefinition matched: application-service
2026-04-24T00:52:32.076+07:00 DEBUG 22512 --- [api-gateway] [freshExecutor-0] o.s.c.g.r.RouteDefinitionRouteLocator    : RouteDefinition company-service applying {_genkey_0=/api/v1/company/**} to Path
2026-04-24T00:52:32.077+07:00 DEBUG 22512 --- [api-gateway] [freshExecutor-0] o.s.c.g.r.RouteDefinitionRouteLocator    : RouteDefinition matched: company-service
2026-04-24T00:52:32.078+07:00 DEBUG 22512 --- [api-gateway] [freshExecutor-0] o.s.c.g.r.RouteDefinitionRouteLocator    : RouteDefinition notification-service applying {_genkey_0=/api/v1/notifications/**} to Path
2026-04-24T00:52:32.080+07:00 DEBUG 22512 --- [api-gateway] [freshExecutor-0] o.s.c.g.r.RouteDefinitionRouteLocator    : RouteDefinition matched: notification-service
2026-04-24T00:52:32.080+07:00 DEBUG 22512 --- [api-gateway] [freshExecutor-0] o.s.c.g.r.RouteDefinitionRouteLocator    : RouteDefinition payment-service applying {_genkey_0=/api/v1/package/**} to Path
2026-04-24T00:52:32.083+07:00 DEBUG 22512 --- [api-gateway] [freshExecutor-0] o.s.c.g.r.RouteDefinitionRouteLocator    : RouteDefinition matched: payment-service
2026-04-24T00:52:32.084+07:00 DEBUG 22512 --- [api-gateway] [freshExecutor-0] o.s.c.g.r.RouteDefinitionRouteLocator    : RouteDefinition cv-service applying {_genkey_0=/api/v1/cvs/**} to Path
2026-04-24T00:52:32.084+07:00 DEBUG 22512 --- [api-gateway] [freshExecutor-0] o.s.c.g.r.RouteDefinitionRouteLocator    : RouteDefinition matched: cv-service
